id,source_recipe_code,food_code_org,food_name,amount,unit
0004b9bd-4f40-40df-830e-f47773ba4103,ASC200,UK-11-1045,"Flour, corn",2,tsp
00076f04-7b84-420b-986a-fd3ae4019d96,BFP168,UK-17-640,"Ghee, butter",5,g
0013055a-7882-49d8-9c97-d3f587470453,BFP440,H013,Mustard seeds (Brassica nigra),0.25,tsp
001b4515-026c-4f9e-94e1-7ed7699cf158,ASC253,UK-50-1173,"Tomato sauce, homemade",0.5,tsp
001c57e1-61e6-4e77-b36d-e5888d1fdf12,BFP605,H013,Mustard seeds (Brassica nigra),10,g
00296a55-f0e4-4d7d-9373-475a7d2de2f7,BFP545,F006,"Potato, brown skin, big (Solanum tuberosum)",20,g
0029e11d-6521-4679-984a-273f54e23add,ASC101,G017,"Onion, big (Allium cepa)",25,g
0033c9a3-a8da-4d41-9bc5-667f1b9a300f,ASC149,UK-17-811,"Mint sauce, homemade",2,tbsp
0035f911-2f22-41eb-979b-3f7267320742,BFP350,M001,"Egg, poultry, whole, raw",50,g
0039148e-b036-423b-803d-ed03b2f0660b,ASC044,G014,"Ginger, fresh (Zingiber officinale)",6.33,g
003d0660-9d51-4da0-9085-8681a7484697,ASC230,G021,"Cardamom, black (Elettaria cardamomum)",0.25,tsp
003f9365-5bcc-48b9-a9fa-52e16021579e,OSR088,C015,"Cabbage, green (Brassica oleracea var. capitata f. alba)",150,g
0045f2a1-4acc-423d-8024-be166fb28031,OSR063,UK-17-377,"Water, distilled",3,tbsp
004a4aed-18e5-4d87-8b62-02b1f8b60e5d,OSR082,H013,Mustard seeds (Brassica nigra),1,tbsp
004d9dd8-acc4-47d2-8f6f-8a79c26c7ecc,OSR145,UK-17-045,"Oil, sunflower",3,tsp
0052e827-7668-4c31-8fb2-ffea22c34c5a,BFP004,G022,"Chillies, red (Capsicum annum)",5,g
00589465-c42f-4a03-9acb-358c577639ea,BFP431,UK-17-377,"Water, distilled",30,ml
006532eb-2022-49be-b3e9-eea1f81d05eb,BFP443,UK-17-377,"Water, distilled",2,tsp
006d80ca-0ca6-4f45-bd1d-4af3b4c7992d,BFP320,G031,"Pepper, black (Piper nigrum)",0.25,tsp
006ec2e5-4609-483e-b4b8-fa9bf1227e2b,ASC020,L002,"Milk, whole, Cow",1,C
0078357a-c8c5-4b24-ba4e-2c28563715bc,BFP142,G021,"Cardamom, black (Elettaria cardamomum)",0.25,tsp
00881713-5cea-404a-823d-14904eb2afb5,ASC241,ANN-ING-0005,Red colour,0.5,tsp
008ca94e-f74f-49b7-81cb-647e5a9b0fc2,ASC122,L002,"Milk, whole, Cow",1,tbsp
00906b55-2f42-403d-978b-494168221222,BFP548,B001,"Bengal gram, dal (Cicer arietinum)",15,g
0092d2f7-89f7-4de2-a0c6-bb8071222b3b,BFP226,UK-14-130,"Lemons, flesh only, raw, weighed with peel and pips",7.5,g
00a1bfb6-854d-404f-8086-7ae7d8cead42,ASC403,UK-13-874,"Cinnamon, ground",0.25,tsp
00a2cd1f-23c3-4f98-b1b3-adf72b8437d2,BFP066,UK-17-726,"Stock cubes, chicken",480,ml
00a46204-180c-48c2-a311-87ed2e577565,OSR034,UK-17-355,Baking powder,3,tsp
00a827ab-b9d3-43d4-8776-4e91ab55a9f4,BFP606,UK-12-527,"Cheese, processed, plain",30,g
00a84147-638c-4e0e-9e0f-4a4c644a96bf,OSR001,US-806241,HIMALAYAN BLACK SALT,1,tbsp
00ab43ac-3a17-4e51-9aec-8033da1c4a73,BFP467,UK-11-1145,"Bread, white, average",60,g
00ad5ebf-143c-444c-8220-2e1a70108cfc,BFP174,UK-17-367,Salt,0.5,tsp
00bd0331-4aec-4583-8d27-cf306677e302,BFP523,E047,"Orange, pulp (Citrus aurantium)",42.5,g
00c0a9a0-4ec7-4370-b18c-ff1f0ad3e4f5,OSR026,L002,"Milk, whole, Cow",15,ml
00c56600-672e-4489-a801-5b9ffaa83bb3,BFP446,UK-12-184,"Yogurt, whole milk, plain",2,tbsp
00c8c9d2-212f-4337-bac9-04b39300fd6b,ASC222,G009,Coriander leaves (Coriandrum sativum),1,sprig
00da0d5b-64cb-4387-88ff-207c34b6ee29,BFP446,H021,Walnut (Juglans regia),50,g
00db4ef4-da66-45b1-9d53-2a6f2858f0a8,BFP492,UK-17-355,Baking powder,0.5,tsp
00de8840-12ac-4e0a-b13f-0263696fcb58,ASC230,G008,"Chillies, green - all varieties (Capsicum annum)",0.8,tsp
00e183ce-e8b7-471f-89bd-ccc9269670dd,ASC119,UK-13-874,"Cinnamon, ground",0.5,tsp
00e47864-d6ff-4376-89d0-2b3a332cd028,OSR142,G025,Cumin seeds (Cuminum cyminum),1,tsp
00e64b2e-8a4e-4d88-a448-efd1fb6fcca1,ASC114,G021,"Cardamom, black (Elettaria cardamomum)",0.25,tsp
00e82beb-d6d7-4b32-897d-357db1ff6c44,BFP176,G025,Cumin seeds (Cuminum cyminum),0.125,tsp
00ec4c05-ef52-4795-ac34-293b97ea5fa1,BFP190,UK-12-184,"Yogurt, whole milk, plain",60,g
00f94ce1-0b8d-4421-9836-a0133957e518,BFP040,G022,"Chillies, red (Capsicum annum)",1.67,g
0108b3fe-0cef-49b3-b32b-414477c62d5e,OSR011,G020,"Cardamom, green (Elettaria cardamomum)",0.5,tsp
010d1200-3f5f-429f-b81e-e9a734e6f909,BFP431,G031,"Pepper, black (Piper nigrum)",0.25,tsp
010e1d31-5ee4-475f-ac14-189638552196,ASC104,US-400113,"SIVA'S, AMHUR POWDER (DRY MANGO POWDER)",0.5,tsp
01100921-4b19-42ce-8555-c6bcd0f46177,OSR103,G017,"Onion, big (Allium cepa)",120,g
01189576-3ba0-44c3-a322-1b8830f5a5c5,ASC210,G017,"Onion, big (Allium cepa)",25,g
011ea37f-a6a6-4739-abad-4cdda690a945,BFP483,UK-17-062,"Sugar, icing",50,g
01270218-3163-4030-bff9-232d67dee3bd,ASC414,UK-17-661,"Butter, unsalted",4,tsp
012c1abf-3bf7-4db3-a623-e5b6243190fb,ASC242,G017,"Onion, big (Allium cepa)",40,g
013168e6-377d-4d1d-b842-4de91e287646,ASC344,UK-17-377,"Water, distilled",2,tsp
0134e9b8-0e1b-4dbd-83f5-f78d7cbf1579,BFP289,UK-17-661,"Butter, unsalted",1,tsp
013e34d4-9eaf-4749-b212-f383ad26b3f1,ASC251,E033,"Lemon, juice (Citrus limon)",0.5,tsp
01448281-8b89-42e5-9838-cab96ebbce41,ASC244,G031,"Pepper, black (Piper nigrum)",0.25,tsp
0145ba35-dce3-4f9f-847b-7018e9830ece,ASC315,UK-12-333,"Cream, fresh, whipping",10,g
014f4022-04c2-4f29-82dd-57ecf45b4710,BFP216,UK-17-367,Salt,0.17,tsp
01520f75-8663-4905-b386-11bb33aa2369,OSR148,UK-17-377,"Water, distilled",0.3,C
015241c1-9b9f-4a73-b2d6-ac7d9095b5de,ASC414,L002,"Milk, whole, Cow",120,ml
015881b9-cb35-44ba-9890-53a4830a64b8,ASC005,G016,Mint leaves (Mentha spicata ),1,sprig
015a2144-c644-4c4c-a8f0-1fca34f8ed6d,ASC137,UK-11-1145,"Bread, white, average",30,g
015c0c63-5aae-43b2-8131-a5adb28f144e,BFP480,UK-17-377,"Water, distilled",1,tsp
015d1a16-0e94-498d-b9a4-aad98e41be5e,BFP164,UK-17-377,"Water, distilled",0.33,C
016546ec-96cb-47cb-85fa-2e58834f7b23,OSR147,UK-17-367,Salt,0.5,tsp
0166d8cd-102e-4eef-8b3a-eff57411431d,ASC082,UK-12-332,"Cream, fresh, single",1,tbsp
016b35fe-2f62-4d60-91a7-1d9f036711f4,ASC164,G033,Turmeric powder (Curcuma domestica),0.25,tsp
016bf4f4-3258-4178-8c37-5f77061ebfeb,BFP222,G024,Coriander seeds (Coriandrum sativum),0.25,tsp
016f60eb-66d5-4ceb-8724-c63b2d934294,BFP511,UK-14-335,"Cherries, glace",3,g
0173940d-fe67-48fc-ba09-b6eaec9155d5,BFP548,A014,"Rice, parboiled, milled (Oryza sativa )",25,g
0176f64f-d699-4335-b5d1-3ceb40eff520,ASC210,UK-11-1045,"Flour, corn",15,g
017969ca-541e-489f-9511-e3e824cbdb2d,BFP221,UK-17-339,Vinegar,0.5,tbsp
017fb934-df87-4fb5-b8b9-a09cd23986b9,ASC285,E057,"Raisins, dried, black (Vitis vinifera)",1.32,g
01802db1-5a4a-43d6-b49a-6fd744c0d6e9,BFP506,UK-17-062,"Sugar, icing",0.25,tsp
01811e20-d493-421f-82b2-d65accdc5e14,OSR154,G017,"Onion, big (Allium cepa)",60,g
01832dc6-6198-405c-9543-974c26844c4d,OSR053,UK-17-367,Salt,0.5,tsp
01873bdb-1760-44d2-b265-63648e38fff7,ASC358,UK-17-367,Salt,0.25,tsp
01894c34-e28f-4cae-b207-23509da0ee0b,BFP201,UK-17-377,"Water, distilled",4,tsp
0195139d-73f0-40d9-83ce-b52cd61d9c6b,OSR072,UK-17-367,Salt,0.25,tsp
01aaca50-0d40-44cd-80ac-73aba2221bd1,BFP599,UK-13-873,Chilli powder,20,g
01ab6900-a349-485f-b03f-a40437490e70,OSR099,UK-17-367,Salt,0.5,tsp
01abd8f3-e0a5-4170-b758-f367e7e76da5,BFP396,H006,"Coconut, kernal, dry (Cocos nucifera)",25,g
01aef037-1111-430d-a8d8-f59984ac1380,OSR114,UK-17-377,"Water, distilled",0.5,C
01b5de6d-2c40-41e6-9ddc-9af929f4bdc2,BFP170,UK-17-377,"Water, distilled",1.25,C
01be0f74-17ce-4572-88da-df89e5dd099b,BFP223,G033,Turmeric powder (Curcuma domestica),0.25,tsp
01c9eb99-d9e7-4476-afea-f1e1a49d17e6,OSR133,G031,"Pepper, black (Piper nigrum)",0.25,tsp
01cd6788-ed35-4f28-ae53-0bb070011e73,ASC433,UK-17-062,"Sugar, icing",4,tsp
01cefea5-5c6c-4c54-99a8-a3cc9b773611,BFP370,UK-12-332,"Cream, fresh, single",100,g
01d918d3-b3a4-42d1-8703-d047878b4e76,ASC418,M001,"Egg, poultry, whole, raw",50,g
01da0eb5-8d71-4050-a3ab-180780f0f5b3,ASC141,G031,"Pepper, black (Piper nigrum)",0.25,tsp
01e61f43-c615-4aa4-9bb7-43602511902e,BFP108,G014,"Ginger, fresh (Zingiber officinale)",0.13,tsp
01ee1a6f-e674-418b-96a8-aa54c50aaf85,OSR052,G033,Turmeric powder (Curcuma domestica),0.5,tsp
01fe56d0-09e1-4aa2-aa66-478798a0f0fd,OSR073,D034,"Capsicum, red (Capsicum annuum)",74.5,g
02028540-da6f-4e87-9dbb-05ec3bea8685,ASC402,UK-17-377,"Water, distilled",3,tbsp
02083d83-fbec-4426-8f2d-ae0f9d80785a,OSR093,UK-17-367,Salt,1,tsp
02108c89-2070-441f-9e94-d4ace373dc22,OSR137,UK-17-377,"Water, distilled",2,tbsp
022070fa-f1cb-4b54-9acf-f4f0e973eee4,BFP431,A018,"Wheat flour, refined (Triticum aestivum)",1,tsp
02317c47-bafd-4318-959b-979198a7d32b,ASC062,UK-19-496,Ham,15,g
02373349-670d-4163-83c0-350032bf6af0,ASC011,E014,"Cherries, red (Prunus cerasus)",5,g
023db2a4-b6c4-43d5-9abb-27667774f463,ASC081,G009,Coriander leaves (Coriandrum sativum),1,sprig
024d1f2b-e91b-4e0d-b0dd-45f9e2f593b4,BFP262,UK-17-045,"Oil, sunflower",1,tsp
024e9903-a701-4427-9cd5-1313bec746d3,ASC333,L002,"Milk, whole, Cow",30,ml
024f31fe-b647-4a8f-85f0-3723f0570e16,ASC260,UK-13-352,"Spring onions, bulbs and tops, raw",25,g
0254fe41-08e4-401b-acb9-25f8b68851f4,OSR121,US-169079,"Cheese, cream, low fat",212.5,g
0258a08f-9263-4fc4-b7a4-14489be956b4,BFP535,UK-17-062,"Sugar, icing",2.5,g
025a60eb-9c38-4e1d-9cc8-b1ac8dc1e616,ASC243,G017,"Onion, big (Allium cepa)",20,g
02686fb9-485b-49ab-8e6a-a4c9fff1d390,ASC330,UK-17-377,"Water, distilled",50,ml
02687729-ff6b-452c-95ce-f1f00735c6de,ASC332,A018,"Wheat flour, refined (Triticum aestivum)",12,g
027a0e17-8f2d-467e-86bd-5911496aca10,BFP158,D075,"Tomato, ripe, hybrid (Solanum lycopersicum)",150,g
02856c0c-670b-4806-8994-01ce49cf1129,BFP199,E033,"Lemon, juice (Citrus limon)",1,tsp
028ea92d-a16d-4529-8dc4-e855fa221f6c,ASC401,L003,Paneer,100,g
02941423-f3a6-4889-a2ec-585db1eebde9,ASC124,UK-14-130,"Lemons, flesh only, raw, weighed with peel and pips",30,g
029e9d6d-d587-4604-8f49-7405b78454af,BFP516,UK-17-062,"Sugar, icing",1,tsp
029ec19d-8d51-4c6f-b0dc-012cffbfc1fe,BFP416,US-806341,AJWAIN SEED WHOLE ORGANIC SPICES,0.25,tsp
02a2f5cb-a8b5-4352-92b9-b3ece404da40,ASC189,D061,"Peas, fresh (Pisum sativum)",30,g
02a54c5e-8258-4990-b826-f30b0ebee1eb,BFP141,G024,Coriander seeds (Coriandrum sativum),0.25,tsp
02b35d86-25fd-46e5-be51-ce96b392e9b5,ASC036,F002,"Carrot, orange (Daucus carota)",16.7,g
02b6f85a-3190-4b1c-abfc-01288b23ac76,ASC067,UK-17-062,"Sugar, icing",30,g
02b78dce-1721-4618-aa52-44b2a49298fb,ASC123,UK-13-873,Chilli powder,0.5,tsp
02c16c3e-1043-4cde-a97d-db97db20a7c3,ASC229,UK-17-045,"Oil, sunflower",1,tbsp
02d0595d-aade-45fa-a61b-c5408ab4f539,ASC322,UK-17-661,"Butter, unsalted",30,g
02d3d9bb-c006-4204-9d1a-a93fbed3f8d7,ASC238,UK-13-829,Garam masala,0.25,tsp
02d8df0b-9216-4003-8bb1-854c7b9e9150,ASC189,UK-13-829,Garam masala,0.25,tsp
02dd1da7-6a1b-4919-b967-bb69d435e137,ASC043,UK-17-367,Salt,0.25,tsp
02deb99a-54be-4da7-9c35-3f2670f24f99,ASC293,E057,"Raisins, dried, black (Vitis vinifera)",1.32,g
02e70429-a6e9-47c1-8975-c9b56224fd31,ASC312,UK-14-335,"Cherries, glace",5,g
02f30ccf-d43d-4c00-ad69-39995271ca97,BFP478,UK-17-377,"Water, distilled",2,tsp
02f57bde-2d7a-4b71-a23d-6de099a61768,ASC333,UK-17-491,"Chocolate, plain",30,g
02f7a0e9-2bae-49f2-814c-505b5a550a30,ASC360,UK-17-377,"Water, distilled",0.25,C
02ff3095-109d-46e3-8ef1-fa1de2d86580,OSR136,UK-17-367,Salt,0.5,tsp
0300354b-d66e-448d-9851-4896e5435934,ASC369,UK-17-367,Salt,0.5,tsp
03051e6d-3dbc-4c68-a245-0401aa600de5,BFP144,B010,"Green gram, dal (Vigna radiata)",20,g
030c0437-633c-4480-89d2-f6b2f570b4d9,BFP201,D075,"Tomato, ripe, hybrid (Solanum lycopersicum)",30,g
030cb4a9-729e-43c4-a69d-73770a642977,BFP566,C033,Spinach (Spinacia oleracea),50,g
0325b32c-f2ab-4576-8379-aa746d9bbf07,ASC082,UK-17-727,"Stock cubes, vegetable",0.5,C
032b24ea-aea6-4230-9920-65a18ca580a4,BFP362,E009,"Banana, ripe, montham (Musa x paradisiaca)",100,g
032b80f1-a2a1-4dae-b5fc-9ae6014e7fc9,ASC197,G012,"Garlic, small clove (Allium sativum)",1.25,g
032c946d-9ba1-4953-bbab-aa5f61fd30d5,OSR039,M001,"Egg, poultry, whole, raw",400,g
032ccfbd-ad49-4056-b7a8-d54969d92233,BFP074,UK-13-806,"Bay leaf, dried",0.2,g
0340fa4a-5ac7-489a-9263-4eab5ebac738,OSR154,US-168576,"Peppers, jalapeno, raw",21,g
0341e874-c6e5-4d4a-b9c1-788695308e6b,BFP142,G012,"Garlic, small clove (Allium sativum)",1.25,g
03428a8b-f696-4f42-90dc-d490cb0a8096,BFP424,UK-17-377,"Water, distilled",2,tsp
034b31bd-e179-46b6-a375-279f63b47861,OSR075,UK-17-377,"Water, distilled",0.25,C
034f7512-9be5-4ddc-b1c6-894064e7482a,OSR108,UK-13-873,Chilli powder,0.5,tsp
035d39a6-0be5-44b1-973d-c60a397bf3f4,BFP230,E064,"Tamarind, pulp (Tamarindus indica)",5,g
036145ba-0899-4919-9707-1392c1773143,OSR038,US-945506,"ALMOND FLOUR, ALMOND",1,tbsp
036b47e2-9633-4d3f-980b-53ce4944d1ec,BFP431,UK-17-640,"Ghee, butter",10,g
036c468b-ca3e-475b-8cce-361592597eb3,ASC050,UK-17-063,"Sugar, white",2,tsp
036f6db8-5176-447c-995f-bed7c778851a,BFP327,E014,"Cherries, red (Prunus cerasus)",7.5,g
036f86d9-08ea-47fc-86be-d281c7c4bdaa,ASC200,G017,"Onion, big (Allium cepa)",50,g
03720985-e3f2-48a2-983e-e9db816a28a4,OSR153,UK-13-873,Chilli powder,0.6,tsp
0378f601-01f9-4e29-8f6c-458df4a26bc0,BFP296,A018,"Wheat flour, refined (Triticum aestivum)",12,g
038208ff-1148-4e85-bf89-9b17dfe2391c,BFP569,UK-17-640,"Ghee, butter",20,g
03899610-8142-4b94-aeca-83e7801c7646,BFP151,D075,"Tomato, ripe, hybrid (Solanum lycopersicum)",50,g
038dd475-1a68-44be-801e-1db9d51e67d7,ASC295,UK-17-640,"Ghee, butter",20,g
039f7c11-680d-4994-9aa5-97ed7ee845b8,BFP246,G009,Coriander leaves (Coriandrum sativum),0.75,tsp
039ff237-673a-4911-92ed-742909782e2f,ASC116,J001,"Button mushroom, fresh (Agaricus sp.)",50,g
03a2a465-e79e-4c4e-8bdd-377fb1949ab9,BFP522,A018,"Wheat flour, refined (Triticum aestivum)",120,g
03a54eda-e411-42f9-99b5-6b94f4d960b6,ASC383,D050,"French beans, hybrid (Phaseolus vulgaris)",20,g
03ab19c9-deba-422d-b8e3-ed43cef3940b,ASC136,UK-17-367,Salt,0.5,tsp
03abe897-c434-489a-a1d6-3908f47a8dea,OSR111,A018,"Wheat flour, refined (Triticum aestivum)",3,tbsp
03b18141-4889-4b22-b053-60503f5d821a,BFP276,UK-13-829,Garam masala,0.125,tsp
03b841b2-21ce-4b48-99eb-840428cf0591,ASC180,G033,Turmeric powder (Curcuma domestica),0.125,tsp
03d2aaad-f55f-4bc5-b9a0-6ef426a0bfdd,BFP544,G008,"Chillies, green - all varieties (Capsicum annum)",1.67,g
03d5e3ea-8138-4a85-8ae3-88a75f1d1d5d,BFP046,UK-17-377,"Water, distilled",30,ml
03d72313-f37f-4059-b432-45fe48f67605,OSR034,A018,"Wheat flour, refined (Triticum aestivum)",360,g
03ecb1a4-1e86-4554-bba5-1ef4ee0f2f35,ASC247,UK-17-367,Salt,0.125,tsp
03f86a08-3d85-49b2-899f-b87dfcdd306a,BFP231,J001,"Button mushroom, fresh (Agaricus sp.)",20,g
03f9c83e-0f5c-472a-86dc-a4f2a9bc0a21,OSR020,UK-17-640,"Ghee, butter",400,g
03fabc7a-a891-41bc-910c-0b338c8241ae,ASC496,UK-17-063,"Sugar, white",1500,g
04028a59-3b19-479d-b673-2989816ebfed,ASC064,UK-17-661,"Butter, unsalted",1,tbsp
04038085-4fdf-4b04-ba25-420c46718e1b,ASC501,E001,"Apple, big (Malus domestica)",250,g
040f3ecc-ff4b-49b2-99a5-5377c3090f5e,ASC414,A018,"Wheat flour, refined (Triticum aestivum)",4,tsp
0411bafe-ab41-4b46-9173-c427570663f9,BFP174,G008,"Chillies, green - all varieties (Capsicum annum)",1.67,g
0411f6be-d536-4755-942f-43f6a90c2cbc,BFP163,UK-17-063,"Sugar, white",0.25,tsp
0414aced-8a22-4f54-a446-6aa49c512825,OSR005,UK-13-852,Saffron,0.025,g
0414fd57-c57a-45ff-81a4-f1d81c65e264,BFP574,A019,"Wheat flour, atta (Triticum aestivum)",30,g
04214961-8b89-4eba-a737-e0daefe4acba,BFP358,H001,Almond (Prunus amygdalus),2.2,g
042214c6-c320-4c0c-bc3c-6593ef847711,OSR111,G014,"Ginger, fresh (Zingiber officinale)",0.5,tsp
04227006-b098-4e5d-b242-c525c06a622e,OSR096,UK-13-827,Fennel seeds,0.5,tsp
042933b7-ca3d-4637-9497-1b6e20d82917,OSR139,UK-13-806,"Bay leaf, dried",0.4,g
042cc353-55d7-4cf7-a9d2-7b2dfeb51205,BFP521,M003,"Egg, poultry, yolk, raw",4,g
0433da5f-3840-4160-b186-8d82c5719bc4,ASC115,UK-17-045,"Oil, sunflower",1,tbsp
0434d128-3f2d-4fdf-9dbd-17c849761153,ASC213,D031,Brinjal - all varieties (Solanum melongena),250,g
04360d49-2f7f-4c6c-8661-49372ea46cbd,BFP386,UK-17-356,Bicarbonate of soda,0.25,tsp
04364c54-990b-4b89-9a19-3b5fec7807fc,BFP233,P057,"Pomfret, white (Pampus argenteus)",125,g
0437fe46-4674-473d-bfc6-e20622f86f74,ASC118,L003,Paneer,50,g
043c4e90-08ad-4c03-b4c6-d6bbe2df3c34,ASC423,A018,"Wheat flour, refined (Triticum aestivum)",100,g
0446ace9-9e1d-41b0-b73d-72ef7139216b,ASC206,UK-13-873,Chilli powder,0.125,tsp
044d4257-540e-4f58-b0e5-5f16ce2d0175,BFP187,G014,"Ginger, fresh (Zingiber officinale)",5,g
044e5d00-109b-4719-b9fa-49fe10bffacf,ASC196,F005,Lotus root (Nelumbium nelumbo),75,g
04538944-79d8-43cb-abe7-a911f50e45ca,BFP424,G031,"Pepper, black (Piper nigrum)",0.125,tsp
04540e5f-c3e8-4418-9d8e-0988ac8e8586,BFP132,G019,Asafoetida (Ferula assa-foetida),0.17,tsp
0455a45b-1bad-43c9-b33f-9265e687c081,ASC403,UK-17-062,"Sugar, icing",0.5,tsp
0455cf5c-4451-4d94-8a2c-dcc081b4a519,BFP300,G009,Coriander leaves (Coriandrum sativum),1,sprig
045dd402-9404-4336-9ba3-a6b816ae6720,BFP046,B010,"Green gram, dal (Vigna radiata)",50,g
046467ee-781f-49fc-a3b2-d392aa60301e,BFP223,UK-13-873,Chilli powder,0.25,tsp
04649bc8-90d9-4fc4-a003-f100ea4bddd1,ASC095,D043,"Cucumber, green, elongate (Cucumis sativus)",30,g
0466daf9-ffeb-4f5c-99e1-bc085b0d61c4,ASC148,UK-17-377,"Water, distilled",120,ml
0468e23e-6e9a-49ed-b8bd-fee0c9ea362a,BFP176,G010,Curry leaves (Murraya koenigii),1,sprig
0469c7fc-4baf-49c2-8d50-bf6e8505113a,ASC080,UK-17-727,"Stock cubes, vegetable",1,C
046ff3c0-c8a8-4189-b1a9-5af1d4cda7f7,ASC214,G021,"Cardamom, black (Elettaria cardamomum)",0.25,tsp
0470dc6c-d945-499f-ad82-bf9bd4204247,BFP262,G031,"Pepper, black (Piper nigrum)",0.25,tsp
0471c218-2756-4870-a74a-38ad861bff29,BFP392,UK-17-377,"Water, distilled",15,ml
0477164a-5a71-43c7-bb09-8a10f659cb75,BFP563,UK-17-377,"Water, distilled",3,tbsp
047aac87-1d39-4c13-8e95-7d4502520f92,BFP201,G025,Cumin seeds (Cuminum cyminum),0.125,tsp
047da9cd-c73e-4531-a745-122e2ef7e502,BFP427,UK-17-377,"Water, distilled",60,ml
0481aed5-5f77-4043-bbd3-5fe11230e001,ASC043,N003,"Chicken, poultry, breast, skinless",60,g
0485faec-f267-4189-9448-1dbe7fd76ff4,OSR114,G031,"Pepper, black (Piper nigrum)",0.3,tsp
0487ee69-74ae-465c-8ed9-29fb72cc2d99,OSR038,US-2015108,MARGARINE,113.5,g
0488f8a6-e41f-4dee-aa05-0d8fd24066c2,BFP178,B011,"Green gram, whole (Vigna radiata)",30,g
0489456d-ec6b-48be-adc0-e3a818db1f8c,BFP040,UK-13-873,Chilli powder,0.17,tsp
0496c0f6-24d4-48a8-8421-afec2ba4b124,ASC044,G025,Cumin seeds (Cuminum cyminum),0.25,tsp
04b1aa14-1347-44c8-8dd9-c0ff993b6293,OSR035,L002,"Milk, whole, Cow",2.5,tsp
04c62dc6-8824-4443-b3a3-0f16241d8a7f,BFP250,UK-17-377,"Water, distilled",0.5,C
04c76520-b71e-46cb-bdbf-6d35785dab7b,BFP440,E033,"Lemon, juice (Citrus limon)",1,tsp
04d67d9d-d1ba-4b0c-a734-39ff63ff2aa8,ASC134,UK-17-339,Vinegar,2,tbsp
04e1d79e-7805-47bd-b111-fe5dc9565b3b,ASC499,UK-17-063,"Sugar, white",1000,g
04ea404a-cf00-4a0c-9c5c-a48943c6576a,BFP029,UK-17-377,"Water, distilled",960,ml
04f3d945-6fbf-4366-9b17-66fff68d9bb5,ASC224,UK-17-367,Salt,0.125,tsp
04f3e2f6-47b3-4ff9-9185-7769bff383d9,BFP485,A018,"Wheat flour, refined (Triticum aestivum)",40,g
04f8109d-5391-4d22-a6d7-5ff60726b28a,BFP024,UK-17-377,"Water, distilled",720,ml
04fdf209-7e57-400b-9f93-8820c8c2748d,OSR112,UK-17-377,"Water, distilled",2.3,C
04fe7092-b247-4bb2-921b-b91acd7b1c62,ASC201,G012,"Garlic, small clove (Allium sativum)",1.25,g
04fe8903-cbc5-433e-80c4-aa37d63bcfd5,ASC100,G017,"Onion, big (Allium cepa)",25,g
050bedc1-f011-4a99-80c1-83c520a12a11,BFP534,A018,"Wheat flour, refined (Triticum aestivum)",37.5,g
050f87c4-8383-4ebf-ac34-386465f05f66,ASC247,UK-11-896,"Flour, gram",25,g
05117153-2f0a-4857-a168-73b6d454a845,ASC433,A018,"Wheat flour, refined (Triticum aestivum)",50,g
051731db-4b4f-4475-9e21-846d8f68b1bd,OSR026,UK-17-640,"Ghee, butter",0.5,C
05241a6b-2e1e-4bd0-bf30-4d092970481e,ASC144,UK-17-367,Salt,0.25,tsp
05268178-24f7-45db-90a4-d1ad6895c982,OSR125,UK-17-045,"Oil, sunflower",0.75,C
0526e257-0cb8-4eab-b62e-32130dec31ec,OSR019,UK-17-640,"Ghee, butter",5,g
052e48c8-30cb-40f2-8996-4032f2d69e55,BFP174,G033,Turmeric powder (Curcuma domestica),0.17,tsp
054c066a-1edc-4fb0-9ca5-8a55c5376277,ASC237,G023,Cloves (Syzygium aromaticum),0.25,tsp
054d15ec-1dd7-4a12-8102-0154f33eff05,OSR093,UK-13-805,"Basil, dried, ground",1,tsp
0552fa5f-ff9b-42fe-a7ca-40174c6590ec,ASC464,UK-11-896,"Flour, gram",20,g
0554cb73-c68d-489f-b398-68ad43052a8c,OSR040,UK-17-377,"Water, distilled",3,tbsp
055cf34a-f88a-41e8-88f1-c8f7b3cba1cc,ASC486,B013,Lentil dal (Lens culinaris),10,g
055ecfc6-2b16-4c18-8f06-9a9b54890b51,OSR027,Q007,"Tiger prawns, brown (Solenocera crassicornis)",250,g
0561366a-012e-4e5e-842e-10b18ee4a1e7,OSR102,UK-13-873,Chilli powder,2,tsp
056c9474-4e4f-401c-957a-d653a06f9ef0,BFP240,G009,Coriander leaves (Coriandrum sativum),1,sprig
056def6a-9789-4f23-9105-d5e0967b2225,BFP389,L002,"Milk, whole, Cow",15,ml
056e4be4-38b9-4fe4-963c-9fb56fb729b8,ASC086,G012,"Garlic, small clove (Allium sativum)",0.63,g
05713fd0-5d35-42c7-b68d-2edba217d73b,OSR066,G012,"Garlic, small clove (Allium sativum)",1,tsp
057165d1-730d-4785-b576-051cfd9a7f1b,BFP144,G025,Cumin seeds (Cuminum cyminum),0.5,tsp
0575e203-3c63-4b4e-ac86-42bc5269cb71,BFP044,G010,Curry leaves (Murraya koenigii),1,sprig
057c956d-5e8e-4e4f-a336-79bad1465f11,OSR002,UK-17-063,"Sugar, white",5,tbsp
057e5bfb-c70b-4203-bddf-ce96ad25a7b4,BFP280,B010,"Green gram, dal (Vigna radiata)",5,g
058e0805-fdec-47eb-8447-6e7d5bb7a4ca,BFP239,G024,Coriander seeds (Coriandrum sativum),1,tsp
059b0fd7-d05f-4294-9ca4-e4593c4f7deb,ASC466,G020,"Cardamom, green (Elettaria cardamomum)",0.25,tsp
059b133c-2965-4ccb-93a6-325158340536,BFP026,E033,"Lemon, juice (Citrus limon)",30,g
059bf570-eb76-47dd-aaa5-844592be8997,ASC424,UK-17-063,"Sugar, white",35,g
05a6c030-b747-4936-8558-c3a5ddbd23e6,ASC254,E053,Pineapple (Ananas comosus),30,g
05bb92e4-987c-48c1-92d5-287960e8e09b,BFP428,G008,"Chillies, green - all varieties (Capsicum annum)",3.33,g
05bd5911-156b-44cc-a394-b42323e121b1,ASC122,UK-17-367,Salt,1.25,tsp
05c7c0cd-fa53-45f0-9df4-20f22eeee680,ASC103,UK-13-829,Garam masala,0.25,tsp
05c8f78e-c841-4513-8bdc-5ef00795d21f,ASC196,G008,"Chillies, green - all varieties (Capsicum annum)",3.33,g
05cfe436-5636-4d05-bfef-448bf7f526dc,ASC201,F005,Lotus root (Nelumbium nelumbo),75,g
05d6a042-926d-4c67-9ebf-29a18f1f461b,BFP322,C008,Bathua leaves (Chenopodium album),100,g
05de082a-0c17-465d-91fa-a0176ae6842c,BFP190,UK-13-829,Garam masala,0.25,tsp
05e27979-bb00-41fb-a15c-34b344d60a3a,ASC133,UK-11-716,"Pasta, white, dried, raw",50,g
05e312d4-5f70-406a-b4b0-080a68d748a8,ASC213,UK-17-367,Salt,0.25,tsp
05e615bd-95bf-4663-8065-1e34e6b1118b,BFP047,G008,"Chillies, green - all varieties (Capsicum annum)",3.33,g
05e8001c-9436-4f4b-a34f-0fe200d828ce,BFP361,E022,"Grapes, seeded, round, black (Vitis vinifera)",30,g
05e97e14-d57d-454e-a36d-f81a36a58ffa,ASC375,C015,"Cabbage, green (Brassica oleracea var. capitata f. alba)",25,g
05ede15f-b4c5-400d-81e8-9a2235aa4ad0,BFP529,E001,"Apple, big (Malus domestica)",100,g
05f5821e-2392-45e2-81a2-6781938db900,BFP544,G014,"Ginger, fresh (Zingiber officinale)",2.5,g
05fb820f-dbac-4d15-aa21-1a2ca7ff82f7,BFP246,UK-17-377,"Water, distilled",0.5,C
060123d0-3021-4d8d-bfa9-f6280a0aae31,BFP042,H013,Mustard seeds (Brassica nigra),0.25,tsp
0604b4c0-1995-4c14-95a0-e3032958186d,ASC311,UK-17-062,"Sugar, icing",2,tbsp
060a4cb5-ae9d-4deb-928e-b3272b08ea71,BFP518,M003,"Egg, poultry, yolk, raw",1,tsp
061f1a17-105e-47d4-b937-1961f9d425c8,ASC221,G021,"Cardamom, black (Elettaria cardamomum)",0.25,tsp
0629b09f-d04e-4837-bfcf-8df078d2f20a,BFP527,UK-17-661,"Butter, unsalted",30,g
062f788d-e3a3-482b-bad7-d0f2d70bb449,ASC395,E001,"Apple, big (Malus domestica)",20,g
06303bb6-b8f4-4ca8-91ef-97be70983e89,ASC378,B021,"Red gram, dal (Cajanus cajan)",20,g
06415476-8192-4c9c-99ae-9c43d4beaa31,BFP345,M001,"Egg, poultry, whole, raw",50,g
06433e53-51ff-43fa-ae83-845f10acbe08,BFP132,G033,Turmeric powder (Curcuma domestica),0.25,tsp
064474cd-602f-4a3b-b554-9fed1d3b3df5,BFP484,UK-17-062,"Sugar, icing",1,tbsp
06548f73-74b5-4e53-9b42-0d96a62564d5,ASC254,UK-13-881,"Pepper, white",0.25,tsp
065d2605-5fc6-4b7e-92e8-db56f4c437b4,ASC135,D033,"Capsicum, green (Capsicum annuum)",50,g
065d629a-3f0d-49fe-af5a-0cd3eea89937,OSR054,UK-17-063,"Sugar, white",600,g
065d6351-7a6f-4db5-b86a-0101b7fd03c3,ASC147,G017,"Onion, big (Allium cepa)",10,g
065f6d04-33a0-49c5-bf9f-b9beb723e06c,BFP473,UK-11-1145,"Bread, white, average",60,g
066109ec-41da-4a22-b645-b26bd9d260c5,ASC182,G025,Cumin seeds (Cuminum cyminum),0.25,tsp
06670151-fc9e-4f1b-9195-35b52c9519ed,BFP174,G014,"Ginger, fresh (Zingiber officinale)",5,g
06670ad2-0734-4995-8c64-1c19a02caca4,BFP556,C033,Spinach (Spinacia oleracea),20,g
0669c650-3dc7-46b2-9516-db88efe14db7,OSR073,G031,"Pepper, black (Piper nigrum)",0.5,tsp
06705a0c-9e6c-46e1-831d-bdd759ddae25,OSR081,UK-13-873,Chilli powder,50,g
0675b486-5176-4b18-80c4-dc736bea3d72,OSR135,UK-14-820,Coconut milk,183,g
0679300e-6329-4d12-a393-9b59ee60375e,ASC009,UK-14-130,"Lemons, flesh only, raw, weighed with peel and pips",30,g
0679db15-1af7-4663-ab2e-196640b2fd9c,ASC371,UK-11-1145,"Bread, white, average",2,tbsp
067a494b-2829-4b35-a97e-ff62185e6d6b,OSR012,G020,"Cardamom, green (Elettaria cardamomum)",0.5,tsp
067d9c33-5c2c-4b0d-abaf-e267b6f74fdf,ASC196,UK-13-873,Chilli powder,0.25,tsp
0690f450-327a-49d4-a4b0-1cbcdb85e0a7,BFP258,US-172337,"Oil, mustard",1,tbsp
069709a2-df8d-4521-8d1c-ac7f154ad6ae,ASC260,UK-17-062,"Sugar, icing",0.25,tsp
069b6bb3-9ca8-41cc-8899-a9828033c42e,OSR065,UK-17-045,"Oil, sunflower",0.25,C
069c7e0b-d1da-4d1d-8b12-d74c88715ff4,ASC271,G025,Cumin seeds (Cuminum cyminum),0.125,tsp
06a5e48b-95e2-44b7-afed-cc799814f88a,ASC255,UK-17-719,Chilli sauce,0.25,tsp
06ab3e81-00f2-405e-9f2e-9ff0cc1836c9,ASC053,A011,Rice flakes (Oryza sativa ),30,g
06abf726-a587-4e85-9a66-640282489350,BFP174,UK-13-829,Garam masala,0.125,tsp
06aea768-8fd5-42d1-90e2-bfbcc0bc3f0b,OSR076,G010,Curry leaves (Murraya koenigii),1,sprig
06b87c84-77c1-4b8b-a99b-defde64b6330,OSR008,UK-17-377,"Water, distilled",2.5,C
06c29fbb-770f-40ed-865c-bb65fe1fb6f3,OSR146,A014,"Rice, parboiled, milled (Oryza sativa )",160,g
06c2cb81-6e04-42fd-b32f-f5d91fb1b8c6,ASC015,UK-17-377,"Water, distilled",7.5,tbsp
06c4de82-ded2-4cbd-9ff3-7cf214047e05,BFP578,UK-13-873,Chilli powder,0.125,tsp
06cea17b-ac0e-4c4e-ac18-582d93e080fd,ASC509,G033,Turmeric powder (Curcuma domestica),15,g
06d78029-30a1-4beb-900e-55faef0d25b6,BFP320,G016,Mint leaves (Mentha spicata ),20,g
06df2008-2886-4588-a1d8-103a2b7616b7,OSR114,A012,Rice puffed (Oryza sativa ),60,g
06e12a3e-7bcb-4594-b4b8-9d79d07a02dd,ASC170,UK-14-130,"Lemons, flesh only, raw, weighed with peel and pips",25,g
06ee3e32-b082-4e44-83a3-2c311da132f1,ASC012,UK-17-050,Honey,1,tbsp
06f3d764-c4cf-43e3-90ea-f6099a66ab47,ASC023,UK-17-661,"Butter, unsalted",10,g
06f5b96e-6bb5-44a0-81f4-cc6fe02e8aaa,OSR087,UK-13-246,"Gherkins, pickled, drained",77.5,g
06f9007d-a3c1-4499-8ce1-fbae1218a00e,OSR077,G020,"Cardamom, green (Elettaria cardamomum)",0.25,tsp
06fdebf3-7533-467f-98d0-57f751a08e7a,BFP568,UK-17-367,Salt,0.25,tsp
070092a6-7618-41bd-8922-9d62774a0a5a,BFP141,G014,"Ginger, fresh (Zingiber officinale)",5,g
0700d91c-98c9-49bc-97e8-db7a8276a241,OSR075,UK-17-721,"Soy sauce, light and dark varieties",2,tsp
0704820b-070d-44d6-9949-36bbe8286ebd,BFP214,UK-17-045,"Oil, sunflower",20,g
071a8cea-3230-4213-9dcf-431ca54e125c,ASC137,G012,"Garlic, small clove (Allium sativum)",0.9,g
071ea00d-9da3-491f-8716-ccebc596f9ee,ASC205,D007,"Bottle gourd, elongate, pale green (Lagenaria vulgaris)",75,g
071ef34c-a3a1-4e9f-b9af-15e3f269a1e5,ASC295,H005,Cashew nut (Anacardium occidentale),2.5,g
071fce4c-e5ba-44b7-ab37-111423dbba25,BFP453,UK-12-184,"Yogurt, whole milk, plain",100,g
073264b3-823e-4e77-ae89-36695e3fbf7a,BFP542,UK-17-367,Salt,0.125,tsp
07354126-8a05-42d2-9556-b71281cd9828,ASC122,G021,"Cardamom, black (Elettaria cardamomum)",0.25,tsp
073e6e90-5e3a-4784-8f7c-3a5d55550427,BFP226,UK-17-367,Salt,0.17,tsp
073f1847-9243-4433-a620-a99fbd1ef037,ASC245,H007,"Coconut, kernel, fresh (Cocos nucifera)",1,tsp
0743c189-cd7e-490d-9322-70311adb907a,BFP066,G031,"Pepper, black (Piper nigrum)",0.5,tsp
07474d2b-7e5f-44f0-9b36-eda06294c0e5,ASC033,G031,"Pepper, black (Piper nigrum)",0.25,tsp
0747785f-99df-4189-bc0b-7095625cd757,ASC182,G008,"Chillies, green - all varieties (Capsicum annum)",3.33,g
074eef42-9ae1-426b-846c-b6058d0eb01f,OSR026,G020,"Cardamom, green (Elettaria cardamomum)",0.25,tsp
07584b15-d6d3-4b83-9f6e-f95211c56f9d,ASC312,UK-17-360,Gelatine,1.5,tsp
076a12bb-2087-43d1-b199-b0818c8135ce,ASC461,A022,"Wheat, semolina (Triticum aestivum)",40,g
076ad75e-242d-4d50-aa09-b73d5c08a2b6,ASC254,D061,"Peas, fresh (Pisum sativum)",50,g
076feecb-377c-44b0-880f-a699f5973e24,OSR113,UK-17-367,Salt,0.75,tsp
07813cca-3bb9-4939-815e-81bab138be8f,OSR023,UK-17-062,"Sugar, icing",80,g
0782be3c-175f-4d7d-a2ae-deef64155eb3,BFP187,G008,"Chillies, green - all varieties (Capsicum annum)",1.67,g
0784e333-5702-4e33-b9c5-382259c18149,BFP132,E064,"Tamarind, pulp (Tamarindus indica)",20,g
078dcfa5-3bbd-40f6-95c7-58964493949c,BFP308,M001,"Egg, poultry, whole, raw",2,tsp
07a59e04-9c12-43a8-900c-99d18a7082f3,BFP166,UK-13-873,Chilli powder,0.125,tsp
07ac2323-d978-4030-8cbd-50eb189814fc,ASC256,UK-17-367,Salt,0.125,tsp
07af2a79-bfbe-4885-a27b-4b2bc9f5a909,ASC263,UK-14-130,"Lemons, flesh only, raw, weighed with peel and pips",17.5,g
07b1c2c0-7498-4851-bddb-8a70cf13d71d,BFP416,UK-13-873,Chilli powder,0.25,tsp
07bb62f3-bab1-4fb8-88ee-b48ebfd22dc1,OSR005,UK-13-874,"Cinnamon, ground",2.5,g
07bda176-46b5-4948-9a66-fcc7eaa3650c,BFP204,G025,Cumin seeds (Cuminum cyminum),0.25,tsp
07bffcba-1248-4d60-bcd5-98deeac6cca7,ASC349,L002,"Milk, whole, Cow",200,ml
07c7aa3c-0b54-445a-9915-865abb829396,ASC356,UK-17-367,Salt,0.25,tsp
07cfcc76-1f40-4161-8dc2-0f5670f0b99e,BFP045,A011,Rice flakes (Oryza sativa ),40,g
07d3b1ca-d59a-4666-b7fa-237479c617fa,BFP055,UK-17-661,"Butter, unsalted",10,g
07d61822-5798-44ff-a317-7b0130c8bcac,BFP393,UK-17-063,"Sugar, white",2,tsp
07dd3eea-c262-4639-bf27-bdeca74d4c11,OSR125,UK-17-355,Baking powder,1,tsp
07dd524c-b4cb-4768-981a-00ea64e2df7a,ASC085,D061,"Peas, fresh (Pisum sativum)",50,g
07dde98f-c002-46cd-8335-ad7e7769db2f,OSR139,G025,Cumin seeds (Cuminum cyminum),0.5,tsp
07df627f-e7dc-4ca1-9dfe-378874d9acda,OSR099,G014,"Ginger, fresh (Zingiber officinale)",1,tsp
07e41f79-0a76-4758-99f9-b003392ad374,BFP329,G025,Cumin seeds (Cuminum cyminum),0.25,tsp
08048336-4ac7-4396-98e7-5ac4db94620e,ASC120,UK-13-874,"Cinnamon, ground",0.5,tsp
080bbf4c-2961-47d0-ac13-9002f6de4b3c,ASC461,UK-13-873,Chilli powder,0.25,tsp
0812510d-4cf6-42ca-bf47-596ba1fdfb29,ASC185,G014,"Ginger, fresh (Zingiber officinale)",5,g
08126e90-3be7-453a-89a2-119792e1dbbd,ASC312,UK-12-545,Cocoa powder,3,g
081412fa-8550-46bc-87cb-ef7fd81469dc,ASC138,UK-17-038,"Oil, olive",1,tbsp
08172cfe-4f3b-4fe7-89db-0ec2764b6849,ASC480,F006,"Potato, brown skin, big (Solanum tuberosum)",25,g
08177446-b859-4e9e-94e9-440cb4737468,OSR073,US-627292,"CAJUN SEASONING, CAJUN",2,tbsp
081ebb3e-f200-403e-a980-abc0e1c47558,ASC107,UK-17-367,Salt,0.25,tsp
081efa4b-0a88-4d77-b7fe-a2c6b4df6fa2,OSR104,UK-12-184,"Yogurt, whole milk, plain",4.5,tbsp
08221c2d-5566-4f20-a45d-b34e19a0a304,BFP346,UK-17-063,"Sugar, white",30,g
082764a2-11d0-45d6-8434-b563ad2cd8b6,BFP476,UK-17-377,"Water, distilled",2,tsp
08280890-6db9-404a-b34a-4468d12f3eb0,BFP090,UK-13-342,"Shallots, raw",35,g
08429b07-ebe5-45b5-af9d-6a333c4a7099,BFP003,G024,Coriander seeds (Coriandrum sativum),75,g
08632ca7-13d7-4ec6-9089-16e588a81969,ASC342,G020,"Cardamom, green (Elettaria cardamomum)",0.25,tsp
08634609-f9a7-4563-a775-2746f5fd48ee,OSR146,UK-17-367,Salt,0.75,tsp
08648ec8-6954-40dc-aada-4ccc2fc64fc0,ASC028,UK-17-661,"Butter, unsalted",10,g
08654d08-5be0-4bba-af65-15a54016b4a8,BFP147,A022,"Wheat, semolina (Triticum aestivum)",60,g
0866d4b9-a2d2-447f-9c3c-e6f678ee0e02,BFP079,UK-13-806,"Bay leaf, dried",0.4,g
0868053c-4d5d-4fcc-8b25-bacff65aa871,OSR131,UK-17-367,Salt,1,tsp
086c2983-78dc-4c0e-ba2f-b2cf70358e3e,ASC249,UK-17-045,"Oil, sunflower",2,C
0872b46b-2beb-4e72-b27a-a9b144be5ebc,BFP544,UK-17-045,"Oil, sunflower",1,tsp
0874a75f-8586-40cf-86e6-3b392a2a5da3,ASC119,UK-13-806,"Bay leaf, dried",0.4,g
0881ecf7-244e-48d7-92c7-b9dc9472dab8,BFP074,A018,"Wheat flour, refined (Triticum aestivum)",4,g
088e826a-5303-4dc6-ab4a-97b6ad78a4c2,BFP476,UK-12-545,Cocoa powder,10,g
0896b35e-6d09-41b3-82bd-bff7131aa868,OSR095,UK-17-339,Vinegar,0.5,tsp
08a77ca6-045f-46ab-be2e-e7ed6556aeba,ASC042,UK-17-045,"Oil, sunflower",2,tsp
08ad03cf-a568-4fb4-b8b3-4093991ed769,OSR146,G008,"Chillies, green - all varieties (Capsicum annum)",3.33,g
08b4644a-718f-49f8-8b80-c7e65453851e,ASC218,UK-13-873,Chilli powder,0.25,tsp
08b90c88-612b-40cb-84e3-d6d1e7521277,BFP218,UK-13-878,"Oregano, dried, ground",0.25,tsp
08c5a519-ba1b-4e8f-a6fa-a672deb34edb,ASC040,D075,"Tomato, ripe, hybrid (Solanum lycopersicum)",50,g
08c5e172-a89c-48ea-8969-6e594f161398,ASC190,G012,"Garlic, small clove (Allium sativum)",1.25,g
08d3cf18-e3e5-4a89-809a-5e14467e3349,ASC319,M001,"Egg, poultry, whole, raw",50,g
08d6979c-e6fc-4265-b731-377e3716c6c8,OSR108,E055,"Pomegranate, maroon seeds (Punica granatum)",4.5,tbsp
08dc36a3-064c-48db-a13e-d64461fae3f2,ASC116,UK-17-045,"Oil, sunflower",1,tbsp
08dea3c9-99f6-4621-865e-ac9cef4b0407,BFP473,N003,"Chicken, poultry, breast, skinless",50,g
08debae5-fe15-47bb-86ce-cce477618868,BFP201,G017,"Onion, big (Allium cepa)",60,g
08e65fea-8d0d-4bd9-afc2-2c32cb99e878,ASC097,UK-17-367,Salt,0.13,tsp
08e6fdb1-86dc-47e1-a72c-988faf3b3ba0,BFP204,H005,Cashew nut (Anacardium occidentale),3.33,g
08ed0f50-36b5-40f4-86f7-8b6ec3dffbf1,BFP007,UK-17-063,"Sugar, white",25,g
08f19022-fc72-49fb-b212-1262d3728a92,OSR122,UK-12-520,"Milk, condensed, whole, sweetened",400,g
08f5f174-c9c8-41f1-a868-5d0936924e33,ASC254,UK-12-332,"Cream, fresh, single",1,tbsp
08fc4a7e-c916-4a38-ac35-b564ef8186a8,BFP355,US-173471,Vanilla extract,0.5,tsp
08ff9e6c-d5c9-4e9b-9d75-b5f600d6a4f6,BFP159,L003,Paneer,40,g
0910cabe-585d-4cd5-abf1-ba07453abaf5,OSR072,M001,"Egg, poultry, whole, raw",500,g
0911df95-f68f-4561-8918-6e6c1594fab6,OSR016,H018,Pistachio nuts (Pistacla vera),4.48,g
0915298a-ca71-4d63-ba16-950a46bc6591,ASC225,H005,Cashew nut (Anacardium occidentale),5,g
0915ac2d-c4d6-4d7a-93ff-d1cdcfddd226,BFP259,UK-17-367,Salt,0.17,tsp
091cbb1c-6384-4c3b-9d07-ef26c2b1a2b5,ASC149,A018,"Wheat flour, refined (Triticum aestivum)",20,g
0921a2d9-4101-48b1-8991-544ec4e7be42,BFP358,UK-17-360,Gelatine,0.25,tsp
0932564c-b7a2-4f25-8613-327099016d09,BFP246,UK-17-045,"Oil, sunflower",10,g
09359079-61c1-420a-abe6-ccfe99ceb654,BFP523,M001,"Egg, poultry, whole, raw",50,g
0937576f-6956-4691-b135-ce83e41e7456,BFP155,UK-17-367,Salt,0.125,tsp
0943af05-380a-4cf6-9cc7-96e7eec6d437,BFP231,UK-17-367,Salt,0.17,tsp
0945413d-ae9a-48c8-83b0-163fb2530957,BFP509,M003,"Egg, poultry, yolk, raw",2,g
094b82e4-0473-4417-84ad-a914c8dcade3,BFP185,G009,Coriander leaves (Coriandrum sativum),1,sprig
095088c7-9d6c-4fb0-a48d-8aa9d87f31a6,ASC074,L002,"Milk, whole, Cow",1,C
0951f54c-4481-4df4-800d-bddc3fc6efc5,BFP138,UK-13-806,"Bay leaf, dried",0.4,g
095687c9-5187-4f8d-ad13-79b0fd0fa1ad,OSR038,H020,Sunflower seeds (Helianthus annuus),280,g
095702df-c252-4fec-9eb5-ff6f5b57698f,BFP223,G025,Cumin seeds (Cuminum cyminum),1,tsp
09627599-8637-4812-944a-e0922810eefa,ASC348,UK-17-045,"Oil, sunflower",480,ml
0963b92b-67b3-4362-aac4-1628443e4636,BFP142,UK-13-873,Chilli powder,0.25,tsp
097777aa-1798-4350-a88b-bf1a756144dc,ASC283,E057,"Raisins, dried, black (Vitis vinifera)",1.5,g
0977c8c3-1329-4989-95b2-86f603edea94,ASC334,UK-17-062,"Sugar, icing",40,g
09823bc0-55db-4d47-8507-be19adcb6f5d,ASC093,UK-11-716,"Pasta, white, dried, raw",10,g
098a7465-5e16-4eb7-94ff-559afad82c54,OSR137,G033,Turmeric powder (Curcuma domestica),0.25,tsp
098aeef9-5d63-49a2-b1a4-f7c14fa8be12,ASC173,G033,Turmeric powder (Curcuma domestica),0.25,tsp
099f7d5c-b351-41c2-97f7-af8fcb8227ce,ASC266,UK-17-045,"Oil, sunflower",0.5,C
09a1a0f3-ee9e-4239-9cfb-72722bc49800,ASC089,UK-17-726,"Stock cubes, chicken",1,C
09a2dd25-7e64-4cc0-9931-82eda4be0497,BFP292,F002,"Carrot, orange (Daucus carota)",10,g
09a9561d-ec36-4788-a7ff-6760728fb9b4,OSR082,US-468991,"SWEET SUNNAH, WHOLE BLACK SEEDS NIGELLA SATIVA",1,tbsp
09b17908-f268-4829-bf0f-f0e357e9669d,OSR110,I001,"Jaggery, cane (Saccharum officinarum)",100,g
09b6ed24-c1d9-4a18-a2ba-4ce0d0c58bab,ASC339,UK-17-640,"Ghee, butter",2,tbsp
09bd42e0-6394-4b82-a6bc-1d556291254f,ASC360,G010,Curry leaves (Murraya koenigii),1,sprig
09c1a64d-c245-49d2-ae7b-c590565dc902,BFP566,B001,"Bengal gram, dal (Cicer arietinum)",30,g
09c5270f-741b-475d-9226-5b67bb19ec51,OSR114,UK-17-367,Salt,0.25,tsp
09c6b6d1-c004-473e-b415-27611c4ddb7a,BFP047,UK-17-367,Salt,0.25,tsp
09c8f514-b2f1-4892-9455-5d77fa6f005f,ASC341,H018,Pistachio nuts (Pistacla vera),1,g
09cdf191-1bb7-487d-9ebf-e23b1c4f4e90,ASC419,L002,"Milk, whole, Cow",30,ml
09daccd5-8834-48a7-8f21-87c385b9e643,BFP294,L002,"Milk, whole, Cow",1,tbsp
09dd2f7e-7e97-4c77-94b6-e05203b54d5b,ASC418,US-173471,Vanilla extract,0.25,tsp
09e61c3c-a778-4ef1-b624-574e213b4140,OSR146,B021,"Red gram, dal (Cajanus cajan)",43.75,g
09f159f7-c082-4ba6-b81f-59f56382930d,ASC143,UK-17-355,Baking powder,0.25,tsp
09fb5ea4-71c2-4c00-9f44-ab37e580c1ae,OSR144,G014,"Ginger, fresh (Zingiber officinale)",0.5,tsp
09fbef92-f4fa-4e5c-8350-c4744a09a3bd,ASC313,M001,"Egg, poultry, whole, raw",50,g
09fde873-350d-4042-93dd-2b2a43aded92,ASC379,US-400113,"SIVA'S, AMHUR POWDER (DRY MANGO POWDER)",0.25,tsp
0a003e13-6109-4198-9ff1-6f89c9072d02,ASC131,UK-12-332,"Cream, fresh, single",20,ml
0a09fbd9-e9a2-4836-91c2-a8055235944f,BFP170,G012,"Garlic, small clove (Allium sativum)",0.63,g
0a0d49ab-ef1d-4e3d-b2cc-e39a0c16c6d2,OSR097,US-400113,"SIVA'S, AMHUR POWDER (DRY MANGO POWDER)",2,tbsp
0a10c48e-b09f-4b78-94f3-24686d583a5b,BFP141,G017,"Onion, big (Allium cepa)",20,g
0a1951ea-c167-4b58-aee9-ac8d6d551313,OSR120,UK-17-063,"Sugar, white",4,tbsp
0a240aea-1be4-4f30-83fc-307447d4870a,BFP179,UK-13-873,Chilli powder,0.125,tsp
0a2b85db-60ef-41bb-8fbf-cb5b7b6854ac,ASC139,G017,"Onion, big (Allium cepa)",50,g
0a2c71e1-c0d0-41eb-89cc-94f15133b212,OSR144,G033,Turmeric powder (Curcuma domestica),0.5,tsp
0a2f9a4b-c9b0-46a7-a9c9-d3dccd8525cb,ASC032,UK-17-367,Salt,0.25,tsp
0a368769-c0e6-4645-8c98-f00fde20fab3,OSR114,F006,"Potato, brown skin, big (Solanum tuberosum)",3.5,tbsp
0a387602-fd2d-4577-bf35-2e1e6dcd25ce,ASC088,D075,"Tomato, ripe, hybrid (Solanum lycopersicum)",100,g
0a40712b-a625-484e-b494-84afa665c99c,OSR077,UK-17-377,"Water, distilled",0.75,C
0a453f22-8cf4-4258-8652-3e4ae2b3d3c5,ASC184,UK-13-873,Chilli powder,0.25,tsp
0a46065c-d356-446f-ad5c-dd1bcbf52dd3,ASC514,US-172237,"Vinegar, distilled",0.5,tsp
0a4687b9-e3ce-4d2c-958b-b110db8c409a,BFP396,ANN-ING-0006,KEWRA ESSENCE,0.5,tsp
0a482d11-84d8-4164-b57c-27d5a8a12190,OSR001,G016,Mint leaves (Mentha spicata ),1,sprig
0a4d86b3-9191-455a-b0ad-98be92fdc460,ASC295,G020,"Cardamom, green (Elettaria cardamomum)",0.25,tsp
0a4e06ee-b167-471b-9c22-063c14028a4b,OSR066,UK-12-184,"Yogurt, whole milk, plain",3,tbsp
0a56aa31-57e1-4876-bb51-a0f54f724b3d,BFP545,G031,"Pepper, black (Piper nigrum)",0.125,tsp
0a5cc42f-6260-43eb-b276-3261bedab07f,OSR128,UK-17-367,Salt,0.25,tsp
0a5f7bf3-ca14-4fb3-83a7-afe5794a3475,ASC337,D007,"Bottle gourd, elongate, pale green (Lagenaria vulgaris)",100,g
0a602958-2e0d-4627-9f59-9710ca2c4904,ASC404,UK-17-661,"Butter, unsalted",25,g
0a638b43-5a74-44ba-97ea-c301c3a40c31,ASC220,D007,"Bottle gourd, elongate, pale green (Lagenaria vulgaris)",100,g
0a6aab4a-e115-4b7d-8068-4cdafa43e87f,ASC222,UK-17-661,"Butter, unsalted",2,tsp
0a996f5f-3845-4051-bd78-89b9b0be6485,ASC376,UK-11-1016,"Pizza base, raw",250,g
0aa3d382-ee8d-4aaf-8043-8bab767bdf1b,ASC379,UK-13-829,Garam masala,0.25,tsp
0aae2a8e-fdca-4f86-bff6-23c54165419d,OSR130,G012,"Garlic, small clove (Allium sativum)",1,tsp
0ab10486-e4d4-489c-8da5-6423b7f5ea38,BFP250,G017,"Onion, big (Allium cepa)",30,g
0ab3910b-53b0-4a8b-920f-907734bf5dff,ASC302,M001,"Egg, poultry, whole, raw",50,g
0ac9a67d-f185-4c86-b93f-fb38bfb42fec,ASC170,G017,"Onion, big (Allium cepa)",30,g
0acfd911-d1ae-43fd-bc52-592aa4b55819,ASC192,G012,"Garlic, small clove (Allium sativum)",1.25,g
0ad05680-97ec-433d-a019-d28b39071e5d,ASC172,F006,"Potato, brown skin, big (Solanum tuberosum)",75,g
0adbc3da-614d-47da-9b1e-f7fcff8356a1,ASC002,L002,"Milk, whole, Cow",75,ml
0ae531c8-f05b-4839-af72-e9f664adde24,BFP026,G014,"Ginger, fresh (Zingiber officinale)",5,g
0af491d7-9320-4ff2-af65-0c08af7907ee,ASC358,UK-11-1145,"Bread, white, average",60,g
0af7a311-b505-4922-a73b-5e2f8805ec49,BFP460,UK-17-367,Salt,0.125,tsp
0afdba13-0612-41e6-9895-c7753981a634,OSR062,UK-12-332,"Cream, fresh, single",2,tsp
0b080d8c-76e7-4a23-b98c-16c0786765b0,ASC327,UK-11-1145,"Bread, white, average",30,g
0b157a20-9912-46e2-81df-ec305d59b2d4,OSR038,UK-17-377,"Water, distilled",1,tbsp
0b19d697-afef-4fef-90e0-a34fc7e77044,ASC139,UK-17-045,"Oil, sunflower",1,tbsp
0b2947cb-0074-4e31-96b9-851d2db49591,ASC313,US-173471,Vanilla extract,0.25,tsp
0b30edcd-ab52-4200-af59-8e531a4b5cf6,ASC365,UK-17-367,Salt,0.5,tsp
0b3c4777-0c7c-43eb-abc8-7155ce5380ac,BFP359,UK-17-377,"Water, distilled",1,tsp
0b407f29-253e-4aed-a68e-7d58ea99811a,BFP279,US-172337,"Oil, mustard",2,tsp
0b40d558-862f-42cc-95ea-cec148bec6e5,ASC381,UK-13-829,Garam masala,0.25,tsp
0b66b572-e2cf-4a84-8564-04c6d748a825,ASC172,UK-13-873,Chilli powder,0.25,tsp
0b692fa2-0558-4e10-8dc0-36b5f597c817,ASC142,A018,"Wheat flour, refined (Triticum aestivum)",100,g
0b6c98b6-61b3-471b-9d6d-8a2ad9fee540,BFP197,G014,"Ginger, fresh (Zingiber officinale)",5,g
0b6fa663-271e-44b5-9c0d-acd62ae22eb3,OSR151,G026,Fenugreek seeds (Trigonella foenum graecum),0.25,tsp
0b745b86-60bd-482e-bac4-309d012ba4fe,ASC424,M003,"Egg, poultry, yolk, raw",48,g
0b796e07-3c30-4592-850f-5d9e2c8a96d7,ASC117,UK-13-580,"Beansprouts, mung, boiled in unsalted water",50,g
0b7bddb9-88b3-4b71-9ba5-efdf65418a78,ASC055,UK-17-063,"Sugar, white",2,tsp
0b7dc18e-02f5-4997-b977-01f50f373b69,ASC268,UK-50-1173,"Tomato sauce, homemade",1,tsp
0b9cc30b-c07a-469a-b17d-a363cdee55b7,ASC060,UK-12-527,"Cheese, processed, plain",15,g
0b9d4e65-9a29-46c1-b57b-661b13185769,ASC047,UK-17-063,"Sugar, white",2,tsp
0ba4c0a7-a889-42ca-a824-a4d4133c1726,ASC067,UK-17-367,Salt,0.25,tsp
0ba86e96-48ae-4aaf-99a8-1002ae570407,BFP039,G017,"Onion, big (Allium cepa)",30,g
0bbd3840-3f9b-4c5b-97e5-df2a73ebc26e,OSR112,G031,"Pepper, black (Piper nigrum)",0.25,tbsp
0bbd58e8-19aa-4172-b8ba-0e0d2af74723,ASC456,UK-17-045,"Oil, sunflower",2,C
0bc2f592-cc9c-448a-b94d-5b122d3efc01,ASC313,UK-12-332,"Cream, fresh, single",80,g
0bc9cac6-ac33-42b7-9ede-2187afd43773,ASC426,ANN-ING-0016,Syrawberry flavour,0.25,tsp
0bcbaa67-1223-4731-8ac3-6f554c01ea86,ASC228,G031,"Pepper, black (Piper nigrum)",0.5,tsp
0bce2d17-5497-4ec4-b677-e17a75d3a07c,BFP573,UK-17-367,Salt,0.25,tsp
0bdd7db9-1bac-42cb-9e5d-71cc137e2070,BFP451,G016,Mint leaves (Mentha spicata ),10,g
0be3c4ae-40c1-4249-a8e9-78eefb11b77f,ASC223,G023,Cloves (Syzygium aromaticum),0.25,tsp
0bea445f-b431-4127-9c78-1d50044af848,OSR108,G031,"Pepper, black (Piper nigrum)",0.3,tsp
0bf799a2-0166-4bbe-b9e8-2c5205d6505d,OSR009,UK-14-820,Coconut milk,100,ml
0c099189-7785-4d30-88cf-ca03732f638f,ASC218,D075,"Tomato, ripe, hybrid (Solanum lycopersicum)",50,g
0c0d0e86-c330-41bd-bf0b-1c9d0b4cf7c1,BFP565,I001,"Jaggery, cane (Saccharum officinarum)",30,g
0c12e2c3-e39c-4dba-9329-e22510a56d99,BFP066,F002,"Carrot, orange (Daucus carota)",150,g
0c1f8314-3fac-476f-8783-d6339ec47759,ASC512,UK-17-367,Salt,10,g
0c2607e4-ede3-49bf-ba45-5d8250fd304d,ASC282,E057,"Raisins, dried, black (Vitis vinifera)",1.5,g
0c29b431-489a-4967-bc70-56fc0de83ca3,BFP415,UK-17-367,Salt,0.25,tsp
0c334c74-f4ff-4733-ad55-0e141a767a72,OSR077,UK-17-367,Salt,0.5,tsp
0c3f8b01-a93b-44eb-8e0c-94599e31bf6f,BFP066,UK-13-806,"Bay leaf, dried",0.4,g
0c415534-4aa4-4628-ab78-93326904a589,BFP108,UK-17-045,"Oil, sunflower",15,g
0c43535e-6141-4cbf-ad67-bfe458a09427,ASC224,UK-50-1173,"Tomato sauce, homemade",1,tbsp
0c44ff4b-d053-4c2d-9aa3-585d63644eb8,BFP278,G012,"Garlic, small clove (Allium sativum)",0.25,tsp
0c4f9624-1238-4076-9139-939aba27b7b1,ASC385,G008,"Chillies, green - all varieties (Capsicum annum)",3.33,g
0c5546bf-3ae3-4f3b-b668-e7e473c6e656,OSR025,H001,Almond (Prunus amygdalus),0.14,g
0c56620d-1838-411b-9df8-4964fc61a0d6,BFP352,UK-17-063,"Sugar, white",30,g
0c56b464-2f38-40be-bdea-523491f2d0d6,OSR096,US-806241,HIMALAYAN BLACK SALT,0.5,tsp
0c582b48-8112-4553-b859-8ae0e6344d68,OSR080,G012,"Garlic, small clove (Allium sativum)",11.25,g
0c6d6ffa-6f62-42bf-aa43-a5a53425ab16,BFP249,UK-12-332,"Cream, fresh, single",1,tbsp
0c6e1987-7a59-422e-b600-952bd6b7d303,ASC377,US-400113,"SIVA'S, AMHUR POWDER (DRY MANGO POWDER)",0.25,tsp
0c73853a-aad7-49e3-b570-5cd5e2951aa1,ASC253,UK-12-332,"Cream, fresh, single",25,g
0c83a364-4b9f-4125-9cb9-b694a93c6b5b,OSR016,A019,"Wheat flour, atta (Triticum aestivum)",195,g
0c89ccae-e40c-4288-a0b9-5e3da5684dd5,ASC444,A018,"Wheat flour, refined (Triticum aestivum)",50,g
0c8e8a4a-af6b-4d11-89be-8c9dca3c46f1,ASC464,H011,"Gingelly seeds, white (Sesamum indicum)",10,g
0c906387-7dc9-47a9-964f-d9da51ed4350,ASC370,UK-11-1145,"Bread, white, average",2,tbsp
0c9792a5-5f43-43ee-8471-f15881e3768a,ASC449,UK-17-356,Bicarbonate of soda,0.25,tsp
0c9bbedb-5e47-440f-b2b0-38466016d5fb,ASC361,G014,"Ginger, fresh (Zingiber officinale)",6.33,g
0c9ff756-7bf8-4a7a-89df-3d1730bf9df3,ASC216,UK-13-829,Garam masala,0.25,tsp
0ca207cf-bd27-4f2a-9c27-344d92b50389,BFP206,UK-13-570,"Tofu, soya bean, steamed",20,g
0ca3f05b-3958-43db-8634-adc688a5b5f2,ASC046,UK-13-881,"Pepper, white",0.25,tsp
0ca44340-74eb-469a-a2ab-cfe5c80845ec,BFP122,G017,"Onion, big (Allium cepa)",20,g
0ca4c9ad-e80e-478e-a2cc-c566aa839d5c,BFP388,UK-17-377,"Water, distilled",2,tbsp
0ca641c5-b2e5-4d0c-ba0b-d8d52ae94a5f,ASC150,UK-17-377,"Water, distilled",4,tbsp
0ca7242f-5ad3-4995-905a-d746d48a7de0,BFP539,F006,"Potato, brown skin, big (Solanum tuberosum)",60,g
0cab5238-fe5a-4db7-b05b-2d465272af3f,OSR152,A018,"Wheat flour, refined (Triticum aestivum)",2,tbsp
0cac3103-6f5c-466f-a1cc-288f11a6d779,ASC353,UK-11-896,"Flour, gram",50,g
0cb3af26-dcb3-41af-8265-922ab7a1dc34,ASC069,G031,"Pepper, black (Piper nigrum)",0.375,tsp
0cb8af39-e5cb-40f4-a879-ff8cab2b23c7,BFP336,L002,"Milk, whole, Cow",200,ml
0cb98dec-c85e-4a3e-9937-c06a02297905,ASC257,UK-17-367,Salt,0.25,tsp
0cbfb503-625b-43c6-916f-2eeb41a6ac36,OSR050,UK-17-377,"Water, distilled",480,ml
0cc4d2b6-d3e1-49f4-b453-7b8c4bc943b8,BFP502,A018,"Wheat flour, refined (Triticum aestivum)",30,g
0cc6d2b1-1400-4abf-8905-38dc46b91465,ASC180,UK-17-045,"Oil, sunflower",2,tsp
0cc9b004-86d2-41af-87bf-cd80b2a2ec1d,BFP203,D043,"Cucumber, green, elongate (Cucumis sativus)",10,g
0ccd0525-ff4e-4ed7-bf46-5eb34f1a4dff,ASC197,G033,Turmeric powder (Curcuma domestica),0.25,tsp
0cde24ce-0584-4291-80a9-08ae2f0736e0,ASC400,UK-17-377,"Water, distilled",2.5,tsp
0ce05617-0292-4879-a907-08cfc29a18d0,BFP003,UK-17-367,Salt,75,g
0ce96a1f-11bf-478d-a8f6-3f79b251c0d3,ASC231,UK-17-045,"Oil, sunflower",1,tsp
0ceda1b8-7cef-43ae-9b17-37affe1a7320,BFP461,H021,Walnut (Juglans regia),2.5,g
0cf2c17e-40e5-4785-8716-5427a9095b11,BFP278,D061,"Peas, fresh (Pisum sativum)",20,g
0cf2d6ca-55b6-4979-8513-77112af9c73e,ASC229,UK-13-874,"Cinnamon, ground",1.25,g
0d00a92a-4658-42e5-80ae-a4ee17d66eba,BFP047,UK-17-367,Salt,0.25,tsp
0d00c1af-3147-4d24-8869-6a29daac9a29,ASC352,US-806341,AJWAIN SEED WHOLE ORGANIC SPICES,0.25,tsp
0d042efa-8c08-437e-8e3d-b2f458ca3a42,ASC120,ANN-ING-0003,Orange and green color,0.5,tsp
0d0558c4-4503-4d1e-8fa5-ec5ea541f8a1,BFP569,A012,Rice puffed (Oryza sativa ),20,g
0d06f554-b2cc-4860-8566-6c53755c4968,ASC468,UK-13-580,"Beansprouts, mung, boiled in unsalted water",50,g
0d0dda84-deab-4963-b05d-9dbfeb02f6dd,BFP163,UK-17-367,Salt,0.25,tsp
0d10168a-3f56-4945-bd41-a3d51c719f47,ASC230,UK-13-873,Chilli powder,0.25,tsp
0d1fff90-9096-4a83-834b-034a35548b69,ASC045,UK-19-496,Ham,15,g
0d383e9e-a4e7-4fd9-aa47-37e46a8e1596,ASC228,UK-17-367,Salt,0.5,tsp
0d388b19-e90f-43e4-8c1a-935a13ce0ce2,BFP316,UK-13-829,Garam masala,0.25,tsp
0d3c5afe-644f-4bbd-b4ee-bf24fbf6e142,ASC169,G031,"Pepper, black (Piper nigrum)",0.5,tsp
0d404d51-ec2e-4b73-a479-e2351e613f19,BFP019,ANN-ING-0022,Green colour,0.25,tsp
0d45113a-1a1c-4811-804f-076d72972f4d,ASC399,UK-17-063,"Sugar, white",1,tbsp
0d4c6c15-b41f-47da-bd4e-e589cbc74999,OSR087,US-1097906,"Sour cream, regular",180,g
0d50fc25-1ed3-486a-9d20-876b2a20bed8,ASC131,UK-13-352,"Spring onions, bulbs and tops, raw",30,g
0d5d8b17-4b6c-4772-8aec-7aa5431ff4b6,BFP221,N003,"Chicken, poultry, breast, skinless",120,g
0d68fa61-c794-491f-bc2e-c2b112cb6eab,ASC330,UK-13-874,"Cinnamon, ground",0.25,tsp
0d6f6d13-e860-4949-8d59-f3446075ca61,ASC221,UK-17-367,Salt,0.5,tsp
0d7538c4-b4d9-42fe-8f4c-445670f512a5,OSR005,H001,Almond (Prunus amygdalus),22.2,g
0d757f01-c19b-4743-b41a-8cebb6f431d6,ASC181,G010,Curry leaves (Murraya koenigii),1,sprig
0d75a4b7-ce6f-43a5-a960-456f0105ae96,ASC069,UK-13-389,"Turnip, flesh only, raw",25,g
0d7947cf-bca4-4e38-84bf-233823b0b4fe,OSR042,US-169103,"Orange peel, raw",10,g
0d7ca5e3-5b75-49b3-a492-31df5a9f4a1a,OSR004,UK-17-050,Honey,1,tbsp
0d8940ba-4ebd-4cb3-b5f6-5311d4b33472,ASC057,UK-17-045,"Oil, sunflower",0.5,tbsp
0d89cdf0-666f-4613-a89f-f79fd70de358,ASC400,UK-17-362,Mustard powder,0.25,g
0d944c8a-5c1b-463e-82f4-1a2529104918,ASC112,UK-17-640,"Ghee, butter",2,tbsp
0d96016a-15d9-4884-8e8e-b50aceee0158,ASC199,UK-13-873,Chilli powder,0.125,tsp
0d9f8a0b-0b1c-4e2b-87a9-ac7a189d771a,OSR056,UK-13-342,"Shallots, raw",250,g
0db50ed4-aac7-4c55-a54d-13fbf5a76b9e,OSR076,G025,Cumin seeds (Cuminum cyminum),0.5,tsp
0db78d6b-ceb5-46a8-ad38-f736a337eafb,ASC396,UK-17-661,"Butter, unsalted",30,g
0dbaa606-06f6-4525-9531-a322b1dadaf7,BFP546,H012,Ground nut (Arachis hypogea),5,g
0dbe2ca7-7bf7-4733-af59-72d92e3c0406,BFP246,G021,"Cardamom, black (Elettaria cardamomum)",0.5,tsp
0dc540a1-29af-4f06-b793-d1078e83e572,ASC064,G017,"Onion, big (Allium cepa)",50,g
0dc91f7d-1386-40a0-a3cd-93e7363bef21,BFP203,D033,"Capsicum, green (Capsicum annuum)",20,g
0dcc6da6-42a9-491b-a319-fe7260a805d4,ASC200,UK-13-829,Garam masala,0.25,tsp
0dccf818-f02e-44c6-ac9b-ef1b71d1a5c4,ASC086,L002,"Milk, whole, Cow",0.25,C
0dcd8bbb-acf5-4814-8ccd-e364020baf11,OSR030,G008,"Chillies, green - all varieties (Capsicum annum)",13.32,g
0dd2118a-15bf-4a37-b18b-641827460719,ASC080,G031,"Pepper, black (Piper nigrum)",0.375,tsp
0dd699a7-e2bd-4767-8082-b331f85a349a,BFP456,D075,"Tomato, ripe, hybrid (Solanum lycopersicum)",60,g
0dd7343f-8ab0-4957-acf0-911349769053,BFP511,A022,"Wheat, semolina (Triticum aestivum)",10,g
0dd75670-d0b2-4a8b-842c-ccd00746eb34,ASC140,UK-11-1045,"Flour, corn",2,tbsp
0ddd1895-86c8-4298-b311-4d7dc515796e,BFP003,G025,Cumin seeds (Cuminum cyminum),30,g
0dea6e78-aae3-4187-b44e-63087b67d14d,BFP177,G008,"Chillies, green - all varieties (Capsicum annum)",3.33,g
0decbc4e-5d76-4bae-9447-c4271453bc12,ASC148,G026,Fenugreek seeds (Trigonella foenum graecum),0.25,tsp
0df0218d-2aa3-4fe2-98d5-f08409acf0a1,ASC181,G008,"Chillies, green - all varieties (Capsicum annum)",3.33,g
0df12a5b-3c04-4697-88c0-478ef24250b9,ASC412,L003,Paneer,50,g
0df1edf2-f765-4e37-af25-117392aa05c6,OSR144,B010,"Green gram, dal (Vigna radiata)",43.75,g
0dfb2d19-e22a-481c-b438-65352d676bd9,OSR144,UK-17-640,"Ghee, butter",2,tbsp
0dffd001-38e3-4383-a075-0bcc67eb8731,ASC031,UK-17-654,"Mayonnaise, standard, retail",1,tbsp
0e00881d-bbc1-43e9-86d0-1f2de6eec54e,ASC224,UK-17-045,"Oil, sunflower",480,ml
0e019668-0509-4905-8412-df10be49dcc2,OSR065,UK-17-726,"Stock cubes, chicken",0.5,C
0e027b7c-8d30-43ba-8eb6-023d038d0de8,OSR141,G033,Turmeric powder (Curcuma domestica),2,tsp
0e0507ba-2db2-4339-a644-ed466b7a2596,ASC423,E009,"Banana, ripe, montham (Musa x paradisiaca)",97.5,g
0e0acc01-76c5-4a3b-bfc9-e36eed4d5327,ASC450,UK-13-874,"Cinnamon, ground",0.25,tsp
0e11d1a0-e379-4dff-9521-f979e1aedf10,BFP079,UK-17-367,Salt,0.125,tsp
0e11f320-9a55-4852-8c94-a57852710bd4,ASC427,US-173471,Vanilla extract,0.5,tsp
0e135765-5a7c-4b28-b6b1-062baa29ed8b,OSR108,B001,"Bengal gram, dal (Cicer arietinum)",1.35,tbsp
0e155410-d3ac-43db-897b-ea0a1ecc749a,ASC199,G014,"Ginger, fresh (Zingiber officinale)",5,g
0e18f5bf-6a0a-4039-8439-61a48f98c428,ASC506,UK-17-063,"Sugar, white",1450,g
0e195314-837f-4684-bf0c-3dca693cc51d,BFP415,UK-17-045,"Oil, sunflower",240,ml
0e286f15-e776-4cda-9dd9-fd421fcd16ff,OSR144,G012,"Garlic, small clove (Allium sativum)",0.5,tsp
0e3912de-7de7-4069-bc86-2f50bab75457,BFP472,M001,"Egg, poultry, whole, raw",50,g
0e3d0d63-4b64-437b-bf98-921c701fb71f,BFP545,UK-17-367,Salt,0.125,tsp
0e3e24df-6db9-4ea1-bc2d-063a9967df6d,OSR136,G008,"Chillies, green - all varieties (Capsicum annum)",3.33,g
0e47cdd9-fda1-489a-a1a2-f172a633eda2,BFP124,UK-17-661,"Butter, unsalted",10,g
0e4a9ee1-7912-4de2-988c-4c50ad998c3f,ASC131,UK-17-367,Salt,0.25,tsp
0e4c2fe9-ecd2-4527-8365-f23378d8ec9f,BFP439,UK-17-377,"Water, distilled",4,tbsp
0e4d8992-f896-44a8-89d9-6c2f31d427e2,ASC094,G016,Mint leaves (Mentha spicata ),1,sprig
0e4fb531-b061-483b-bfb0-d6c351a0ac9b,BFP367,M001,"Egg, poultry, whole, raw",50,g
0e5834ae-8d06-4078-8abf-2db592f04d86,ASC367,H012,Ground nut (Arachis hypogea),20,g
0e697d0d-d76a-47d1-8179-d66ae93e5009,BFP250,M001,"Egg, poultry, whole, raw",1,tsp
0e6cde8f-7fb3-47b0-8406-a838c4fe1758,ASC127,E064,"Tamarind, pulp (Tamarindus indica)",20,g
0e7f50cb-f91a-4ea6-8b0f-2101c40bd9ca,BFP354,L002,"Milk, whole, Cow",150,ml
0e880be7-add8-4123-9d0f-6859a5d5c3a0,BFP043,G008,"Chillies, green - all varieties (Capsicum annum)",3.33,g
0e8830d3-15d7-496d-9bf1-684bc234c134,OSR087,G022,"Chillies, red (Capsicum annum)",0.125,tsp
0ea960ad-a78c-4959-b4bc-87274fa73263,OSR093,M001,"Egg, poultry, whole, raw",50,g
0eb2ce46-5c71-4c94-af2a-ff1b6962ebf7,ASC042,G008,"Chillies, green - all varieties (Capsicum annum)",1.67,g
0eb891ae-b1e4-4c23-bfc0-f770655c86f2,BFP523,UK-17-063,"Sugar, white",45,g
0eba1b6a-e930-4147-bbca-feb761162980,ASC308,H005,Cashew nut (Anacardium occidentale),6.25,g
0ec7762a-2a10-4333-8bc8-c98884c972b8,ASC129,UK-13-352,"Spring onions, bulbs and tops, raw",50,g
0ee07b62-6b3c-4420-a993-541ef424d353,ASC363,UK-17-367,Salt,0.25,tsp
0eef1aae-6250-4fb4-8898-069a366e31a6,ASC200,UK-17-045,"Oil, sunflower",480,ml
0ef2c73c-1155-463f-9ccc-1c34afc9373e,BFP547,A003,Bajra (Pennisetum typhoideum),50,g
0ef53032-b68a-48e4-aa54-5273b3c19c39,ASC424,UK-17-045,"Oil, sunflower",50,ml
0efbc10e-6ba0-4c97-bbc0-f4ce4a48ec63,ASC175,UK-13-829,Garam masala,0.125,tsp
0effe98a-e5cf-4e02-92dc-19dcd771ca0c,ASC353,UK-17-367,Salt,0.25,tsp
0f0c506c-dd2c-447f-a1c3-5f519abd03c9,ASC388,UK-17-719,Chilli sauce,1,tsp
0f24c9a6-7416-4a0e-8c13-120fe1afffd4,OSR105,H006,"Coconut, kernal, dry (Cocos nucifera)",40,g
0f24f556-1f5c-43a6-8dca-84c60de8847c,BFP125,UK-17-661,"Butter, unsalted",2,tsp
0f3a328e-b508-4647-bf79-924b64f4d03e,ASC174,UK-17-045,"Oil, sunflower",1.5,tsp
0f3d25b0-8fb7-4562-a787-a6479873272e,OSR087,US-1860491,"DIJON MUSTARD, DIJON",2,tsp
0f3df04d-0606-4b36-9527-7b58fa3c2e40,BFP421,G012,"Garlic, small clove (Allium sativum)",0.63,g
0f3e05cf-81b5-4fdd-8e31-7e1b6015bda4,ASC469,UK-13-580,"Beansprouts, mung, boiled in unsalted water",30,g
0f43ec43-7793-4165-930f-e300ac153f25,ASC016,UK-17-377,"Water, distilled",7.5,tbsp
0f445502-5e61-47a1-af5c-87e770b233db,ASC383,G008,"Chillies, green - all varieties (Capsicum annum)",3.33,g
0f4472ff-bb0b-428d-adfe-07b785e388d3,ASC311,UK-14-335,"Cherries, glace",5,g
0f51fd61-2335-452e-8311-39516ef56079,OSR086,N003,"Chicken, poultry, breast, skinless",280,g
0f55a636-d95f-4c45-b2ea-d046b7c4ee74,ASC152,G017,"Onion, big (Allium cepa)",10,g
0f56d3d1-7a67-4bd4-ab7a-9a066ae29003,ASC340,UK-11-896,"Flour, gram",50,g
0f56f8fa-55ba-480c-a4e2-f000893abc33,BFP058,UK-17-719,Chilli sauce,0.5,tsp
0f711045-e22b-4813-a3c5-cf71c1230f99,ASC311,UK-12-332,"Cream, fresh, single",20,g
0f7821b0-74cb-4ff4-868f-9ce3a86e0916,ASC239,UK-18-481,"Lamb, mince, raw",125,g
0f79670c-ae97-4aaa-80de-47e8e9100b07,BFP187,UK-17-367,Salt,0.25,tsp
0f7b9b10-4572-4df7-9544-2b7358a95483,OSR050,UK-17-063,"Sugar, white",1,tsp
0f89f124-70f4-4069-8c88-0f51e0377030,BFP272,H007,"Coconut, kernel, fresh (Cocos nucifera)",15,g
0fa59ec6-36cc-4da4-9da3-48cd4d829a0b,ASC136,UK-12-527,"Cheese, processed, plain",10,g
0faabf3a-81bc-443b-9076-648d17c4b9ef,BFP024,UK-17-063,"Sugar, white",30,g
0fabe9cd-341a-4db1-b257-5b461e996241,ASC202,UK-13-829,Garam masala,0.25,tsp
0faf17d9-e113-4cd7-8749-f97b88b09da7,ASC141,UK-17-367,Salt,0.25,tsp
0fb029ca-94a3-4f53-9124-a3ad7cda8c08,OSR112,UK-13-874,"Cinnamon, ground",0.75,tsp
0fb2ce3d-2fb8-45d6-9f9f-6f5fc05ad54b,ASC413,M001,"Egg, poultry, whole, raw",100,g
0fc95dc7-d4f3-45e7-8b7d-dbbc2b873b6e,OSR029,G008,"Chillies, green - all varieties (Capsicum annum)",1,tsp
0fcdc86a-ec9e-489d-bebf-592b0e7c93f4,BFP415,UK-17-377,"Water, distilled",45,ml
0fd65b4e-35ea-46df-be0f-d9cff7df8106,BFP360,ANN-ING-0005,Red colour,0.25,tsp
0fe44375-a05f-4e17-9bfd-186434fb76e2,ASC408,UK-17-661,"Butter, unsalted",30,g
0fe5b48d-2fe9-4813-8b3e-bad1baec4835,BFP457,UK-17-661,"Butter, unsalted",10,g
0fe6a65d-9e5d-41cb-a3be-eee535ce950b,ASC386,H013,Mustard seeds (Brassica nigra),0.125,tsp
0ff418b9-4462-4606-ac57-62a82c799c97,OSR144,D075,"Tomato, ripe, hybrid (Solanum lycopersicum)",100,g
10026280-16f2-4c39-b800-b7b99b87ce8d,ASC268,D033,"Capsicum, green (Capsicum annuum)",1,tsp
1003f00e-d99f-415b-bf49-3b809a407fd6,ASC385,G014,"Ginger, fresh (Zingiber officinale)",3.17,g
101e7ebc-497e-4d04-b5e2-2804c562afca,BFP354,UK-17-158,"Coffee, powder, instant",1,tsp
102621b7-e520-4ab8-9a22-462e841a644a,BFP029,UK-17-367,Salt,0.5,tsp
102be4ce-fd5c-40b9-b208-e987701f1bfd,BFP364,L002,"Milk, whole, Cow",0.75,C
103b3585-3851-4148-a2ec-d57b5a95aaa8,BFP491,UK-13-874,"Cinnamon, ground",0.125,tsp
1044ee0b-2659-4c93-a62d-a84dc433e798,BFP531,UK-17-063,"Sugar, white",22,g
104f1877-f3e2-4d43-ae13-c5330d2c37f6,ASC174,C020,Fenugreek leaves (Trigonella foenum graecum),75,g
10573bd9-9799-4691-a9c2-5e1eeffd711f,ASC121,G023,Cloves (Syzygium aromaticum),0.25,tsp
105e50d9-a83a-40e8-8c2d-ae64c5826087,BFP201,UK-17-045,"Oil, sunflower",240,ml
10681f5d-68d5-411c-9d0c-1052e64aaf14,BFP015,E009,"Banana, ripe, montham (Musa x paradisiaca)",80,g
1068b26e-efbd-4a39-9794-99006fd15f15,BFP168,G008,"Chillies, green - all varieties (Capsicum annum)",1.67,g
107a0a0f-d27f-4bb4-913e-8c17b6ca1ca5,ASC028,UK-17-362,Mustard powder,0.25,tsp
1080e5bd-f722-459e-b336-8d1f4bdfa9eb,ASC149,UK-17-367,Salt,0.25,tsp
1081c2c8-5a69-4d73-a972-c60adf04c216,ASC182,H013,Mustard seeds (Brassica nigra),0.25,tsp
1091a17c-0035-4f5a-9e61-74819aa7d10c,ASC138,G017,"Onion, big (Allium cepa)",40,g
10920303-6d2f-405b-8dda-bdf3204a86d4,ASC351,UK-11-896,"Flour, gram",50,g
10934783-cb48-4cb8-954a-5f2fbc4c2744,ASC358,US-806341,AJWAIN SEED WHOLE ORGANIC SPICES,0.25,tsp
109a042b-1a20-4e19-b6ff-4af6ae072ab6,ASC450,M001,"Egg, poultry, whole, raw",16.6,g
10a354bf-4f61-406c-a46f-449e604a955c,ASC119,UK-17-367,Salt,0.75,tsp
10aa71fb-86aa-41a5-b60e-d268bb73047c,ASC106,A019,"Wheat flour, atta (Triticum aestivum)",50,g
10ab461a-fece-4426-a358-ca9032bd9601,ASC319,UK-12-332,"Cream, fresh, single",60,ml
10af8132-bada-4607-8612-ad72bda3d556,ASC116,UK-17-367,Salt,1,tsp
10b0ab84-d6b6-4de5-bf9a-7cb7cb6c81af,ASC386,UK-14-130,"Lemons, flesh only, raw, weighed with peel and pips",35,g
10b4dfb1-a131-4793-8369-019e46f794c0,ASC139,UK-17-367,Salt,0.25,tsp
10b7e610-b928-4587-85dd-f056a6d2239c,OSR069,UK-17-038,"Oil, olive",1,tbsp
10be8d59-105d-468c-a6db-d0e2c3bc39a7,ASC295,F002,"Carrot, orange (Daucus carota)",200,g
10c4dccc-a65a-4e20-8eeb-ab7304d2d1f8,OSR154,G012,"Garlic, small clove (Allium sativum)",4.5,g
10c77d5d-59ad-4129-813f-728c81e7cf32,ASC207,UK-12-184,"Yogurt, whole milk, plain",1,tbsp
10cac700-94a9-40d4-8922-d7d57b25faca,ASC204,UK-13-873,Chilli powder,0.125,tsp
10cad8ba-0f2b-4d5c-85d4-e6e2f29baf81,OSR144,UK-17-640,"Ghee, butter",2,tbsp
10cc7a89-bfa7-496d-8f40-97440691f667,BFP264,UK-17-045,"Oil, sunflower",1,tbsp
10d06466-ff06-4201-8f53-0571869312c8,ASC339,H005,Cashew nut (Anacardium occidentale),50,g
10ded8ba-ef55-47f5-b0d4-5e8f63451dc4,OSR077,UK-13-806,"Bay leaf, dried",0.2,g
10e18f89-6cee-4fe7-9de4-1367f2ad4546,ASC037,UK-17-661,"Butter, unsalted",10,g
10e4fc66-29c2-4b9e-9ae0-67df90317e86,BFP187,UK-17-045,"Oil, sunflower",15,g
10e93c89-a9d7-4ee8-bad2-72d9c5a32253,ASC231,UK-13-827,Fennel seeds,0.5,tsp
10ec4600-f4aa-4ecf-98ef-fc0cb6840cbc,BFP240,G025,Cumin seeds (Cuminum cyminum),0.125,tsp
10ed4da0-f397-44c8-931c-83024d4609ee,BFP043,UK-17-377,"Water, distilled",100,ml
110447e7-9323-4497-9b02-7c40b74a1166,BFP347,UK-17-360,Gelatine,0.25,tsp
1109709a-a6c0-4707-b70f-67711baedd4c,ASC121,G025,Cumin seeds (Cuminum cyminum),0.25,tsp
1111c1b2-e954-4274-94fa-01bd005d9a04,BFP194,G017,"Onion, big (Allium cepa)",20,g
1113bb80-2cbd-43d6-9195-6da03a1814dd,ASC297,F006,"Potato, brown skin, big (Solanum tuberosum)",125,g
111576ca-6fde-43cd-9bbd-2cf8850906cc,ASC135,UK-17-045,"Oil, sunflower",1,tsp
111a5255-991d-4ccf-acd2-4ba5810465bf,BFP217,G017,"Onion, big (Allium cepa)",30,g
11293382-5dcc-4921-8f93-c34f70feb1b5,BFP222,G014,"Ginger, fresh (Zingiber officinale)",10,g
11298fdf-a746-4c83-8a95-c56545336a24,ASC226,G017,"Onion, big (Allium cepa)",75,g
11396353-61b6-4058-b1cf-60b04680b655,OSR116,UK-17-661,"Butter, unsalted",1.5,tbsp
113c9e9b-f155-4142-ae9d-65d3002ea85f,BFP125,UK-17-367,Salt,0.125,tsp
11407858-4945-4eb0-b97a-90c4d8677b60,OSR100,UK-17-045,"Oil, sunflower",0.75,tsp
114393c3-41b5-4d48-8ddd-23557dc9eec2,ASC114,UK-17-377,"Water, distilled",160,ml
114480e9-5746-4a6e-8cdf-7203a393a96b,ASC276,F006,"Potato, brown skin, big (Solanum tuberosum)",55,g
1149207f-3a51-4a85-8868-97b8bb749ecc,OSR112,D061,"Peas, fresh (Pisum sativum)",145,g
115355b4-5226-4525-a941-cbdc4a851142,ASC404,UK-17-063,"Sugar, white",50,g
11541415-4dc2-4eeb-ad46-276982184324,ASC128,D037,Celery stalk (Apium graveolens),17,g
1157ef24-943d-4787-a270-c134105b4bf7,BFP293,D036,Cauliflower (Brassica oleracea var. botrytis),100,g
11590db8-7c99-4a3f-bf45-8aacc28008ad,BFP222,G012,"Garlic, small clove (Allium sativum)",1.25,g
1165a28b-f3a0-4739-9d03-7be1bd7c049d,OSR067,UK-13-883,"Thyme, dried, ground",1,tsp
1170ef48-c98d-453d-9b5b-10755cee2f42,ASC497,UK-17-377,"Water, distilled",750,g
117c8522-55f8-45c7-afdc-b65afb301fb9,BFP484,UK-17-062,"Sugar, icing",60,g
1183625a-d227-4994-ac5b-1c89c0593306,ASC247,US-806341,AJWAIN SEED WHOLE ORGANIC SPICES,0.125,tsp
118a4d5e-dd9a-4e66-9e44-201f2b773897,BFP518,M003,"Egg, poultry, yolk, raw",5.33,g
118ed1c7-08c4-49c1-a1f6-b81064224f5e,BFP057,UK-17-661,"Butter, unsalted",10,g
11902971-9f68-40f9-992d-6945efb0fac6,ASC247,UK-13-829,Garam masala,0.125,tsp
1190c5a7-72b4-40af-b244-b22917a51f54,ASC371,C033,Spinach (Spinacia oleracea),25,g
1193aa51-8d87-42d2-b70e-52db806fe02c,ASC030,US-400113,"SIVA'S, AMHUR POWDER (DRY MANGO POWDER)",0.25,tsp
11995c66-7d35-41c0-8de5-235fd9909989,ASC376,UK-17-367,Salt,0.5,tsp
119acaf2-c173-4628-85ef-36f8375a575d,ASC040,UK-17-367,Salt,0.25,tsp
119b204a-abe6-4304-bf5c-3da6fc8fc3fa,ASC477,US-585551,ROASTED CHICKPEAS,30,g
11a0c083-0c2c-44d9-8c29-a2d7e8042c4b,OSR059,E057,"Raisins, dried, black (Vitis vinifera)",1,tbsp
11bf4e9e-5934-411d-9a4e-89500485993f,BFP261,C015,"Cabbage, green (Brassica oleracea var. capitata f. alba)",60,g
11c2bf3e-f40b-45a1-bdd8-4a0e24759886,ASC334,M001,"Egg, poultry, whole, raw",100,g
11c3b156-6c68-4fdd-8834-bba8b23522d6,BFP024,UK-13-873,Chilli powder,0.25,tsp
11c6903d-0363-4652-b10d-6abc4eb400fa,ASC194,G014,"Ginger, fresh (Zingiber officinale)",5,g
11d5db06-f88c-452a-a9b4-a659a0c2ec1c,BFP363,UK-17-377,"Water, distilled",30,ml
11d5dc74-7d0c-44b7-8c32-b91f4c101e19,BFP517,M001,"Egg, poultry, whole, raw",8.6,g
11d84399-baef-428c-811f-5162c113b438,ASC117,F002,"Carrot, orange (Daucus carota)",50,g
11d9a130-d69c-4daa-a327-3cfae8e6517f,OSR100,UK-17-367,Salt,0.5,tsp
11de17d6-6851-4e00-9930-1557e9fb426d,ASC334,L002,"Milk, whole, Cow",0.25,C
11e05a20-8425-4324-bd6e-ada51f8a3b60,OSR030,B020,"Rajmah, red (Phaseolus vulgaris)",184,g
11e109e8-9c0b-4e21-a659-2a27ed6048f7,OSR066,G020,"Cardamom, green (Elettaria cardamomum)",1,tsp
11e249f7-44cf-403b-9910-2cfe2d14da1f,BFP199,G014,"Ginger, fresh (Zingiber officinale)",5,g
11e3f58b-3fb3-4b7f-abcd-85285147fea9,OSR024,L002,"Milk, whole, Cow",0.5,tbsp
11e75d0e-510e-4c0c-a59e-ad89493bbff3,ASC415,G031,"Pepper, black (Piper nigrum)",0.125,tsp
11f125da-7855-4fb4-a9eb-9d83ebfbf77b,ASC372,G031,"Pepper, black (Piper nigrum)",0.125,tsp
11f2b9b3-12d7-466c-b87a-de051404475d,ASC151,UK-17-377,"Water, distilled",1,C
11fdc7ca-1160-402b-a50f-a55f4a89229a,ASC190,UK-13-873,Chilli powder,0.25,tsp
1201d922-43b7-4b13-be18-ffe815446183,BFP163,G008,"Chillies, green - all varieties (Capsicum annum)",10,g
12049c00-5154-457a-a596-d9fae5fba49a,BFP576,C004,"Amaranth leaves, red and green mix (Amaranthus gangeticus)",50,g
1204bd5f-a30c-4d0a-bd5e-2da84fa6df8f,ASC136,UK-17-661,"Butter, unsalted",1,tsp
120ae490-11e4-4dc0-84ae-057651437440,BFP412,B001,"Bengal gram, dal (Cicer arietinum)",40,g
120e3ed4-6a7d-4e83-9153-37ac7a2b046a,ASC453,A018,"Wheat flour, refined (Triticum aestivum)",50,g
1210dc8e-3926-4a43-8b52-2872e9d355e4,BFP059,UK-17-377,"Water, distilled",720,ml
1210fb6f-f8fa-4c44-8ec7-f85ecb3f326b,ASC110,G014,"Ginger, fresh (Zingiber officinale)",10,g
1214c192-9cf4-4757-a3c5-2d7c48795d51,BFP239,UK-13-806,"Bay leaf, dried",0.4,g
1218d35c-91b5-40b4-b8b0-91c5076d0a3b,BFP199,G031,"Pepper, black (Piper nigrum)",0.75,tsp
1219af32-6487-46ac-8210-eb08270b99d6,OSR094,UK-12-346,"Cheese, Cheddar, English",132,g
121b4a35-67d9-4c69-8ad4-bc96cc59f832,BFP246,G033,Turmeric powder (Curcuma domestica),0.125,tsp
121cd6b3-02ec-4e86-9c29-a2abd829a88b,BFP221,UK-50-1173,"Tomato sauce, homemade",1.5,tsp
12226acc-9c23-4f12-9d42-d658e1398a5a,ASC439,E014,"Cherries, red (Prunus cerasus)",10,g
12257286-1bfb-482a-a1ff-de09cd5ca09e,ASC204,UK-13-829,Garam masala,0.25,tsp
12289d8a-48d9-49c3-afc3-94f7b370fa54,BFP150,B003,"Black gram, dal (Phaseolus mungo)",30,g
12290dcb-7872-41ae-865b-bb183a004295,BFP548,F002,"Carrot, orange (Daucus carota)",20,g
1232da70-f5c8-451d-80be-06e7da9d428b,ASC114,G025,Cumin seeds (Cuminum cyminum),0.25,tsp
1239d50b-8bea-4072-bbe4-80cb90d559c1,BFP517,UK-17-060,"Sugar, brown",15,g
123c3fe5-8d0a-46b6-8336-33a0cf3568eb,BFP571,H012,Ground nut (Arachis hypogea),20,g
123da36c-6e4e-4e98-9ee2-e41228ca96f5,ASC199,G017,"Onion, big (Allium cepa)",50,g
12563b60-c297-4428-94d1-f63277297f3b,ASC327,UK-17-063,"Sugar, white",2,tsp
1260a83c-06a0-48d3-8dc3-3ef27ef3426e,BFP155,D075,"Tomato, ripe, hybrid (Solanum lycopersicum)",100,g
12620e1e-e93b-4b4f-b7bc-a944aa395610,ASC291,UK-17-063,"Sugar, white",1.5,tbsp
126b76e9-84f0-4d35-8aa0-a9443619884d,ASC206,D075,"Tomato, ripe, hybrid (Solanum lycopersicum)",50,g
12704ca4-795d-48e4-b362-3a0872187a41,BFP142,UK-17-377,"Water, distilled",120,ml
1277d8b2-4c4d-4ce5-a216-acaf79583c70,ASC413,UK-12-527,"Cheese, processed, plain",50,g
127921cc-72fa-427b-aee7-fb87451bc075,BFP443,G012,"Garlic, small clove (Allium sativum)",0.63,g
12885091-2ae3-4dba-b0df-c904382726a3,ASC116,G021,"Cardamom, black (Elettaria cardamomum)",0.25,tsp
128e8cb9-8d7c-4bdd-a5bb-398f0eb932e6,BFP217,G012,"Garlic, small clove (Allium sativum)",1.25,g
129654cd-110a-4b47-a39b-9bdfbd41fecd,ASC211,UK-12-527,"Cheese, processed, plain",15,g
12977ad5-2be6-431b-b329-8fdb5cbe42f9,OSR059,G010,Curry leaves (Murraya koenigii),1,sprig
12995d63-404c-41c1-a161-4936569f2e1a,ASC230,G009,Coriander leaves (Coriandrum sativum),1,sprig
129b6eac-fb33-4caf-9fff-57ef7e9c5e91,ASC100,UK-17-045,"Oil, sunflower",2,tbsp
12a55758-07bf-4058-b000-e9571a17c2ca,BFP214,UK-12-184,"Yogurt, whole milk, plain",1,tbsp
12b6999e-cd95-42ba-adb7-7a896c233c04,BFP316,UK-12-184,"Yogurt, whole milk, plain",100,g
12c29348-8866-453a-a82a-f7e401eacd6e,ASC024,UK-17-661,"Butter, unsalted",15,g
12c47cc5-6366-4f8d-9d1e-95a224bfe2a7,ASC316,E036,"Mango, ripe, banganapalli (Mangifera indica)",25,g
12c67f63-9965-4682-8f91-86b9e56ba08a,ASC404,UK-11-1045,"Flour, corn",1.5,tsp
12cd75c9-16fb-444a-b8eb-b9c02462f941,ASC130,G028,Nutmeg (Myristica fragrans),0.125,tsp
12d1af1e-0e55-48ae-9ac4-b1de0d2ba449,ASC006,UK-14-369,"Orange juice, freshly squeezed",0.5,C
12d243e5-1f24-4b34-baa4-a558aecd113f,ASC174,UK-17-367,Salt,0.5,tsp
12d267bf-c4e0-4f98-99cd-d67d613afb6f,BFP544,UK-17-640,"Ghee, butter",37,g
12d420e0-b137-4ea7-9a0f-aceaa9db35c6,ASC086,UK-12-332,"Cream, fresh, single",1,tbsp
12df141d-eb82-492f-8f78-2340bb5d37e2,OSR133,UK-17-045,"Oil, sunflower",1,tbsp
12e4327a-0f4d-4437-9ab1-be7cff7e31ac,BFP150,UK-17-367,Salt,0.25,tsp
12e66e9a-8dd4-4c5f-b7bd-b9f844bf4b7c,BFP367,ANN-ING-0033,ORANGE ESSENCE,0.5,tsp
12eb70c0-a2dc-458d-a32e-8e436dd1db5c,BFP412,I001,"Jaggery, cane (Saccharum officinarum)",60,g
12ed5aab-10ad-4a14-9264-128f09adc1a1,BFP274,UK-17-367,Salt,0.17,tsp
12f06bf2-b7e6-4219-9136-4ab95eb98c37,BFP144,UK-17-640,"Ghee, butter",5,g
12f0dae0-dbed-4e95-b6fb-d088671b322b,OSR026,H001,Almond (Prunus amygdalus),0.14,g
12f83c05-cef1-431a-a68a-c659ddd513ca,OSR094,UK-17-367,Salt,0.5,tsp
12fb3fc9-32f1-4f92-ab64-4dc556d397ad,ASC086,UK-17-367,Salt,0.25,tsp
12fea024-0267-4980-aa12-63d1be80f9e5,BFP043,UK-17-367,Salt,2,g
1308559a-008f-4395-9e48-6ae219112437,OSR050,G008,"Chillies, green - all varieties (Capsicum annum)",26.64,g
130dc71a-2c48-41a7-bfcb-3e15ed4a7064,ASC409,A018,"Wheat flour, refined (Triticum aestivum)",40,g
13172b81-5b02-416c-9337-0c98ee705458,ASC202,UK-17-367,Salt,0.25,tsp
131ba06e-8077-4d21-9e09-c037a887ed5f,BFP557,UK-12-184,"Yogurt, whole milk, plain",20,g
131bd208-8b33-4f79-9d45-c37a18175485,ASC413,UK-17-367,Salt,0.25,tsp
1323067b-e871-4f8a-bf89-517299d3cd25,BFP024,G016,Mint leaves (Mentha spicata ),15,g
132752c9-bcf4-4dcf-b5fc-b2024563d20d,ASC418,G028,Nutmeg (Myristica fragrans),0.25,tsp
13286193-6fb9-4f74-9008-67c81d9f3276,BFP138,UK-17-377,"Water, distilled",160,ml
132c56ec-8e68-40be-8979-e27c399658c4,ASC355,UK-11-896,"Flour, gram",50,g
1330735a-9213-45ff-9e8c-03433a679682,OSR116,G033,Turmeric powder (Curcuma domestica),0.3,tsp
1337b74c-267f-42aa-b316-2c93ac6e85e0,OSR025,L002,"Milk, whole, Cow",15,ml
134068dc-4e12-43ae-b994-f13e112b3a8f,BFP116,UK-17-377,"Water, distilled",2.5,tbsp
13513fb7-8b9a-4e59-ac8c-6f92276e426f,ASC434,E033,"Lemon, juice (Citrus limon)",0.5,tsp
1360db86-c8d1-4644-a9de-b99d74ab596f,OSR113,UK-17-661,"Butter, unsalted",2,tbsp
1363e507-108d-40f9-b625-88b3573d9ab9,ASC209,UK-13-873,Chilli powder,0.25,tsp
136dc49d-2d3b-4041-b609-aab9223d75ba,BFP201,UK-13-873,Chilli powder,0.125,tsp
13704e4d-2eb9-4383-9401-aec4db55e894,ASC114,UK-17-367,Salt,0.75,tsp
137486ce-3e26-4264-ba97-20d095660058,BFP226,UK-17-367,Salt,0.25,tsp
137689be-8d26-4024-a344-98389c79a259,ASC368,G009,Coriander leaves (Coriandrum sativum),1,sprig
137a6c31-fed4-43bd-b375-f223c7132fe2,ASC194,UK-13-570,"Tofu, soya bean, steamed",10,g
137a98ac-eb7e-42e7-86ab-d5b4ea7d224d,BFP305,D033,"Capsicum, green (Capsicum annuum)",20,g
138289cd-03bb-442f-ba19-e3aa2bca68ea,ASC039,UK-17-362,Mustard powder,0.25,tsp
1387c14e-43c1-4693-b800-4a5bc9dd4414,BFP278,C028,Parsley (Petroselinum crispum),1,sprig
138ea845-641a-4b99-8d0b-881ce69fda11,BFP270,G025,Cumin seeds (Cuminum cyminum),0.25,tsp
139bd93b-84d8-42f5-9122-c9e3c895d187,BFP505,UK-17-367,Salt,0.25,tsp
139d7d7e-c0eb-4d03-b4e5-27fba8a897a4,BFP472,UK-17-661,"Butter, unsalted",10,g
13ad6419-6109-4d0a-9584-beb0e2d9dca4,OSR062,UK-12-184,"Yogurt, whole milk, plain",4,tbsp
13b02f5d-343e-4d95-980c-6717ff7b087d,BFP571,I001,"Jaggery, cane (Saccharum officinarum)",25,g
13b2366c-d8f2-4e24-933f-677045999bdb,BFP074,G031,"Pepper, black (Piper nigrum)",0.25,tsp
13b3c7d3-d11a-4698-92d7-f849d771cccc,OSR131,F006,"Potato, brown skin, big (Solanum tuberosum)",280,g
13bb8255-a112-4408-88be-773a407891c1,ASC451,UK-17-062,"Sugar, icing",20,g
13bc8eee-92f2-4442-8a44-e3ac847ad956,BFP266,G009,Coriander leaves (Coriandrum sativum),1,sprig
13be19f4-ade7-45e2-9655-af7ad63dedb0,ASC248,UK-14-130,"Lemons, flesh only, raw, weighed with peel and pips",7.5,g
13c084ed-7670-4289-832e-6e16f3b4f35c,ASC177,UK-17-045,"Oil, sunflower",1,tbsp
13c5807e-afd2-46f8-bc0d-24d79a2a3b13,ASC271,G008,"Chillies, green - all varieties (Capsicum annum)",1.67,g
13c6977d-4beb-4c0a-9b95-c92b991ddf4f,BFP164,UK-17-038,"Oil, olive",0.5,tbsp
13c6eb92-ede9-4448-9506-5bff429c73d1,BFP447,UK-13-832,"Ginger, ground",0.17,tsp
13c839cd-198e-4d2f-8e8a-33a3e3e2bda9,BFP348,M001,"Egg, poultry, whole, raw",50,g
13cf3d48-5319-45cd-9f04-d4e29e692a6d,ASC138,UK-17-719,Chilli sauce,0.5,tsp
13d236a4-8ba5-45e7-90ca-a34df63fea41,ASC167,G022,"Chillies, red (Capsicum annum)",5,g
13d2b13f-cafc-4edb-af71-fd849dd6a625,BFP573,C033,Spinach (Spinacia oleracea),25,g
13d71d14-1467-432a-ba9d-fe0b159e94b0,BFP539,UK-17-062,"Sugar, icing",2.5,g
13da96f8-aea4-4caa-a702-501e073e74c3,ASC063,UK-17-367,Salt,0.25,tsp
13e3fa0d-8d00-4d40-a48d-17635745c939,ASC418,UK-17-355,Baking powder,0.5,tsp
13e5e8c4-7094-48d2-a289-acf2147d506b,OSR008,ANN-ING-0053,Nannari root/ Indian sarsaparilla,50,g
13e7651c-3a8a-4207-818d-be609722fc55,ASC249,UK-11-1045,"Flour, corn",1,tsp
14015e75-c6cb-484b-84a5-e82b00a81733,BFP003,G019,Asafoetida (Ferula assa-foetida),30,g
140f9457-600e-430d-ac25-12b8866f3f5c,OSR094,US-168576,"Peppers, jalapeno, raw",225,g
141af9f6-c6bc-4183-9161-d368d91cee39,ASC321,UK-17-063,"Sugar, white",15,g
141d002d-7faa-45a5-9848-1a64ab1109c7,BFP496,ANN-ING-0043,ORANGE DRINK,50,ml
141e229f-f5f4-4064-a524-96a31ef0d759,ASC201,G009,Coriander leaves (Coriandrum sativum),1,sprig
142cfdb5-4b58-4cd5-82d0-e62a8810555e,ASC366,G008,"Chillies, green - all varieties (Capsicum annum)",3.33,g
142eba5f-3802-4fa4-bd58-d3c75d54ba20,ASC417,UK-17-355,Baking powder,0.5,tsp
143c8dbc-c53e-4ebc-97f2-668c7d4d23c9,ASC202,UK-17-367,Salt,0.5,tsp
143f3d7f-86ef-4b3d-8047-558da1a7ed03,BFP001,G024,Coriander seeds (Coriandrum sativum),40,g
1441a62f-1a04-42dd-a025-7e9db8e67207,BFP091,G022,"Chillies, red (Capsicum annum)",3.33,g
1441ed0c-0295-4cf4-b912-9cbc83d2b028,ASC377,F006,"Potato, brown skin, big (Solanum tuberosum)",100,g
1442f191-d26d-47be-a0a6-8b2f9f57792d,BFP306,UK-17-377,"Water, distilled",0.25,C
144e3226-9481-4113-ac31-857276ad787d,BFP190,G009,Coriander leaves (Coriandrum sativum),1,sprig
1456480e-9c40-4fd5-a41c-a7717bf704c2,BFP473,UK-17-661,"Butter, unsalted",10,g
145cea41-25b2-4dc8-aaef-4be89a2e7d55,ASC318,E053,Pineapple (Ananas comosus),120,g
145d8c3d-fdfb-44b9-8149-52833d1f90f4,BFP222,G032,Poppy seeds (Papaver somniferum),0.33,tsp
14654284-94aa-4939-bba2-6d6bbeeb3704,ASC130,UK-17-377,"Water, distilled",1,C
147bdcb0-1472-4912-88f3-9563dd0f145e,BFP397,UK-17-063,"Sugar, white",20,g
1481a971-b688-47cb-9b29-e63fbaf6ece1,ASC169,D075,"Tomato, ripe, hybrid (Solanum lycopersicum)",50,g
14883f81-a671-4dc8-ae89-c247624e299d,ASC315,UK-17-661,"Butter, unsalted",1,tsp
14942156-5389-48ae-a9ea-22c01415fe76,OSR114,UK-17-045,"Oil, sunflower",2,C
1496d095-f646-4896-b782-1c50fed183e9,ASC028,UK-17-367,Salt,0.25,tsp
14996b66-ec70-4c7e-af70-a7ce88cd8220,BFP471,UK-12-527,"Cheese, processed, plain",10,g
14996ca5-3181-4e63-9b76-dc4538159df9,BFP372,UK-17-063,"Sugar, white",30,g
149e0563-f59a-4d81-bdd7-902f55bc9177,BFP179,UK-13-873,Chilli powder,0.25,tsp
14a05b59-2e94-4947-934f-2193e338d63c,ASC101,UK-17-377,"Water, distilled",4,tbsp
14ae488a-f22c-4416-aee9-17802a0bb0a9,ASC276,UK-12-184,"Yogurt, whole milk, plain",100,g
14b3121f-a65e-4066-9fdc-2bdc040b7778,OSR108,G014,"Ginger, fresh (Zingiber officinale)",3.8,g
14b4a288-ce63-4172-9ff5-a2ec1d065e85,OSR058,C015,"Cabbage, green (Brassica oleracea var. capitata f. alba)",400,g
14b55368-731d-48b9-b604-9f42c6d95037,BFP065,UK-17-726,"Stock cubes, chicken",480,ml
14b95e8a-4808-458d-8119-3b91350499de,OSR114,UK-17-377,"Water, distilled",2,tbsp
14c3bdbe-807b-4ee3-95ab-ee0150ef0a15,BFP506,M001,"Egg, poultry, whole, raw",8.3,g
14c8074a-fd60-4e6a-b8aa-2907b3d57b74,ASC401,G017,"Onion, big (Allium cepa)",50,g
14c87ffd-a06e-43d3-aad9-1047b814cc2f,ASC504,UK-17-063,"Sugar, white",1250,g
14c8a32c-1b75-4dc5-b2ee-4149f5dd9cdf,BFP261,G012,"Garlic, small clove (Allium sativum)",0.63,g
14c8e9ad-ea3e-46f7-9b4e-045067859134,ASC099,F010,"Radish, elongate, white skin (Raphanus sativus)",100,g
14cc61fd-bc8e-48ad-8866-2d0aea701e28,ASC015,UK-17-158,"Coffee, powder, instant",1.5,tsp
14ce8158-1c6a-4b21-9ad7-470da6644246,BFP446,E033,"Lemon, juice (Citrus limon)",1,tbsp
14d4b494-b1cc-44fd-bad7-1ededaefd8fd,OSR062,UK-17-367,Salt,0.5,tsp
14f0736b-25cc-438b-a6a3-10807b7ce062,BFP277,G014,"Ginger, fresh (Zingiber officinale)",5,g
14fe5c0c-7619-49d1-a56e-4e4c6bd82f47,BFP553,H012,Ground nut (Arachis hypogea),10,g
1502195e-467e-4193-b700-1a31db9ffb7a,ASC405,UK-17-661,"Butter, unsalted",25,g
15072e0d-3a03-4609-8d04-e95a35cf7e14,ASC189,F006,"Potato, brown skin, big (Solanum tuberosum)",20,g
1508b73b-1315-4479-a212-266b955d40a8,ASC377,UK-17-045,"Oil, sunflower",480,ml
150a9da8-2547-4590-a03d-aa5b96f35ffe,BFP024,G014,"Ginger, fresh (Zingiber officinale)",5,g
1524cb85-595c-4223-8a68-f51e350ff50e,OSR141,F006,"Potato, brown skin, big (Solanum tuberosum)",140,g
15304534-4f42-4089-b662-0f138ed4bd70,ASC123,G012,"Garlic, small clove (Allium sativum)",2.2,g
1549fd4a-7c00-4bc0-8d61-1042423baebe,ASC449,UK-17-062,"Sugar, icing",30,g
154ac5ac-c1ba-460b-9ff5-23000e7f0081,BFP365,UK-17-491,"Chocolate, plain",0.25,tsp
154fc564-7823-4367-a251-09fa5da55994,BFP278,UK-17-377,"Water, distilled",1,C
15532f05-c688-428c-bf0f-32ef5ca1989d,ASC148,G008,"Chillies, green - all varieties (Capsicum annum)",3.33,g
15542492-fa10-4e14-b96b-dcd2b7f91bf2,ASC162,G033,Turmeric powder (Curcuma domestica),0.25,tsp
15566b52-3824-4311-878f-d13b68ab1839,BFP293,UK-17-661,"Butter, unsalted",15,g
155bba83-6ee1-49f9-8b9c-79835b5928dc,ASC079,UK-17-367,Salt,0.25,tsp
155ec7e3-6fa7-4194-b625-0e3b1416ace3,ASC159,UK-17-045,"Oil, sunflower",2,tsp
1569080e-648a-4e5e-8da5-d1e7d3d5c351,OSR019,UK-17-063,"Sugar, white",35,g
156b4cca-4ee2-4546-bbf3-0cc761e90f96,OSR089,E055,"Pomegranate, maroon seeds (Punica granatum)",43.5,g
15742d3a-27fc-416d-ba1b-23694a7a229e,BFP258,C031,Radish leaves (Raphanus sativus),100,g
1577fa5f-2bc3-44e6-9558-d7ab09dd2d24,BFP232,UK-17-661,"Butter, unsalted",1,tsp
157ac616-dc73-4c7c-a0ae-198042179554,OSR054,E050,Peach (Prunus communis),930,g
157e1e19-fdfa-478b-abcc-7d3b4be4ef68,BFP185,UK-17-377,"Water, distilled",200,ml
158e4ccc-b655-42bd-9e6d-bbc5ee857029,BFP502,H001,Almond (Prunus amygdalus),2.2,g
158ed75f-f7b8-406b-89c4-d86d6756cb01,ASC205,UK-13-873,Chilli powder,0.25,tsp
15937f7c-02e5-4586-9f3d-63dd43f13fcc,BFP217,G008,"Chillies, green - all varieties (Capsicum annum)",3.33,g
159ec8ad-6903-4408-83a1-ccc194746e54,OSR108,UK-11-896,"Flour, gram",240,g
15b5d46b-5e72-426a-a944-fc5633ef53f6,ASC155,B003,"Black gram, dal (Phaseolus mungo)",10,g
15ba8e43-5803-468a-9986-cdd10c32c532,ASC200,UK-13-873,Chilli powder,0.125,tsp
15ced745-4eb4-4006-bac7-475b2711458e,ASC444,US-806341,AJWAIN SEED WHOLE ORGANIC SPICES,0.25,tsp
15e0eabe-bd1a-418a-808a-682fb99dcf5a,ASC409,L002,"Milk, whole, Cow",1,tsp
15e156cc-c137-4402-a477-f6127d07a78e,ASC334,A018,"Wheat flour, refined (Triticum aestivum)",12,g
15e891b9-3bdf-4274-a245-1bfc555861be,ASC358,UK-17-367,Salt,0.25,tsp
15ea3250-7cb5-4004-8594-ac6c0504b390,ASC164,UK-17-367,Salt,0.5,tsp
15f5fe3f-75b4-4b22-aa9f-f90087159dd3,OSR071,US-170850,"Cheese, provolone",2,tbsp
15f9a3ac-78f6-45c1-8c8c-8093aa81e36d,OSR144,UK-17-367,Salt,0.5,tsp
16083827-4bf7-4d79-a848-2269c582bac8,BFP082,G031,"Pepper, black (Piper nigrum)",0.25,tsp
16084330-8fc0-4ca9-aeff-80be3da5c3c4,BFP476,US-173471,Vanilla extract,0.5,tsp
160a2bcb-403f-43f6-8ace-19a691de2eec,BFP041,UK-17-045,"Oil, sunflower",15,g
160aa6eb-17bc-40f0-a4f7-4534c549c1bb,ASC164,B025,"Soya bean, white (Glycine max)",30,g
160c55fa-47a5-47fe-bc1b-e150dbb2e8bf,BFP362,UK-12-333,"Cream, fresh, whipping",15,g
160dfcb9-06c5-4999-b386-c717aa5ce268,ASC395,UK-11-1138,Custard powder,2,tsp
160e4afd-adea-492b-b594-b797fb9d04f5,BFP197,G021,"Cardamom, black (Elettaria cardamomum)",0.25,tsp
16120706-86d5-44cd-b15e-aed2313a2046,ASC230,UK-17-367,Salt,0.5,tsp
161497b8-6139-4076-8c59-4c44c3a1a88d,ASC206,C033,Spinach (Spinacia oleracea),100,g
1618e174-46a2-4f11-8f2e-ea4abbb5518a,ASC227,G032,Poppy seeds (Papaver somniferum),0.25,tsp
16215d49-a0d3-44ae-babf-7e00454fde55,BFP030,H013,Mustard seeds (Brassica nigra),10,g
16227555-95e8-4e08-825c-c78408140cc7,ASC181,H013,Mustard seeds (Brassica nigra),0.25,tsp
162b287e-9669-4e82-9bfb-d99ad403c89f,ASC185,D075,"Tomato, ripe, hybrid (Solanum lycopersicum)",75,g
1633e315-848b-40bd-8d34-aaa7fcd4eb17,BFP270,UK-13-886,Mixed curry spices,0.25,tsp
163c0ec0-f75a-481f-a58f-af012d091333,ASC310,M001,"Egg, poultry, whole, raw",50,g
1649dcb9-a45d-4fa5-b020-3faa2834ff1a,ASC089,UK-17-367,Salt,0.25,tsp
1652f119-1230-46bb-b9fe-522ff9a4b1b0,BFP167,UK-13-829,Garam masala,0.125,tsp
1652f81e-251b-45e5-a60c-306db83177c4,ASC092,UK-13-580,"Beansprouts, mung, boiled in unsalted water",10,g
165b852c-262a-4c2e-9f9f-eee62286ff0f,ASC352,UK-13-873,Chilli powder,0.25,tsp
1671f635-158a-4e2c-9af6-831b7c210d29,BFP216,G012,"Garlic, small clove (Allium sativum)",1.25,g
16749981-c82a-42eb-ac98-4fd9c0ff1a34,ASC064,UK-17-367,Salt,0.25,tsp
167cb176-fc1e-4d87-804c-728ef1fe7c32,BFP171,UK-13-873,Chilli powder,0.125,tsp
167fc220-eb70-42df-9a85-a0050831e80e,OSR021,I001,"Jaggery, cane (Saccharum officinarum)",100,g
169a6447-3b4b-4d4a-b3f7-faf14c304319,ASC157,G025,Cumin seeds (Cuminum cyminum),0.25,tsp
16a4ee48-a9b5-42f9-a357-a831bc665fd7,OSR022,G020,"Cardamom, green (Elettaria cardamomum)",0.5,tsp
16aa1b9e-33ae-4808-ab35-d3f03cc44679,OSR125,L002,"Milk, whole, Cow",0.5,C
16b24206-48ed-49d0-8c41-ecf4da40066a,OSR139,G023,Cloves (Syzygium aromaticum),0.625,tsp
16b3cdd6-bbc8-44c0-8e97-3c04d11d6828,BFP266,D075,"Tomato, ripe, hybrid (Solanum lycopersicum)",30,g
16b81229-dd99-4e8c-b8aa-2df21f9d089e,BFP456,UK-17-362,Mustard powder,0.25,tsp
16bf815b-ee38-44ea-af61-9e9a77c83033,OSR096,G019,Asafoetida (Ferula assa-foetida),0.125,tsp
16c36e37-2e0e-4f00-90b4-92cd5ccb0755,BFP534,UK-17-367,Salt,0.5,pinch
16ca7c15-52c4-420e-930f-d1b389d3f10d,ASC240,G025,Cumin seeds (Cuminum cyminum),0.25,tsp
16cb2c05-2ccc-4008-b2bc-517735690353,OSR136,G025,Cumin seeds (Cuminum cyminum),0.5,tsp
16d19195-89ff-494f-a180-1492763ef95a,ASC163,UK-13-829,Garam masala,0.25,tsp
16e0ea0b-7d57-412e-98d9-6d5381a2ff3c,OSR037,E019,"Dates, processed (Phoenix dactylifera)",73.5,g
16e5a093-5ad6-45cb-8189-0af3d4a765cf,ASC310,UK-12-332,"Cream, fresh, single",20,g
16eadf54-51ef-4134-bc24-081d44603b6a,ASC163,G012,"Garlic, small clove (Allium sativum)",1.25,g
16ec58b2-de44-404c-a05f-841c045b400a,BFP478,UK-17-062,"Sugar, icing",50,g
16ecdf33-88d7-46a5-8cb6-2456b6ef750e,ASC081,G017,"Onion, big (Allium cepa)",15,g
16ee3948-8ea6-4928-89e0-ffdf7a396459,ASC104,UK-18-481,"Lamb, mince, raw",100,g
16f6c659-c661-41b7-b2d8-6d668247b9ff,ASC242,UK-13-531,Tomato puree,2,tbsp
1701f4a5-f230-444c-a90a-108c557d9d16,BFP161,G031,"Pepper, black (Piper nigrum)",0.125,tsp
17055a39-cbc5-4706-8057-0fcfc5b97b26,BFP583,UK-17-063,"Sugar, white",1000,g
17168ca0-b0a6-4391-8b55-59fbe9a14589,BFP351,UK-17-377,"Water, distilled",2,tsp
171ab7cc-0c31-407d-acc8-71991f325f26,ASC204,G008,"Chillies, green - all varieties (Capsicum annum)",1.67,g
17254c1e-bca4-4487-8c5f-22f52385cc7e,ASC242,N003,"Chicken, poultry, breast, skinless",250,g
172b3a67-20e1-4413-b013-30c01e80d685,ASC329,UK-14-369,"Orange juice, freshly squeezed",1,tsp
172b74fb-d2ee-40dd-a203-ac5b973404da,BFP148,UK-17-661,"Butter, unsalted",1,tbsp
17356893-c782-4df6-9a56-91aab42eb1ea,ASC104,G008,"Chillies, green - all varieties (Capsicum annum)",3.33,g
1737d80b-538f-4272-b24f-dcf7faca740c,ASC277,UK-17-367,Salt,0.125,tsp
173e4bf4-7658-4827-a14f-a0d48bc45364,BFP294,UK-17-661,"Butter, unsalted",15,g
173ec63e-2875-4eb7-87af-e9eab7c9c30c,BFP392,L002,"Milk, whole, Cow",15,ml
1745b16c-b9f3-487a-9f62-cb93b3f081e6,ASC074,A018,"Wheat flour, refined (Triticum aestivum)",2,tbsp
1749ed84-26fa-45b5-b235-069c3536d82a,ASC091,UK-17-661,"Butter, unsalted",1,tbsp
174bae01-2559-449e-aef3-e00795e3540d,ASC152,G014,"Ginger, fresh (Zingiber officinale)",5,g
1755f337-b0f7-4ecc-93b9-ceb12d63f2fb,OSR101,F006,"Potato, brown skin, big (Solanum tuberosum)",35,g
175cc40e-8837-4648-983d-c8b37b59089c,BFP176,UK-17-377,"Water, distilled",1.25,C
175ce50d-2a2f-45f7-a637-90225950cb17,OSR004,UK-14-130,"Lemons, flesh only, raw, weighed with peel and pips",60,g
1761d203-42a7-4890-b606-0476302e1d9f,OSR144,G022,"Chillies, red (Capsicum annum)",6.66,g
17670aae-8443-48b9-8053-e8cee6701185,ASC509,G008,"Chillies, green - all varieties (Capsicum annum)",166.67,g
17752600-d5ad-493d-aac4-554516e6413e,BFP015,ANN-ING-0021,Banana essence,0.5,tsp
1776b4ea-9334-42c7-a799-98badaf02b6c,BFP389,L002,"Milk, whole, Cow",250,g
1779e704-a66c-499a-831b-32c0f53f29ff,ASC036,UK-17-367,Salt,0.25,tsp
17807e8f-5267-4989-aede-89fcda4d4146,BFP499,UK-17-063,"Sugar, white",55,g
1781a0f9-c5dd-46f4-9238-ab50c7ec559b,ASC171,F006,"Potato, brown skin, big (Solanum tuberosum)",50,g
178a1d13-e1ef-4a06-bc9e-1f1df56077ae,ASC375,D061,"Peas, fresh (Pisum sativum)",30,g
178a78dd-61a1-4705-9352-8f90eb953475,ASC053,L002,"Milk, whole, Cow",1,C
178f5d92-fe43-49f3-8f95-dd0de9d81962,ASC076,UK-17-661,"Butter, unsalted",2,tbsp
179502b5-b369-4a25-9fd4-ea600ad1a626,ASC322,UK-11-1045,"Flour, corn",1,tsp
179c336f-5c19-4f7a-a1f9-395f71ac3a29,BFP204,UK-13-874,"Cinnamon, ground",0.25,tsp
179e19bb-b2dd-4e6e-b7ef-3aace7875e1d,BFP507,UK-17-062,"Sugar, icing",15,g
17ac34ce-db14-40e9-a0f4-f70ecdf6ffbc,ASC018,UK-17-377,"Water, distilled",7.5,tbsp
17b7c1fc-f85c-44be-927c-219a8a346d60,ASC365,UK-17-045,"Oil, sunflower",480,ml
17bb296c-200e-455b-b535-dd46d9c54ad9,ASC146,G010,Curry leaves (Murraya koenigii),1,sprig
17bcd9a7-c02a-4aa4-bd61-f5e34e4fd052,BFP073,UK-11-1145,"Bread, white, average",15,g
17cc78e3-04d2-4843-a97a-f65d2f3b9cd6,BFP523,UK-17-355,Baking powder,0.33,tsp
17d974ff-9d28-459e-b6dd-d35efb9166c9,OSR074,C020,Fenugreek leaves (Trigonella foenum graecum),0.5,tsp
17eaa6dd-f2cd-4f91-9d3f-cad20db56880,ASC406,UK-17-062,"Sugar, icing",0.5,tsp
17fc5438-083c-4c86-bbb3-2d4d9dbc92c8,ASC033,UK-11-1145,"Bread, white, average",30,g
17fe9b27-ecd9-41fc-ad33-b434f6c0569b,ASC224,G022,"Chillies, red (Capsicum annum)",6.66,g
18016820-4249-4e63-82d0-868ab053b143,ASC402,G031,"Pepper, black (Piper nigrum)",0.25,tsp
180f2aaa-ee4c-4364-9f86-6e7db526478c,BFP287,G031,"Pepper, black (Piper nigrum)",0.125,tsp
18100400-15b5-4301-af6e-0185809bdc5a,BFP505,M001,"Egg, poultry, whole, raw",8.3,g
1816c697-c157-4157-9346-fc4e8acd0c8a,OSR146,G010,Curry leaves (Murraya koenigii),1,sprig
18224fc6-8c79-4053-9955-12750f6623e6,ASC142,UK-17-062,"Sugar, icing",1,tsp
18310f7c-3976-49e9-8238-a4edee3efac9,OSR135,E034,"Lime, sweet,pulp (Citrus limetta)",1,tbsp
18386fbd-35c9-4996-a83f-35610e5666e3,BFP391,UK-17-377,"Water, distilled",100,ml
183f8113-0d1c-4149-872f-6632305339c3,BFP223,G021,"Cardamom, black (Elettaria cardamomum)",1,tsp
18418897-494e-4416-8313-73391b4d596c,ASC205,UK-11-896,"Flour, gram",2,tbsp
1842e7cb-c5b8-4278-9c93-f1132b7b2e64,ASC290,D036,Cauliflower (Brassica oleracea var. botrytis),40,g
18690d25-f52e-400b-85bc-0330a341e68e,ASC062,UK-17-661,"Butter, unsalted",1,tsp
18790dca-1772-46f7-bff1-fed3b73b80a7,BFP179,UK-17-377,"Water, distilled",1,C
187dd86a-4215-4850-ba73-30f5139c3454,ASC066,L002,"Milk, whole, Cow",100,ml
188edc47-1fec-4b97-914e-65dea90c32a5,ASC068,G017,"Onion, big (Allium cepa)",10,g
188f0476-3f8f-40fc-acd2-4210f26bd2aa,BFP117,UK-17-045,"Oil, sunflower",240,ml
18926cc7-01d6-4d97-ac0b-892fd0d952d9,BFP293,UK-17-362,Mustard powder,0.125,tsp
189695e4-7f28-4cbf-b0f5-b2a6d5d2ac32,ASC331,UK-17-062,"Sugar, icing",10,g
1896c9e9-97c4-4235-a73c-78c5e6230c05,ASC167,H013,Mustard seeds (Brassica nigra),0.125,tsp
1898dd36-3e88-4c94-9618-77242769171a,BFP230,H007,"Coconut, kernel, fresh (Cocos nucifera)",20,g
189bf3a9-1955-4621-8c2b-b7874d6af963,ASC410,A018,"Wheat flour, refined (Triticum aestivum)",50,g
18a41b06-36e0-48db-a343-18cdc2368956,ASC362,G017,"Onion, big (Allium cepa)",50,g
18ab0171-4e00-4b1b-8d20-a4f3254bc00c,ASC355,UK-13-873,Chilli powder,0.125,tsp
18adeea8-e972-43e8-ae79-9c8ca9b0b832,BFP510,A018,"Wheat flour, refined (Triticum aestivum)",30,g
18b07f98-d52e-4b63-b73f-09c254ce68f9,BFP116,UK-17-367,Salt,0.25,tsp
18b5556d-427e-4a7f-8b4f-5c5a2b7fd938,OSR024,G020,"Cardamom, green (Elettaria cardamomum)",1.125,tsp
18b612cd-537f-4019-bbe0-2d445e0d71ce,OSR036,M001,"Egg, poultry, whole, raw",50,g
18b9584a-16e7-4950-9727-4c2aeb6d4aca,ASC127,UK-17-640,"Ghee, butter",1,tsp
18bd8d74-d2ea-4837-8065-1969a5e5d535,ASC307,ANN-ING-0005,Red colour,0.25,tsp
18bf2742-e18a-405f-a989-afb14225e238,OSR108,G033,Turmeric powder (Curcuma domestica),0.25,tsp
18c92f9c-c4d6-4f49-a1d5-4567b6d152de,ASC258,G008,"Chillies, green - all varieties (Capsicum annum)",1.67,g
18cd6131-6934-41de-a006-f031ee3229e0,ASC471,A019,"Wheat flour, atta (Triticum aestivum)",25,g
18cfb22a-2f84-4fbb-b8a5-f1922d1e78bb,ASC280,E057,"Raisins, dried, black (Vitis vinifera)",2,g
18d0926e-be31-4009-81d5-66eb7da142d5,BFP292,UK-17-377,"Water, distilled",30,ml
18d81150-40b8-4ad1-808a-47380a9feae9,ASC496,ANN-ING-0048,Citric Acid,30,g
18da4713-ce94-4cb8-983e-baba384b1d83,ASC248,UK-11-1145,"Bread, white, average",1,tbsp
18dfac80-22e8-471c-9f01-d7cd368bff56,ASC320,UK-17-063,"Sugar, white",1,tbsp
18e8c77e-7549-45d0-b696-966900371886,BFP143,D075,"Tomato, ripe, hybrid (Solanum lycopersicum)",150,g
18ed5376-7c2d-4c65-9ca5-882ae365740a,ASC514,UK-13-806,"Bay leaf, dried",0.4,g
18ef5045-7283-4ae1-8458-816f3015c04f,ASC375,UK-11-800,"Wafers, plain ice cream wafers, not filled",25,g
18f1f6e2-90f9-4fd0-a9c4-b720961b7539,OSR059,G019,Asafoetida (Ferula assa-foetida),0.5,tsp
18f9d739-b109-4f4d-b67d-81982810ab5e,OSR064,US-400113,"SIVA'S, AMHUR POWDER (DRY MANGO POWDER)",1,tsp
18fb2ac7-12df-47d7-baed-e97a8f6e96ff,OSR074,G025,Cumin seeds (Cuminum cyminum),0.5,tsp
19013263-0d20-40cb-836b-083443a928b5,OSR077,G009,Coriander leaves (Coriandrum sativum),2,tbsp
1902cfe3-b69d-43fd-9b77-3d2e9cc5c0df,BFP371,UK-17-063,"Sugar, white",15,g
1920b673-4f70-4749-ad1b-5204601231ec,ASC025,UK-17-362,Mustard powder,0.25,tsp
19276776-9b21-47fb-85d8-1f744ba85b90,BFP080,A018,"Wheat flour, refined (Triticum aestivum)",10,g
192a1610-d26a-4674-8d27-bf906dafb2fe,ASC258,D043,"Cucumber, green, elongate (Cucumis sativus)",20,g
192a38f7-043d-4205-bd28-09d65aaf42c9,BFP136,G025,Cumin seeds (Cuminum cyminum),0.25,tsp
19396060-3e7f-487c-b1e8-214f674543ec,ASC289,F002,"Carrot, orange (Daucus carota)",40,g
193edd80-5730-4fdf-85f2-b2df72623c33,ASC398,UK-17-377,"Water, distilled",2.5,tsp
193f924b-3f9f-490b-89fc-6769775f98d2,ASC174,UK-13-829,Garam masala,0.125,tsp
194179c4-e7f6-4e4d-a578-643e86c43f2c,ASC218,G012,"Garlic, small clove (Allium sativum)",1.25,g
194eb10f-a01f-4f07-a862-49b1c91a78f4,ASC224,UK-17-721,"Soy sauce, light and dark varieties",0.5,tsp
195293a0-9375-43f1-a766-1f13180dba53,BFP451,G008,"Chillies, green - all varieties (Capsicum annum)",3.33,g
19594572-2906-44b8-882b-b2f1d1fd7235,ASC234,M001,"Egg, poultry, whole, raw",50,g
1970a382-af4c-4d22-b44f-045eef64a1bc,BFP122,G012,"Garlic, small clove (Allium sativum)",1.25,g
19764bfb-fb34-433f-a248-554d03c6db0e,OSR122,L002,"Milk, whole, Cow",152,g
197d254a-814a-475e-a5ab-cc512ca28051,BFP439,G008,"Chillies, green - all varieties (Capsicum annum)",13.32,g
19a4490c-ddd0-472a-94cd-3c7b19056583,ASC489,UK-17-063,"Sugar, white",20,g
19a57e67-5129-4995-83f6-4e7b637b4c15,BFP065,G023,Cloves (Syzygium aromaticum),0.25,tsp
19a59a77-9389-468b-bca8-27603b26231d,BFP512,UK-17-661,"Butter, unsalted",15,g
19a9c389-7296-4962-aab6-ffea7a5d6a51,BFP190,UK-17-367,Salt,0.17,tsp
19b0165a-5101-4c26-9274-9414077817df,ASC146,UK-17-045,"Oil, sunflower",2,tbsp
19b53876-91c1-4224-b7a8-94e489cb26de,BFP137,G021,"Cardamom, black (Elettaria cardamomum)",0.25,tsp
19b6261a-54cd-49b5-a064-b8e4a750800e,ASC507,UK-13-827,Fennel seeds,25,g
19c566f9-4497-4d1e-9d14-533328a24184,BFP042,UK-14-130,"Lemons, flesh only, raw, weighed with peel and pips",5,g
19c6b7db-4b13-4176-94c2-15c02b4664a5,ASC231,G021,"Cardamom, black (Elettaria cardamomum)",0.125,tsp
19cda128-9403-44a6-b4f7-3a0c9e9409c3,OSR137,G031,"Pepper, black (Piper nigrum)",0.5,tsp
19cdb549-5d5a-420d-9d2f-1259097c16e0,OSR027,US-167749,"Lemon peel, raw",1,tbsp
19e08927-6ccb-4972-8c8e-065233c2ff91,BFP169,UK-17-640,"Ghee, butter",5,g
19f4b4a3-96ae-417a-894f-76fd3f721796,BFP466,E053,Pineapple (Ananas comosus),75,g
1a0b309d-a775-4e23-a739-bc9d95aec86b,BFP127,UK-17-726,"Stock cubes, chicken",120,ml
1a0d16d3-752a-44ee-9f65-89b5d681a86a,ASC400,G031,"Pepper, black (Piper nigrum)",0.25,tsp
1a1091d3-6103-44a3-bc3e-863397da0784,ASC084,G012,"Garlic, small clove (Allium sativum)",0.63,g
1a185547-8948-45f9-87d2-f9b6442ac709,ASC323,UK-17-062,"Sugar, icing",1,tbsp
1a19627b-5553-41dc-8d6e-f02aa74e821b,BFP143,UK-17-045,"Oil, sunflower",1,tbsp
1a27aa6a-94b1-46b3-a67b-5ff6a621f696,BFP118,A018,"Wheat flour, refined (Triticum aestivum)",60,g
1a2e0d73-05e0-465c-9b57-2eba80a8dc73,OSR096,E017,"Dates, dry, pale brown (Phoenix dactylifera)",73.5,g
1a2e53b0-18ff-4594-82ae-4b304bb1cb56,ASC223,UK-13-874,"Cinnamon, ground",0.625,g
1a33685c-c01f-4c74-ae3d-bda6696da8e5,BFP137,G017,"Onion, big (Allium cepa)",20,g
1a3d462d-5d71-49ba-a9cc-096fc547ea7e,BFP114,UK-17-640,"Ghee, butter",0.25,tsp
1a48f74e-493e-40cd-8013-578945d8b928,BFP359,UK-17-064,"Syrup, corn, dark",4,tbsp
1a4b4db2-9209-441a-8411-e386db3b10eb,ASC282,G020,"Cardamom, green (Elettaria cardamomum)",0.25,tsp
1a4cb1ae-0da6-4269-bcae-d38fe3746d7e,ASC150,US-806341,AJWAIN SEED WHOLE ORGANIC SPICES,1,tsp
1a4ec989-a45e-4323-ba20-906b8aac080f,ASC110,UK-13-829,Garam masala,0.25,tsp
1a55510f-5c98-4473-b40a-ad87fb9f57cf,OSR111,G031,"Pepper, black (Piper nigrum)",0.37,tsp
1a58f9ab-5e4b-4a59-9d9d-3ba7e4a110f7,ASC415,UK-17-661,"Butter, unsalted",4,tsp
1a5c197e-a65f-4852-8c65-dd66b97f1ed1,OSR067,N003,"Chicken, poultry, breast, skinless",1587,g
1a5fa24b-1eb0-43b8-af7f-5c2007be4ede,OSR055,G022,"Chillies, red (Capsicum annum)",1.5,tsp
1a70295f-8599-49a9-8b7b-450a76fe1507,BFP308,UK-12-332,"Cream, fresh, single",3,tbsp
1a74055b-1257-4955-9253-6fd51d445464,BFP185,G023,Cloves (Syzygium aromaticum),0.25,tsp
1a8801bd-831e-46b0-b139-078c06e7e8ac,ASC196,G009,Coriander leaves (Coriandrum sativum),1,sprig
1a95c3ed-f2df-4efe-9f49-8f18214da155,ASC161,UK-17-045,"Oil, sunflower",1.5,tsp
1aa0cf91-a300-4c83-9669-53bac0ccd6b9,ASC401,UK-17-045,"Oil, sunflower",1,tbsp
1aa3ad9c-51d5-4413-bd5a-9e87f2e5ad69,ASC167,G026,Fenugreek seeds (Trigonella foenum graecum),0.25,tsp
1aa6a5c3-7716-4444-8732-5ffa342f8731,ASC229,G014,"Ginger, fresh (Zingiber officinale)",6.33,g
1ab0eeef-f9e0-49f3-9b1f-1672e5f3f171,BFP125,M001,"Egg, poultry, whole, raw",12.5,g
1ab27c56-68d1-4586-94c2-497096a89b61,ASC271,UK-12-184,"Yogurt, whole milk, plain",100,g
1ab463d1-533c-447d-9504-ce4071c68489,OSR141,UK-17-063,"Sugar, white",1,tsp
1ab58a1f-2d44-4e12-8df5-c51cac6bd6f6,BFP275,UK-17-377,"Water, distilled",2,tsp
1ac851a8-07b6-4042-a7e6-c39ea9bbc970,BFP607,L002,"Milk, Cow",360,ml
1ad2f1ec-099a-4d19-8b68-50d06d6e1493,ASC010,G014,"Ginger, fresh (Zingiber officinale)",5,g
1ad53e2a-484d-4622-a158-93c29f91f35f,BFP382,UK-14-130,"Lemons, flesh only, raw, weighed with peel and pips",30,g
1ad8900c-9f17-4114-b565-6935b85c851c,BFP015,UK-17-377,"Water, distilled",12,tbsp
1adc30d4-6501-4d73-bd5c-1262b1fb393e,ASC356,UK-17-377,"Water, distilled",4,tbsp
1ae3b4d1-9778-4f91-afcd-2f04224a113d,OSR040,A018,"Wheat flour, refined (Triticum aestivum)",120,g
1af3cb18-3e08-4cf6-b2f7-db5c0946be56,ASC082,UK-11-1045,"Flour, corn",1,tsp
1afbe892-e375-4fb9-a21f-cb6c5be51e71,BFP601,G012,"Garlic, small clove (Allium sativum)",10,g
1afd474d-61c8-4a69-a61e-bd159754d21d,ASC046,US-711552,MSG MONOSODIUM GLUTAMATE,0.25,tsp
1afed4a4-fb15-4b55-8ffe-0c60a60e8523,OSR134,UK-17-045,"Oil, sunflower",1,tsp
1b03a59a-1dc3-4618-a027-95831e01faf3,ASC512,UK-17-339,Vinegar,250,ml
1b07ba59-8a84-4fdf-bf82-bfbbd98bc607,BFP241,G024,Coriander seeds (Coriandrum sativum),1,tsp
1b1b73ee-d5ff-4033-ae12-67e17be0af29,ASC326,UK-17-661,"Butter, unsalted",10,g
1b242487-b5c1-4e91-aabd-250e5ba1f55e,ASC372,UK-17-045,"Oil, sunflower",480,ml
1b25d1fe-3721-4b26-8434-d0dbbdcc8f63,ASC430,E014,"Cherries, red (Prunus cerasus)",10,g
1b27e370-af2a-4b76-a47c-a1f24113fd47,BFP026,UK-17-063,"Sugar, white",45,g
1b2abbac-3587-4da4-9946-5519771bf877,BFP187,UK-13-829,Garam masala,0.25,tsp
1b343038-c60f-4ad6-851c-37a56979d998,ASC422,UK-14-335,"Cherries, glace",10,g
1b373e57-4ef0-4a4e-9203-68362e0d0928,ASC100,UK-13-829,Garam masala,0.25,tsp
1b50e275-2353-4c55-917d-b2239f31710f,ASC048,L002,"Milk, whole, Cow",250,ml
1b584f78-96bc-4272-812c-28acab21ffc5,BFP141,G031,"Pepper, black (Piper nigrum)",0.5,tsp
1b5e1a74-925d-4384-b0be-cea840a2f210,ASC041,G025,Cumin seeds (Cuminum cyminum),0.25,tsp
1b6ac89d-7c39-43e6-a787-261960c4f262,ASC117,A014,"Rice, parboiled, milled (Oryza sativa )",80,g
1b6f6272-5e6f-4b9e-bb4a-3de2b12b186b,ASC087,N003,"Chicken, poultry, breast, skinless",50,g
1b799cb4-c098-48e0-b4ea-c456a628297d,OSR029,US-2015108,MARGARINE,2,tbsp
1b7ac78f-e9b9-4159-b947-673c4ebadd58,BFP401,G020,"Cardamom, green (Elettaria cardamomum)",0.25,tsp
1b7d0716-11fa-4f13-872a-fd6735bbc5b1,OSR089,UK-12-184,"Yogurt, whole milk, plain",122.5,g
1b7d5d63-98d7-465d-a9ce-8e8654d3f936,BFP531,M001,"Egg, poultry, whole, raw",50,g
1b7f971e-c0b3-4dff-ab2e-c0eb41a26de8,ASC423,UK-17-367,Salt,0.25,tsp
1b808211-8507-48c6-a471-f855a3191b9f,ASC377,G025,Cumin seeds (Cuminum cyminum),0.5,tsp
1b872a9b-5cf5-4237-b771-ab3a6bbd23cf,BFP442,G031,"Pepper, black (Piper nigrum)",0.125,tsp
1b8894ad-d1e6-4f10-9409-196223df7a6a,OSR096,E064,"Tamarind, pulp (Tamarindus indica)",60,g
1b8920e5-951c-4d09-93c5-9eab3322fa61,ASC168,G019,Asafoetida (Ferula assa-foetida),0.25,tsp
1b893751-bc9b-4d40-b048-6d311007f348,ASC204,G017,"Onion, big (Allium cepa)",50,g
1b8a5fdf-9739-4cf4-82ed-90ae0ebf508d,ASC331,US-490013,STRAWBERRY JAM,40,g
1b8fe6ca-89f2-40a1-9ab5-c6afe771b2c8,ASC425,G023,Cloves (Syzygium aromaticum),0.88,tsp
1b9b68fc-3334-4f18-b528-e50e47326348,ASC165,G009,Coriander leaves (Coriandrum sativum),1,sprig
1b9b8361-eee2-4b75-ae0d-4dc727c1e3e9,BFP223,G017,"Onion, big (Allium cepa)",50,g
1b9d44ce-16e0-466a-9ab4-8b952de522ad,ASC322,UK-17-063,"Sugar, white",1,tsp
1ba610f6-7d9a-44ec-8ac5-2b1e8036284d,BFP445,US-173030,"Gooseberries, raw",50,g
1bb5aa6e-ce92-4577-8efb-c8c65662a72c,BFP136,UK-17-045,"Oil, sunflower",2,tsp
1bb6251b-9b75-430f-a340-c885393b071c,BFP262,UK-13-531,Tomato puree,60,g
1bb7f89a-9987-40a1-a526-328522a16cc0,BFP137,UK-17-367,Salt,0.5,tsp
1bb8b237-ec93-4da1-a5ed-bde08463f4de,BFP142,UK-17-727,"Stock cubes, vegetable",120,ml
1bbc3a22-e238-4146-bd66-6f62089d45a6,ASC042,D061,"Peas, fresh (Pisum sativum)",20,g
1bc0c369-c08b-4646-a4a5-cd956a9a15a6,ASC061,M001,"Egg, poultry, whole, raw",100,g
1bf0e093-eba3-41a7-a007-db1f3ae60be1,OSR064,G017,"Onion, big (Allium cepa)",60,g
1bf371b1-6eb9-49d1-8588-757a390673de,ASC320,E014,"Cherries, red (Prunus cerasus)",5,g
1bfbbfb3-c3d0-4f48-82ff-4f93d0bf96ff,ASC033,M001,"Egg, poultry, whole, raw",50,g
1bfc7ecc-0e52-4a8d-a198-f16fcbf356c6,ASC315,UK-12-332,"Cream, fresh, single",60,g
1c029483-219e-477c-b9de-a135caaf900a,ASC060,UK-17-661,"Butter, unsalted",5,g
1c101fe6-2970-4a7b-b68e-feb7dcbfe154,BFP535,UK-17-661,"Butter, unsalted",2,tsp
1c185885-f509-4257-9faa-167c283745cd,BFP431,UK-17-377,"Water, distilled",1.75,tsp
1c1c5bcf-edb5-4713-a201-e65712753be5,ASC186,UK-17-045,"Oil, sunflower",1,tbsp
1c2bd118-e0b7-4031-9571-c2ac64814e43,ASC498,G014,"Ginger, fresh (Zingiber officinale)",1000,g
1c301223-b647-4b97-9c36-8de93482c99d,ASC232,G020,"Cardamom, green (Elettaria cardamomum)",0.25,tsp
1c366116-7e58-45a7-885f-95d82fd6a0c9,ASC283,G020,"Cardamom, green (Elettaria cardamomum)",0.25,tsp
1c36a962-392a-4f30-9e1d-a58e1bd53401,BFP206,UK-13-874,"Cinnamon, ground",0.25,tsp
1c37b51d-50ee-4b29-9cca-bcab9c38e029,ASC318,UK-12-237,"Jelly, made with water",25,g
1c4140dd-5454-4886-9b17-25fae0df4ae3,OSR141,D059,"Papaya, raw (Carica papaya)",600,g
1c462636-4ee4-4577-9541-c687c5a7df21,ASC453,H021,Walnut (Juglans regia),20,g
1c49a191-973c-454f-bf5a-a55428d4ae71,ASC245,G012,"Garlic, small clove (Allium sativum)",0.5,tsp
1c4a829a-a21b-4ee1-b96b-82363aed767d,ASC177,G008,"Chillies, green - all varieties (Capsicum annum)",3.33,g
1c4df483-59f5-467e-ab9f-a53d5e75e617,BFP280,G033,Turmeric powder (Curcuma domestica),0.125,tsp
1c52b75f-ccb3-42b5-8265-2f7e59583d1f,BFP205,UK-17-367,Salt,0.17,tsp
1c52eba3-d97c-4c53-abce-a01ff6f1fd47,ASC448,UK-17-063,"Sugar, white",5,g
1c53dc39-0383-4274-8662-967fe6828c5d,ASC383,UK-17-367,Salt,0.25,tsp
1c6649f3-e18f-4305-bffe-3ce229688d88,BFP162,UK-17-377,"Water, distilled",4,C
1c6897c6-d174-47bb-97c3-ab2a99b76fd3,ASC179,G010,Curry leaves (Murraya koenigii),1,sprig
1c68d35d-0adc-4a19-ae1c-35ce1c0fbf8c,BFP397,UK-14-130,"Lemons, flesh only, raw, weighed with peel and pips",5,g
1c6a43d8-0d4a-4956-8a86-7d3efa01e84f,BFP052,G014,"Ginger, fresh (Zingiber officinale)",5,g
1c6b8ba1-6eb5-430f-86de-aa27558194ea,BFP167,UK-13-873,Chilli powder,0.125,tsp
1c71dd2c-3120-4519-9813-c43d30e51ebb,BFP427,A018,"Wheat flour, refined (Triticum aestivum)",2,tsp
1c72dd8b-99ee-4024-96cd-9f2eb802cd24,ASC217,UK-13-873,Chilli powder,0.25,tsp
1c74c8d7-c986-4f94-975b-1aa19ee1632b,ASC462,UK-13-873,Chilli powder,0.5,tsp
1c770bd1-1091-45b4-b1bb-bded6607e839,ASC246,UK-14-130,"Lemons, flesh only, raw, weighed with peel and pips",17.5,g
1c7b8bf9-c28b-4500-8bab-90f6a58d2ea0,ASC064,UK-17-367,Salt,0.25,tsp
1c8002b4-3791-4967-9c38-799aa1c84f3c,BFP358,UK-14-197,"Pears, canned in juice, whole contents",50,g
1c87bd1d-da7c-48ec-9090-255538297ea1,ASC378,G017,"Onion, big (Allium cepa)",10,g
1c893256-b7f3-438e-9bfb-9af7fe81c847,ASC004,UK-17-063,"Sugar, white",2,tsp
1c8da72a-711c-4f26-bb25-6f0f2e1f9c63,BFP371,UK-17-377,"Water, distilled",30,ml
1c90a34c-8b92-417d-8625-7a0256e5182f,ASC440,UK-17-661,"Butter, unsalted",25,g
1c92b26d-28e4-4370-8be7-381a0995e8db,ASC247,UK-17-045,"Oil, sunflower",1,tsp
1c96bd2b-42aa-4942-99ce-e624f2982c4d,BFP075,G017,"Onion, big (Allium cepa)",30,g
1c98bbf1-c29b-42ae-8ba6-7b1f051cebe1,BFP117,UK-17-640,"Ghee, butter",0.25,tsp
1cba20a5-ac2b-4a15-9d3c-caa4887f88df,OSR007,US-1100612,Chia seeds,1,tbsp
1cbbd470-1972-4ba5-8788-265527f2800a,ASC221,G009,Coriander leaves (Coriandrum sativum),1,sprig
1ccc39b6-757a-4909-8664-093cd9a63533,OSR057,H013,Mustard seeds (Brassica nigra),2,tsp
1cd255f5-339c-462b-a0b0-8769aa55bb4a,BFP272,UK-17-045,"Oil, sunflower",10,g
1ce04a42-efe1-4fe8-9594-a9edc5ce81ac,BFP320,UK-14-878,"Peanuts, dry roasted",10,g
1ce326c6-4ea1-4cf9-86d8-842fa16a25c8,BFP171,UK-17-367,Salt,0.33,tsp
1ce8f47d-09a2-4352-89fe-3187af27398f,BFP091,UK-17-045,"Oil, sunflower",5,g
1cf21697-32f4-4208-9984-11bf80da87d8,BFP320,UK-17-367,Salt,0.17,tsp
1cf250e1-59e2-4e2b-b6f7-6b3ae65b9073,ASC360,H005,Cashew nut (Anacardium occidentale),2.5,g
1cf3e4bd-0f2e-4b8f-9f78-53c89100f7a1,BFP263,UK-17-045,"Oil, sunflower",1,tsp
1cf7283b-1ff7-483d-abc3-ac327e82893f,ASC229,D061,"Peas, fresh (Pisum sativum)",100,g
1cf88c82-be8b-4609-8b6d-a74b70b8b4e5,ASC361,UK-17-045,"Oil, sunflower",12,g
1d027ab0-075d-4968-8106-2ebc4716ec01,BFP539,UK-17-661,"Butter, unsalted",30,g
1d07aa12-cd3f-4e59-be1c-19511eca3136,OSR039,UK-17-367,Salt,2,tsp
1d0d4fa8-8a10-4bbe-90f3-796d8ce8d69a,ASC184,UK-17-045,"Oil, sunflower",2,tsp
1d154267-438f-4903-a575-de281dab76fc,ASC014,L002,"Milk, whole, Cow",0.75,C
1d1b55c2-7576-4ca6-860d-1ac3ebe04f9e,ASC501,ANN-ING-0048,Citric Acid,5,g
1d1cc580-a188-4965-ad34-67de7cb7c904,BFP406,G020,"Cardamom, green (Elettaria cardamomum)",0.25,tsp
1d1ddfc6-adda-4329-9d45-afffde39a252,BFP437,G008,"Chillies, green - all varieties (Capsicum annum)",6.67,g
1d297367-88ae-4b1b-8b99-258acef0a5db,BFP491,M001,"Egg, poultry, whole, raw",50,g
1d3499e3-cec1-445f-ae80-c64787e68c86,BFP127,UK-50-1173,"Tomato sauce, homemade",2,tsp
1d38f2b3-154d-423c-beb9-2e2c8dfcb381,ASC412,UK-13-873,Chilli powder,0.125,tsp
1d3dc587-e8f4-488d-b516-ade889032786,BFP196,UK-13-829,Garam masala,0.125,tsp
1d3fa606-011c-4bf1-a348-89b9bda65449,BFP302,C015,"Cabbage, green (Brassica oleracea var. capitata f. alba)",30,g
1d43a956-c9b5-4869-8a39-1f584eeb9341,BFP258,UK-13-873,Chilli powder,0.125,tsp
1d4ff633-d97e-4c8d-9e47-e89adccccde6,BFP359,E001,"Apple, big (Malus domestica)",50,g
1d5972e7-2e8b-4515-b847-123139cd4a2b,ASC309,UK-17-377,"Water, distilled",1,tbsp
1d5b0fad-19ed-45cf-a1b1-83e52c2ce4f8,ASC207,UK-11-1145,"Bread, white, average",15,g
1d5d6c58-6344-416c-871a-f5fe11d898d1,OSR112,G027,Mace (Myristica fragrans),0.25,tbsp
1d60828a-be6f-49f9-b583-644591278f9e,ASC360,F006,"Potato, brown skin, big (Solanum tuberosum)",100,g
1d62dc24-455c-4d87-b548-a331e2324a31,BFP495,UK-17-355,Baking powder,0.25,tsp
1d6e1d98-2ccd-443e-9d77-0dd033e22320,BFP036,UK-17-640,"Ghee, butter",0.25,tsp
1d6ea5a4-a455-463c-b50d-3d54182070af,BFP421,UK-17-367,Salt,0.25,tsp
1d70ff8d-d74b-4c82-8e7e-4b91faaa2332,OSR036,D066,"Pumpkin, orange, round (Cucurbita maxima)",250,g
1d778251-0c43-4973-944a-fd51824e4aa3,ASC400,UK-12-527,"Cheese, processed, plain",25,g
1d7d1490-f118-42f7-8ea1-359b8c852f60,OSR080,H013,Mustard seeds (Brassica nigra),1,tsp
1d88614a-5c32-4d62-af54-7e28e5ac9658,ASC456,A014,"Rice, parboiled, milled (Oryza sativa )",20,g
1d8a6ef7-375f-4c79-b0f8-e496e3963ec1,BFP484,A018,"Wheat flour, refined (Triticum aestivum)",50,g
1d9e2624-69a8-423d-b95f-398ede6465b8,BFP326,G031,"Pepper, black (Piper nigrum)",0.25,tsp
1da12117-24b1-4373-a02b-5e41c3fb0bfa,BFP259,G014,"Ginger, fresh (Zingiber officinale)",10,g
1da54a3d-aa7d-4782-bedb-22c9b97f0a6a,BFP082,UK-12-332,"Cream, fresh, single",10,g
1daca0cd-05c7-409a-8578-9b3f90e31cdc,OSR079,D050,"French beans, hybrid (Phaseolus vulgaris)",226,g
1dae32bf-152e-4cde-9dbb-497956236279,ASC253,E022,"Grapes, seeded, round, black (Vitis vinifera)",25,g
1db0d261-77f8-4448-a3f6-c2e896cabb8b,BFP455,UK-17-661,"Butter, unsalted",10,g
1db43cb7-2136-432b-989e-40023492c8e3,ASC402,UK-17-367,Salt,0.25,tsp
1db4b4b5-7059-456d-bab0-c6c6aa6d6acc,BFP517,UK-17-063,"Sugar, white",15,g
1dbc9173-bb8b-4706-8470-48e2f0fbe699,BFP348,L002,"Milk, whole, Cow",150,ml
1dc7d746-ebe4-4d1c-97c9-b35388cdff2e,BFP415,G012,"Garlic, small clove (Allium sativum)",0.63,g
1dcaa1c0-f236-42b0-a32b-f712535443cf,ASC371,F006,"Potato, brown skin, big (Solanum tuberosum)",100,g
1dd33940-a20c-490d-9918-9d56ba2742e7,BFP440,UK-17-377,"Water, distilled",4,tbsp
1de458f2-24f8-490f-938c-f9334199ba4d,ASC222,G014,"Ginger, fresh (Zingiber officinale)",10,g
1de50bbc-bbdf-4eb3-a8d4-dcc8429ede36,BFP124,J001,"Button mushroom, fresh (Agaricus sp.)",80,g
1de54b44-2a14-42c6-a1f4-6b273dfa9b1c,BFP172,UK-13-829,Garam masala,0.125,tsp
1deac52b-b089-482c-9a51-8a31b6170556,ASC352,UK-17-367,Salt,0.25,tsp
1dec608e-e387-486a-b320-7f9f990c4b7a,BFP280,G014,"Ginger, fresh (Zingiber officinale)",5,g
1ded55df-4037-4de9-a79e-d2f3631a640b,ASC117,G017,"Onion, big (Allium cepa)",50,g
1df7cace-b916-421b-a88d-8321d28cd55b,BFP351,UK-12-333,"Cream, fresh, whipping",125,g
1e08f2d4-e368-4469-b5ce-da7addc01215,ASC440,UK-17-063,"Sugar, white",20,g
1e093b68-faf7-4a3f-a72e-9539af909d46,ASC226,UK-13-531,Tomato puree,2,tbsp
1e0b34f2-473a-4c96-9a4b-603d563de035,ASC152,UK-17-377,"Water, distilled",1,C
1e0d630b-2280-4e29-87a2-1cac36fc4896,ASC090,UK-17-726,"Stock cubes, chicken",1,C
1e0ea1c5-d041-4040-bb69-be62d216ae42,ASC132,L002,"Milk, whole, Cow",200,ml
1e10acb3-bc7f-4d96-b9cf-547cc2b54663,BFP430,G009,Coriander leaves (Coriandrum sativum),1,sprig
1e170366-2a1b-48de-8c3d-194b19a82ff5,BFP560,UK-17-377,"Water, distilled",2,tbsp
1e17834d-c657-4120-b8fa-13de5537fc56,ASC207,G033,Turmeric powder (Curcuma domestica),0.25,tsp
1e1bba6e-8e0a-4ec4-92fe-f79463046491,BFP150,A014,"Rice, parboiled, milled (Oryza sativa )",50,g
1e200a46-21a9-4844-9c19-96d6077aca0e,ASC083,UK-11-1045,"Flour, corn",1,tsp
1e3fa908-9bbf-4625-92c8-0e7e9f13d574,ASC075,UK-17-661,"Butter, unsalted",2,tbsp
1e42b94e-1462-4133-b746-bd5f8aaba202,ASC313,UK-17-377,"Water, distilled",1,tbsp
1e4388bf-8909-49de-aca8-e5742113a1e5,ASC313,ANN-ING-0031,Yellow colour,0.5,tsp
1e45cb5e-89ca-4e8b-a96f-99555df45a6d,BFP210,UK-17-045,"Oil, sunflower",10,g
1e470fd6-7a59-4822-9e05-742b783f7784,BFP447,UK-17-377,"Water, distilled",150,ml
1e47789f-7f16-4247-8f5b-c0b854e916d9,ASC157,G014,"Ginger, fresh (Zingiber officinale)",6.33,g
1e49087a-c337-4a5a-88df-1ec09aa7a152,ASC505,UK-17-063,"Sugar, white",1000,g
1e55d11a-23f2-49ad-b2dc-f0a5999e7711,ASC357,UK-17-367,Salt,0.25,tsp
1e56ffd5-bdef-409c-b5ae-2732edcfefeb,BFP416,UK-17-045,"Oil, sunflower",0.5,tsp
1e5d84ce-6a16-4b8b-8893-b5c89f4ffaee,BFP513,UK-17-661,"Butter, unsalted",5,g
1e612125-a012-4b0b-b6d1-7d48f8d11424,BFP535,C028,Parsley (Petroselinum crispum),1,sprig
1e63329b-7690-4e05-9a9e-d8e86c41409c,BFP511,UK-17-377,"Water, distilled",0.75,tsp
1e674a50-1f69-4292-bfb6-b21ab2c89862,BFP416,UK-17-045,"Oil, sunflower",240,ml
1e67947b-4259-440e-ab14-feec1a70e3e5,OSR143,G025,Cumin seeds (Cuminum cyminum),1,tsp
1e6f46f1-f5ea-4df5-b93e-4d335e9b6ae8,BFP527,UK-17-367,Salt,0.125,tsp
1e78cbef-853e-41a3-8698-3c4fc3e17ce8,BFP058,D075,"Tomato, ripe, hybrid (Solanum lycopersicum)",10,g
1e792a9c-122d-48d5-ad11-a45dbae9e3d2,BFP242,UK-17-367,Salt,0.17,tsp
1e7d3825-981c-43d5-9eac-4244bc83a11a,ASC444,UK-17-062,"Sugar, icing",5,g
1e800bd3-accb-4c4c-b564-686e85fa2a91,ASC078,UK-17-367,Salt,1,tsp
1e810cae-a9c1-4357-8ea6-a6e090ccc6f9,OSR090,UK-12-184,"Yogurt, whole milk, plain",245,g
1e844b4c-7aaa-49ed-95ce-b2a241ae7e21,BFP534,L002,"Milk, whole, Cow",1,tsp
1e85e8f3-96f7-4ab8-ba8b-8a6541ccabd2,ASC205,G014,"Ginger, fresh (Zingiber officinale)",5,g
1e889280-c626-43ac-9cef-64ada4a335ab,OSR051,UK-17-377,"Water, distilled",480,ml
1e8d6c61-61e0-4883-b850-73d0013869e9,ASC490,US-473921,CRACKED WHEAT,20,g
1e8edcb8-c720-4886-a2dd-c1023b90be87,BFP542,UK-17-640,"Ghee, butter",37,g
1e93e3bd-ad4f-4203-950f-be9febf7cbb5,OSR004,UK-17-377,"Water, distilled",1.5,C
1e9706ba-f45a-4ca1-8c97-d5ae5466c14e,ASC025,D043,"Cucumber, green, elongate (Cucumis sativus)",50,g
1e9f98db-0e30-42f1-9a9b-2c00d33b18c4,OSR144,UK-17-640,"Ghee, butter",1,tsp
1eaba146-6d2b-43d2-a0e3-82e78a1c01e8,BFP389,US-170885,"Whey, acid, fluid",0.25,C
1eaba4c5-cdb5-4470-9075-0e448eba4969,ASC200,G014,"Ginger, fresh (Zingiber officinale)",5,g
1eaf6ea4-cadc-47f6-a51f-bb70cdce0f01,BFP047,G009,Coriander leaves (Coriandrum sativum),10,g
1eafb4a4-8ed9-4c5a-950f-c201bfb658b0,BFP443,G014,"Ginger, fresh (Zingiber officinale)",5,g
1eb769dc-db94-4e2e-bc01-a678c6c49589,ASC328,UK-17-062,"Sugar, icing",30,g
1ec699bb-0e33-4484-9084-41362500dfee,OSR108,UK-17-367,Salt,0.5,tsp
1ec9ae69-9e43-4388-a61d-d0db183ec052,BFP044,UK-17-367,Salt,0.5,tsp
1ecaa846-c230-4ed1-b2ff-fad326790f9a,BFP002,G024,Coriander seeds (Coriandrum sativum),10,g
1ecb271d-4063-4dac-bae8-a2610ac92257,BFP327,UK-12-184,"Yogurt, whole milk, plain",100,g
1ed11fd6-c425-44d3-abb0-17f4f5daaf2b,OSR145,UK-17-377,"Water, distilled",4.5,C
1ee1ae05-afa8-4577-94da-d25b1ca98905,OSR106,UK-17-661,"Butter, unsalted",9,tbsp
1ee8e037-cca9-4083-b805-1aaa50da4d87,BFP177,D075,"Tomato, ripe, hybrid (Solanum lycopersicum)",50,g
1eee73a9-13c7-4140-b3e0-f3018f0a3dcd,ASC310,ANN-ING-0032,Orange colour,0.5,tsp
1ef76e70-2da3-45b4-8a0e-3696f79b7d22,BFP440,G033,Turmeric powder (Curcuma domestica),0.125,tsp
1efadc0e-b6af-4bc1-b715-423c50b35ee9,BFP003,US-172337,"Oil, mustard",1,C
1f1546fd-5655-44bd-868e-8dfc29301b01,BFP179,G012,"Garlic, small clove (Allium sativum)",0.63,g
1f1898a6-b03c-4d23-b04b-70e924d9b088,OSR075,G012,"Garlic, small clove (Allium sativum)",1.25,g
1f1955af-9d85-44be-a22a-6f82a8ecedee,ASC102,UK-13-829,Garam masala,0.25,tsp
1f1acc24-fe53-460e-a71f-d9b42fc195bd,ASC249,UK-17-661,"Butter, unsalted",1,tsp
1f1f63f5-39be-4ba1-b457-37f6bce2e70f,BFP431,UK-17-045,"Oil, sunflower",5,g
1f261049-2829-49e5-a6ce-30c6e944e010,ASC407,UK-17-377,"Water, distilled",75,ml
1f449edb-674c-4520-9cd2-9c009f61502f,ASC215,G025,Cumin seeds (Cuminum cyminum),0.25,tsp
1f49aab5-93ea-4780-a316-bf34311d88f1,BFP241,H007,"Coconut, kernel, fresh (Cocos nucifera)",20,g
1f5001b2-0d98-4360-a70a-f1d1655c5281,ASC042,G025,Cumin seeds (Cuminum cyminum),0.25,tsp
1f57fdcc-2267-4b8f-aa4b-7a4ccbcf17cf,ASC185,UK-13-829,Garam masala,0.25,tsp
1f5879b3-5283-465c-9e1c-7ee204ebee99,BFP179,G014,"Ginger, fresh (Zingiber officinale)",5,g
1f58a883-aa77-419a-8e88-f261f57f6849,ASC125,H018,Pistachio nuts (Pistacla vera),0.4,g
1f5a9023-df4a-46c2-ba2d-cfe131f1b5eb,ASC288,C015,"Cabbage, green (Brassica oleracea var. capitata f. alba)",40,g
1f5aac72-b672-4a45-a5c0-a6451b29f888,BFP176,G009,Coriander leaves (Coriandrum sativum),1,sprig
1f653935-abe1-49f5-9b7d-e7ba97a5e9a2,ASC361,UK-17-045,"Oil, sunflower",480,ml
1f6b8015-5679-4ccd-8a4c-ce8a1cd7b278,OSR112,G033,Turmeric powder (Curcuma domestica),0.25,tsp
1f791a48-1793-4ab3-b245-41bcb679bed9,BFP555,L002,"Milk, whole, Cow",40,ml
1f826c50-e4a6-4ba3-8598-f0b87acd3752,BFP115,UK-17-045,"Oil, sunflower",240,ml
1f935fce-8149-4b46-b6e6-5fe06d08dfb0,BFP305,N003,"Chicken, poultry, breast, skinless",75,g
1f99213d-d4ec-4ce4-ba10-27d88497a941,BFP108,UK-17-367,Salt,0.5,tsp
1f9b7ce4-b8b6-4d4e-8645-3942e4d5da44,BFP185,UK-13-074,"Beans, chick peas, Kabuli, whole, dried, raw",40,g
1fa22f91-e15d-411d-8a9f-67678e9b4403,OSR114,UK-17-367,Salt,0.28,tsp
1fa82c6a-f1c9-4aef-bc42-956250cf1d30,BFP430,G008,"Chillies, green - all varieties (Capsicum annum)",3.33,g
1fab45ac-3282-4df4-96d7-fcbb1cb4ece2,OSR078,D036,Cauliflower (Brassica oleracea var. botrytis),400,g
1fba9deb-84c2-47b5-83e0-4ae35dfbd0b8,BFP519,UK-17-661,"Butter, unsalted",15,g
1fbb7f79-7793-447a-bfe5-3655b6f6156f,OSR108,E017,"DATES, dried",14.7,g
1fc06f17-f305-474d-a702-0754ec51145f,ASC103,G017,"Onion, big (Allium cepa)",25,g
1fc5bad4-c495-48c8-8fb1-0cba53aecdcc,BFP282,A018,"Wheat flour, refined (Triticum aestivum)",10,g
1fd54c68-99e9-44f9-8e63-ceee01b08620,ASC239,UK-17-661,"Butter, unsalted",1,tbsp
1fe606cf-5529-4e3e-9697-15ca6cbb6bb8,BFP263,UK-13-873,Chilli powder,0.25,tsp
1fe74bae-f27c-4499-ba03-5c207eb692dd,ASC394,UK-17-062,"Sugar, icing",0.5,tsp
1ff198dd-7d28-4112-8d45-ce5da1437cef,ASC060,UK-11-1145,"Bread, white, average",30,g
1ff2081a-7bba-4d23-a3e7-d1abb927c22f,OSR016,E036,"Mango, ripe, banganapalli (Mangifera indica)",400,g
1ff7d7a9-51a8-49f0-bd63-5f636e235958,BFP249,G033,Turmeric powder (Curcuma domestica),0.125,tsp
1ff9f0e8-5132-4bc6-b22d-325e129e82fb,BFP246,UK-13-829,Garam masala,0.125,tsp
200d2d59-1b06-4d14-9014-423f55be54c6,ASC346,UK-14-130,"Lemons, flesh only, raw, weighed with peel and pips",17.5,g
20148353-37a2-47be-99e3-09991274818e,ASC359,UK-17-045,"Oil, sunflower",480,ml
2018cc13-b561-48a1-8fd4-d979abff6864,BFP598,UK-17-063,"Sugar, white",30,g
201d25c6-4283-41e3-9861-84961247c98e,ASC124,G022,"Chillies, red (Capsicum annum)",6.66,g
2026fc77-4b34-43ae-80f8-8c0259f9a41f,BFP280,UK-13-829,Garam masala,0.125,tsp
203a3fba-c891-4f26-acb4-c57a6cb3fb39,OSR009,G020,"Cardamom, green (Elettaria cardamomum)",0.5,tsp
2040b195-aefa-46e8-9118-093d628fd21d,ASC140,UK-12-332,"Cream, fresh, single",20,ml
2054e69a-4f91-46dd-bd12-44de602e4922,BFP074,L002,"Milk, whole, Cow",60,ml
20691f68-74fb-4370-9c4b-d3949b2adf96,BFP601,US-172237,"Vinegar, distilled",6,g
206f0cdc-9045-4264-8f72-bfd1abeb5262,ASC371,UK-17-367,Salt,0.5,tsp
207e3bd2-0b2a-44f4-8c47-3a75092f92f0,BFP222,H005,Cashew nut (Anacardium occidentale),3.33,g
207e95e6-ba23-4fa1-b136-75e994f895de,OSR016,UK-17-640,"Ghee, butter",2,C
207fc1ba-1a53-44bb-97a3-32e0443ef8df,ASC425,G028,Nutmeg (Myristica fragrans),0.25,tsp
208e6b8a-5e19-4f39-95be-9a0004328ca2,OSR118,H005,Cashew nut (Anacardium occidentale),2,tbsp
20b340c5-e26f-4d7e-bd15-6adf06bd14a0,ASC094,UK-12-184,"Yogurt, whole milk, plain",125,g
20b35917-1635-4544-ab21-2c1a7cf40c84,ASC310,UK-17-360,Gelatine,1.5,tsp
20b9bbc7-99a8-4d46-b2ee-bfe7e4b2e1d3,ASC232,UK-17-367,Salt,0.25,tsp
20c4f270-5bb8-4b04-b5b5-90ee04bfc8bc,OSR028,UK-11-1145,"Bread, white, average",120,g
20c6a4ad-78cf-4aef-b9eb-b774d494f97e,BFP074,D075,"Tomato, ripe, hybrid (Solanum lycopersicum)",40,g
20e90a8e-a55b-47ae-a2ca-e8b8b33ced00,ASC025,G031,"Pepper, black (Piper nigrum)",0.25,tsp
20ecca37-19b8-47da-bcd9-c7d11ba19282,BFP361,ANN-ING-0028,ORANGE FLAVOURED JELLY CRYSTALS,30,g
20eede53-7f08-4a70-9895-8fa52173da1e,ASC100,UK-17-367,Salt,0.5,tsp
20ef94c3-a7fe-4b00-8b95-ce9f6e903e47,BFP001,G023,Cloves (Syzygium aromaticum),10,g
20f0f07b-7b5d-4359-acfb-c5484791e4ad,BFP401,US-851134,"MIXED NUTS CASHEWS, ALMONDS, HAZELNUTS, PISTACHIOS, PECANS, MIXED NUTS",3.78,g
20f12226-4829-45cb-95cf-793f095c909a,ASC319,UK-14-097,"Fruit cocktail, canned in syrup, whole contents",250,ml
20f145e1-19cc-4c03-af86-81f6678dd16a,BFP246,G017,"Onion, big (Allium cepa)",10,g
20f40e86-e376-4f06-b2b1-9296e78918cc,ASC095,G016,Mint leaves (Mentha spicata ),2,sprig
21041d84-4315-4df4-9264-6758d25e25c6,ASC147,UK-17-355,Baking powder,0.25,tsp
210c2759-f2ed-4916-8826-adf330ef9f07,OSR093,UK-12-539,"Cheese, cottage, plain",105,g
21170d44-238a-444b-975a-210828ac8f76,BFP185,G014,"Ginger, fresh (Zingiber officinale)",15,g
211db4a0-c57f-4583-8be1-63c7e6a733dc,ASC258,C025,Lettuce (Lactuca sativa),48,g
2121dcac-6f42-4f42-9936-52d36b960f4d,ASC469,A011,Rice flakes (Oryza sativa ),50,g
2121ee05-9fc0-4f3e-8c57-7f0e17af3e94,OSR051,G014,"Ginger, fresh (Zingiber officinale)",4,tbsp
21293341-ba6f-4f93-a1fd-c049226f28f9,BFP241,G008,"Chillies, green - all varieties (Capsicum annum)",3.33,g
212b03ee-1630-46b4-8646-f1a34386b3e9,ASC223,UK-17-063,"Sugar, white",0.25,tsp
2135dc13-cf0e-4195-829b-180466a38d5f,ASC137,UK-11-1045,"Flour, corn",0.5,tsp
2138462c-9e4c-4ee2-a7f0-1bca35fffce3,BFP194,G009,Coriander leaves (Coriandrum sativum),1,sprig
2141a9c7-fcb2-4fc8-a9ad-92229f61aa2a,ASC196,UK-17-045,"Oil, sunflower",1,tbsp
214ff5d6-31bd-4c3b-9e12-49af4cc3f062,ASC251,A018,"Wheat flour, refined (Triticum aestivum)",1,tsp
21529c41-aeff-4612-9165-b5d357cceaf8,BFP609,UK-17-377,"Water, distilled",12,tbsp
21534d0e-837f-47bd-8cf8-f45dde1c1b91,BFP289,G009,Coriander leaves (Coriandrum sativum),1,sprig
2153986f-4b19-4bac-8cfd-69c96d2829ce,ASC259,F006,"Potato, brown skin, big (Solanum tuberosum)",30,g
215724a1-9b2b-4164-a14d-d2d54902dc31,ASC124,G033,Turmeric powder (Curcuma domestica),0.25,tsp
21585e79-a518-464a-b074-18bdbaab8780,ASC371,UK-17-045,"Oil, sunflower",480,ml
215b2025-313a-49f4-9e9c-7eb85914c281,OSR013,UK-17-063,"Sugar, white",1,tbsp
217abe2d-4531-4aed-9a06-34ec991bc5f2,ASC161,G033,Turmeric powder (Curcuma domestica),0.25,tsp
217b23a2-15fd-49b8-86dd-b53297026673,ASC274,F002,"Carrot, orange (Daucus carota)",25,g
217dcc75-0946-4631-b489-fbff1299aa91,ASC404,M001,"Egg, poultry, whole, raw",50,g
217eb513-2ff3-44f9-9b42-87e98f3974a7,BFP391,US-170885,"Whey, acid, fluid",0.25,C
217f8102-0376-4b6f-a35e-dc0127d691f0,ASC015,UK-12-508,"Ice cream, dairy, vanilla, soft scoop",1,tbsp
218413dc-8708-4a20-bb46-0edf0895dbe6,BFP532,UK-17-367,Salt,0.25,tsp
218497b6-fe99-4f88-b3d8-73e392d3a068,ASC509,UK-14-130,"Lemons, flesh only, raw, weighed with peel and pips",166.67,g
2186b7cf-8b3b-4bd0-84bc-3154e45ac299,BFP573,UK-17-045,"Oil, sunflower",10,g
2187d551-f48b-49e9-bced-384229926411,ASC257,UK-17-362,Mustard powder,0.125,tsp
2188ae22-1fa3-413b-8a84-ba4060ccb21a,BFP393,H018,Pistachio nuts (Pistacla vera),3.36,g
218d09da-c2bb-4bef-9f1d-c1686e0fa47e,OSR075,UK-17-719,Chilli sauce,1,tsp
2190d1d7-2399-4978-858b-08bc8e5daf39,ASC157,D075,"Tomato, ripe, hybrid (Solanum lycopersicum)",37.5,g
2193efb3-4834-4ec1-94e9-c590681634e0,BFP159,UK-11-716,"Pasta, white, dried, raw",40,g
2198338d-9c63-4503-b935-7e88043d9d86,BFP241,G025,Cumin seeds (Cuminum cyminum),0.125,tsp
219888f1-4158-4728-a2fe-fe0cd3ecbbc9,OSR100,G009,Coriander leaves (Coriandrum sativum),4,g
219fed04-2eee-461b-b46f-44cc2cff2d0e,ASC046,F006,"Potato, brown skin, big (Solanum tuberosum)",100,g
21ab51d7-f698-4767-8c06-0cb5bbf1b4cf,BFP512,UK-17-355,Baking powder,0.17,tsp
21ad5d0d-a92b-4a2d-9e4a-70638634d503,BFP535,L002,"Milk, whole, Cow",1,tsp
21b29de3-a32f-4e34-bf96-10fb5936eaf7,BFP241,UK-17-367,Salt,0.17,tsp
21cf871d-0722-49ad-acf3-2bb4afee3bbb,ASC099,G017,"Onion, big (Allium cepa)",25,g
21d44f4c-6901-48f1-9874-84ceb116ecae,BFP478,US-173471,Vanilla extract,0.5,tsp
21d986fd-9935-42b7-85be-98a3dcc35cbd,OSR082,G026,Fenugreek seeds (Trigonella foenum graecum),1,tbsp
21dc954d-da07-49ed-b68d-9b1fb95ea681,ASC396,UK-17-367,Salt,0.125,tsp
21e3caba-bc47-4d80-8fb8-fcff2baf50e3,OSR156,E033,"Lemon, juice (Citrus limon)",0.5,tsp
21e6f4b2-6aa4-4143-bef0-3fa3ef765efe,BFP210,G009,Coriander leaves (Coriandrum sativum),1,sprig
21fec7ee-92a3-4d4e-a083-26fc96941c29,ASC409,M001,"Egg, poultry, whole, raw",50,g
22077a18-c4da-48cd-a337-2d4485eaae3a,ASC322,M001,"Egg, poultry, whole, raw",0.67,g
2207d3bb-2309-4484-86c2-452eb712e974,OSR081,UK-17-377,"Water, distilled",1,C
220b0a6f-c72b-4a5a-b2a6-bc419b343795,ASC440,UK-17-491,"Chocolate, plain",1,tbsp
22161730-85a6-48e4-a249-6bb46caeee69,BFP352,UK-12-333,"Cream, fresh, whipping",125,g
2216e7c6-1909-416d-89cc-d36bc2d66acf,ASC296,UK-17-062,"Sugar, icing",35,g
22171874-0738-4c29-9c8d-f8bc4d82f30c,ASC450,UK-17-661,"Butter, unsalted",1,tbsp
2219b3b6-408f-4690-9e71-8128faa3291d,ASC208,D036,Cauliflower (Brassica oleracea var. botrytis),50,g
221e6f3f-f1c4-45b9-8f0d-f137a6f48b47,ASC409,UK-17-661,"Butter, unsalted",30,g
22234f90-c4da-4934-b5fb-ec26fcef3509,ASC242,UK-13-829,Garam masala,0.5,tbsp
2223564c-b93d-409e-bd77-930bdeaebb6a,BFP127,G031,"Pepper, black (Piper nigrum)",0.25,tsp
222d5e36-34c4-4b6d-9cd4-a1491e213e97,OSR134,H013,Mustard seeds (Brassica nigra),0.5,tsp
2230f5d2-b44a-4ada-a466-662073eafdfb,ASC351,UK-17-367,Salt,0.25,tsp
22384f61-641e-409f-8b4f-5f1d9eba24a3,ASC066,M001,"Egg, poultry, whole, raw",16.6,g
223e284e-16fb-46a1-ae1e-70a1a6a2ed95,ASC469,G010,Curry leaves (Murraya koenigii),1,sprig
2242c6cb-af20-4769-85b4-0e17a6d06e92,ASC472,G017,"Onion, big (Allium cepa)",25,g
22438ac0-36b3-4021-96f0-e6b0da65e36c,BFP040,UK-17-367,Salt,0.25,tsp
2256a6da-3aea-4aa1-8da6-311c0a630b6e,BFP534,UK-17-661,"Butter, unsalted",30,g
22613ec8-7a36-48a8-897a-3d8bf35ab0d6,ASC372,M001,"Egg, poultry, whole, raw",12.5,g
226a5723-c5cd-4362-977d-fbadb331fa7b,ASC022,UK-17-377,"Water, distilled",0.5,C
226b3da6-ac3f-42ff-ad05-bbbbfa2ef8c4,BFP296,C033,Spinach (Spinacia oleracea),100,g
226c6228-9f84-4047-bcad-6e1ad3650f20,ASC439,H021,Walnut (Juglans regia),15,g
226e0699-0fc0-47ea-b87f-87fec962ff7d,BFP151,G033,Turmeric powder (Curcuma domestica),0.25,tsp
22735c85-d2c8-43cb-a86a-562c44cd1c77,ASC217,UK-17-661,"Butter, unsalted",0.5,tsp
22760994-7aa1-452f-9729-b27f0f3dd5f4,ASC227,G023,Cloves (Syzygium aromaticum),0.5,tsp
22762fab-de41-4be9-b982-b4d92e4898f7,BFP168,UK-13-829,Garam masala,0.125,tsp
227dd3a8-5b6e-4f9b-9352-e335d1880663,BFP457,D075,"Tomato, ripe, hybrid (Solanum lycopersicum)",40,g
22850298-c10a-41cd-9b3c-a57b12083c60,ASC509,UK-13-829,Garam masala,25,g
228949d2-2100-4232-8a44-a37ebb8b7551,BFP560,C033,Spinach (Spinacia oleracea),100,g
228c9bf8-4e5b-4c7f-8bd5-774c1510241a,BFP499,US-173471,Vanilla extract,0.5,tsp
228eca08-716d-47cf-b83b-2178e31112fd,BFP511,UK-17-062,"Sugar, icing",20,g
22903b91-15ac-458d-9299-94856723f8b9,BFP364,UK-12-333,"Cream, fresh, whipping",40,g
229f8484-19c7-4a3e-960e-11ef4f4431b0,BFP090,G008,"Chillies, green - all varieties (Capsicum annum)",6.67,g
22a19c37-1554-4d4a-b40b-c477c15adbf6,OSR025,UK-17-063,"Sugar, white",50,g
22a42462-ebb0-44e6-8af4-63947d8d85d1,BFP205,UK-17-377,"Water, distilled",30,ml
22a92546-2e67-480c-a7d8-4da027db24dc,ASC514,UK-13-874,"Cinnamon, ground",2.5,g
22b2df03-675f-4798-beb7-a59cf23f698a,BFP568,A019,"Wheat flour, atta (Triticum aestivum)",100,g
22cd621e-0554-407c-b30e-5f2db5306fba,ASC024,UK-17-362,Mustard powder,0.25,tsp
22cf9c44-6bce-4e27-ac12-db8128044f55,ASC215,G012,"Garlic, small clove (Allium sativum)",1.25,g
22d064ad-89c5-4ba9-8c19-f86f4afbe560,BFP369,UK-17-360,Gelatine,5,g
22d18f86-c9fc-4c7e-8f8c-a1332accb9f7,ASC249,UK-17-339,Vinegar,1,tbsp
22d9be40-1409-4368-9045-935a7671245b,ASC069,UK-13-806,"Bay leaf, dried",0.6,g
22d9dac1-663c-4921-9f99-79c7112d2953,ASC469,UK-14-130,"Lemons, flesh only, raw, weighed with peel and pips",17.5,g
22dddba8-0362-4248-9de0-c549c5801d8f,ASC168,UK-13-873,Chilli powder,0.25,tsp
22eb85a1-58c2-488d-989a-70b8a18c2722,ASC146,G026,Fenugreek seeds (Trigonella foenum graecum),0.25,tsp
22ec5a68-23d5-4a98-808e-ca1a55f50839,ASC104,UK-13-829,Garam masala,0.25,tsp
22ee39a6-32ca-44c5-a365-bb5baeb78fae,OSR145,UK-11-896,"Flour, gram",1,tbsp
22f0e5b2-5a67-4177-a9a8-eb2a743a8827,BFP601,G014,"Ginger, fresh (Zingiber officinale)",30,g
22f43f87-b8d6-45b9-b615-3a3cc93b10dd,BFP056,UK-17-358,Cream of tartar,0.25,tsp
22f79504-e4f1-48ff-8d58-c898a1822dca,ASC329,H021,Walnut (Juglans regia),20,g
22f83cee-4200-4595-bb71-346b2ba459be,OSR066,UK-13-829,Garam masala,1,tsp
22fa8439-17fa-4178-9c58-86df9cd0ce13,BFP041,G014,"Ginger, fresh (Zingiber officinale)",5,g
22faf2c7-9d8d-469f-995e-07971f716361,ASC211,UK-17-661,"Butter, unsalted",10,g
2302c699-94fc-4329-b339-023c6908b8c3,ASC055,A012,Rice puffed (Oryza sativa ),30,g
23030f13-0874-4696-9578-bb1217142e46,BFP165,M003,"Egg, poultry, yolk, raw",8,g
2305671d-3adb-43b5-9143-d782ef1a017c,BFP492,US-499195,JAM,20,g
23094045-d183-475e-b32b-51e1d14d4254,ASC376,UK-12-527,"Cheese, processed, plain",40,g
2309eda5-c9bd-49ef-8d18-ae93ad572d5a,ASC401,UK-17-367,Salt,0.5,tsp
2313219d-197c-44ee-be0e-6288d99923c7,BFP176,G008,"Chillies, green - all varieties (Capsicum annum)",3.33,g
2313741b-5588-44ba-a5ed-aef13e2eb481,ASC244,UK-17-339,Vinegar,0.5,tbsp
23190658-fb72-4e1f-8d7d-9a5a9e82549a,ASC198,UK-17-367,Salt,0.5,tsp
23197eb0-402c-45a9-8ed8-1e573509fd4f,BFP150,A014,"Rice, parboiled, milled (Oryza sativa )",50,g
231c0b9a-b93b-4f10-a4a2-de2314e4c311,ASC422,US-169061,"Candies, gum drops, no sugar or low calorie (sorbitol)",50,g
231e5cae-910a-400c-80d5-701d5d05bedf,ASC247,E033,"Lemon, juice (Citrus limon)",0.25,tsp
232683d1-027e-44f1-9d36-9dc9a1efd745,BFP407,UK-17-377,"Water, distilled",15,ml
2327176e-68cd-43c1-ad21-a47137cfc8bc,OSR114,E033,"Lemon, juice (Citrus limon)",1,tbsp
232e9fd9-efd7-460f-b4f3-1bad63c165b7,OSR005,UK-17-063,"Sugar, white",5.5,tbsp
232ff14b-4324-462f-97a6-98ed0c5eed3c,ASC307,UK-17-377,"Water, distilled",1,tbsp
2335437f-e07c-4e41-bdbf-7c3932a11017,ASC368,M001,"Egg, poultry, whole, raw",12.5,g
2339b50d-f797-4ec4-ae32-c06424dfe9d2,ASC307,US-169061,"Candies, gum drops, no sugar or low calorie (sorbitol)",5,g
234ef485-8ae9-4601-a131-3ffee536cf12,ASC168,G022,"Chillies, red (Capsicum annum)",6.66,g
235696a8-61fe-476a-a4f4-f80c59587838,ASC190,UK-17-367,Salt,0.5,tsp
23575b40-c36b-48d6-8431-3bc051581496,BFP299,UK-13-164,"Beetroot, raw",100,g
23682b32-242d-47b4-9844-29f7bea9f28b,BFP044,A011,Rice flakes (Oryza sativa ),40,g
236e3ffa-aba6-4717-843f-6c3e24da2dee,BFP080,C028,Parsley (Petroselinum crispum),1,sprig
236e6449-e71e-45f5-ba1c-45a73fcbdcdd,OSR141,H013,Mustard seeds (Brassica nigra),0.2,tbsp
237189a6-8bea-409a-b779-80e593388823,ASC092,G014,"Ginger, fresh (Zingiber officinale)",6.33,g
237a8933-8f7e-4262-a39a-647824bd8f32,BFP041,G022,"Chillies, red (Capsicum annum)",1.67,g
23827a0f-debd-4131-967f-c4cef5eb7483,OSR153,D061,"Peas, fresh (Pisum sativum)",72.5,g
2388a37c-62c1-4257-8298-2ff912e2f938,BFP539,M001,"Egg, poultry, whole, raw",50,g
238a0816-3a37-4199-bb41-e6f038937633,BFP091,G020,"Cardamom, green (Elettaria cardamomum)",0.5,tsp
2392ad8b-bc9a-4194-bc63-536140debd9c,ASC140,G031,"Pepper, black (Piper nigrum)",0.25,tsp
23941836-2737-48f1-83bb-3bfe5e77f69f,ASC238,UK-13-873,Chilli powder,0.25,tsp
239ccf62-541f-4dcf-868a-a00923811c0c,OSR083,B003,"Black gram, dal (Phaseolus mungo)",1,tsp
239d43c3-794b-4f64-bfc9-8502df61dc61,ASC208,UK-17-367,Salt,0.5,tsp
23ae1a63-d8b1-4038-ac42-94810a61d853,BFP249,UK-17-367,Salt,0.17,tsp
23b5b3de-fc0f-425d-a7be-fef2e3d4a97c,BFP512,UK-17-062,"Sugar, icing",20,g
23bc894c-52eb-4aab-81de-f17e6dcbc47e,BFP421,US-806341,AJWAIN SEED WHOLE ORGANIC SPICES,0.125,tsp
23bc996a-d28f-4542-b42f-ea05829b20cf,BFP240,G008,"Chillies, green - all varieties (Capsicum annum)",3.33,g
23be0398-2217-42e7-8a24-83fa50fccd0b,BFP096,UK-17-362,Mustard powder,0.25,tsp
23beb807-45fd-4eb6-aab5-03f9d8766ed6,ASC199,G008,"Chillies, green - all varieties (Capsicum annum)",1.67,g
23bf342c-baaa-4ddd-872b-a07af4d9ee53,ASC363,G008,"Chillies, green - all varieties (Capsicum annum)",1.7,g
23c054db-3fef-47c7-9365-f98cfa7f245e,ASC021,UK-17-063,"Sugar, white",20,g
23dac1f9-43db-4782-aae7-d1dd9a6f0f28,OSR006,D043,"Cucumber, green, elongate (Cucumis sativus)",300,g
23ddf993-1b0b-45a1-bb40-567816c7ee11,OSR022,H005,Cashew nut (Anacardium occidentale),34.25,g
23e32e6b-157c-4665-906d-07b0e2c5a1db,BFP604,UK-13-829,Garam masala,0.125,tsp
23e4e578-1b86-4511-9f94-d85094c5dcee,ASC064,A018,"Wheat flour, refined (Triticum aestivum)",40,g
23e50199-655a-4660-b4c3-53825c8aea0a,ASC045,D075,"Tomato, ripe, hybrid (Solanum lycopersicum)",40,g
23ebe838-9717-4a39-b06b-babc0bd10afe,ASC249,G014,"Ginger, fresh (Zingiber officinale)",5,g
23efffec-f528-4f9b-b109-bb3a56406ad9,OSR138,G017,"Onion, big (Allium cepa)",60,g
23f29c35-a60c-460e-b537-d33fbdd06c7d,BFP286,G031,"Pepper, black (Piper nigrum)",0.125,tsp
23f56784-9d29-437a-883e-62598d2e30e3,BFP453,F002,"Carrot, orange (Daucus carota)",10,g
24005436-48a7-4950-816b-30e65010f36c,ASC005,UK-17-377,"Water, distilled",10.5,tbsp
240c49d0-39c0-4252-989e-3b77ee41a680,ASC437,UK-17-377,"Water, distilled",180,ml
24162393-a6f6-45d7-a9e2-ebe35f9a22cd,BFP196,G017,"Onion, big (Allium cepa)",15,g
2418e771-5c2b-4b48-b0cf-66884ddda895,BFP522,UK-17-367,Salt,0.5,tsp
241a3be3-17a6-45f8-a518-5724dbe4c8f7,ASC080,D075,"Tomato, ripe, hybrid (Solanum lycopersicum)",50,g
241c7954-9897-4d2c-9ef0-bb29ee606a16,OSR113,US-806341,AJWAIN SEED WHOLE ORGANIC SPICES,0.5,tsp
242175dc-739d-4840-8946-3f0a428248cf,ASC412,UK-17-045,"Oil, sunflower",30,g
2428a069-42f1-4b5a-802a-1f36c43242c5,BFP506,UK-17-355,Baking powder,0.17,tsp
242c5ff0-334e-4e6d-9288-5ef82ffa0c88,ASC430,UK-17-062,"Sugar, icing",2,tsp
243ae97c-3363-4e8b-bf6a-34a0a05855eb,BFP220,G014,"Ginger, fresh (Zingiber officinale)",20,g
243c4d02-a8ff-4053-a186-8a3fd5f5544a,ASC336,ANN-ING-0012,Colour,0.25,tsp
2441d9da-53b7-4de7-9393-a65bf56fe560,BFP363,M002,"Egg, poultry, white, raw",17,g
24471f8f-2112-4b30-96ae-93e6abce6e36,ASC020,G028,Nutmeg (Myristica fragrans),0.25,tsp
2452a98e-68ff-4dc3-b5c6-235e8528e0dc,ASC249,D075,"Tomato, ripe, hybrid (Solanum lycopersicum)",200,g
245870c7-a5a0-40cb-96b8-87e402131c5f,BFP204,G027,Mace (Myristica fragrans),1,g
245f260c-2f35-4c55-9776-362ff048eab2,BFP142,UK-17-045,"Oil, sunflower",1,tbsp
2461884d-2ccd-4a38-9372-04d42ca6c31d,BFP444,UK-17-063,"Sugar, white",0.25,tsp
2461adc3-20b9-42f4-a2d5-1d648b186e8f,BFP052,G017,"Onion, big (Allium cepa)",30,g
24628a2d-6ee5-4103-b784-c548377a74d4,OSR039,G020,"Cardamom, green (Elettaria cardamomum)",4,tsp
2465f1b9-0eb6-48b8-8d8e-11194ee150aa,OSR066,UK-13-874,"Cinnamon, ground",0.5,tsp
247023af-17a9-472e-8931-ddb36d7d6d05,BFP284,UK-12-527,"Cheese, processed, plain",50,g
24749706-67aa-49c5-a067-4fb023723db1,BFP091,H013,Mustard seeds (Brassica nigra),0.25,tsp
2478cecd-48d4-480a-ab14-2834d499d3a9,BFP428,UK-17-367,Salt,0.25,tsp
2479bbb2-ba51-427a-bff5-92c7a9e1c0aa,BFP479,UK-17-661,"Butter, unsalted",25,g
24823c41-1746-4fe1-96d5-0a305e8a757f,ASC084,G028,Nutmeg (Myristica fragrans),0.25,tsp
24823d5b-1a3a-4e1f-9093-5b02c310a842,BFP110,UK-17-377,"Water, distilled",3,tbsp
2482423d-c42e-46d2-931c-72acc2282178,OSR136,A003,Bajra (Pennisetum typhoideum),150,g
248921b5-2f46-4fbd-b7bb-d2ed4f06c291,ASC045,UK-11-1145,"Bread, white, average",120,g
248b852c-3775-4e11-97cb-cb22f5ab3cc6,ASC380,M001,"Egg, poultry, whole, raw",50,g
248c7a04-8961-4d4f-95b2-c8e231582772,ASC148,G017,"Onion, big (Allium cepa)",50,g
2493ce1c-1b36-44ae-b4b7-f5fa4eee8235,OSR042,UK-17-661,"Butter, unsalted",250,g
249b5296-ab48-4adb-97a7-cc41df2bc97d,BFP569,UK-13-827,Fennel seeds,0.25,tsp
24a77000-980e-4f2d-be34-3dda903f7fef,BFP152,G026,Fenugreek seeds (Trigonella foenum graecum),0.25,tsp
24b2825d-5345-4a90-8fb3-f0aebfcb4719,BFP212,UK-17-367,Salt,0.25,tsp
24c4d372-0126-42d3-a967-bc964bb79a8f,BFP602,UK-17-367,Salt,1,g
24c68d4a-ebdd-4685-9c44-73e1785247f0,ASC441,M001,"Egg, poultry, whole, raw",12.5,g
24cc5d39-d0ff-47c8-8e81-a206d7cbe151,BFP263,D075,"Tomato, ripe, hybrid (Solanum lycopersicum)",15,g
24e3cec4-a7c1-41c8-84c5-0f57cccda6ae,BFP013,L002,"Milk, whole, Cow",240,ml
24e68754-f79c-4b0d-8957-3ff918aa986a,OSR108,G025,Cumin seeds (Cuminum cyminum),0.1,tsp
24eac507-70c8-49cb-a10e-4aaa829c44c9,OSR101,UK-17-045,"Oil, sunflower",1,tbsp
24ed4e59-49f0-4c2e-b42c-d3efc11b27fd,ASC207,G012,"Garlic, small clove (Allium sativum)",1.25,g
24f34713-08f2-4bee-ac2a-385fdad18e4e,BFP560,UK-17-377,"Water, distilled",0.25,C
24fbd8e3-348c-4b86-a5e9-2961df5732b2,ASC316,UK-12-332,"Cream, fresh, single",120,g
25010209-1905-4f77-af56-e49ea70cb14d,OSR077,G014,"Ginger, fresh (Zingiber officinale)",1,tsp
2503b5f9-a060-4729-a5b6-9319a14711b4,ASC081,G023,Cloves (Syzygium aromaticum),0.25,tsp
2511f423-4eed-46a9-9484-1cae22518156,OSR106,A018,"Wheat flour, refined (Triticum aestivum)",30,g
25122c6a-c130-4fca-a4a1-14832f5706e1,OSR097,G024,Coriander seeds (Coriandrum sativum),11,g
25137902-8e73-4975-beb7-1c06d535feba,BFP506,UK-14-335,"Cherries, glace",1.5,g
251c7906-1539-47e6-b4d2-aba4f355ba52,ASC275,G008,"Chillies, green - all varieties (Capsicum annum)",1.67,g
2521cd59-c47a-42e9-9753-02c352e9d58e,OSR076,UK-17-045,"Oil, sunflower",3,tsp
2534e257-003c-4faa-8104-93a76bf0a5e1,BFP073,UK-17-661,"Butter, unsalted",5,g
25360720-cc82-4aea-9d56-7f52b2bae373,BFP052,G008,"Chillies, green - all varieties (Capsicum annum)",3.33,g
254e9a57-df37-4b37-93dd-8f703b25b106,OSR074,UK-13-342,"Shallots, raw",40,g
254f936f-87b3-4f5c-bf35-9c6f411e2838,BFP483,A018,"Wheat flour, refined (Triticum aestivum)",50,g
2550c620-2f9a-4e3c-9e71-a5a2765251c0,BFP354,US-173471,Vanilla extract,0.5,tsp
2550ff3e-0e3f-435e-84c1-c1cdee551adf,BFP152,G017,"Onion, big (Allium cepa)",25,g
255b7574-9a92-490c-815e-25a9f1e77138,BFP177,UK-17-045,"Oil, sunflower",0.5,tsp
255d5c3a-0fa4-4381-bf15-a066a976f6a6,BFP144,G014,"Ginger, fresh (Zingiber officinale)",5,g
255f1163-f017-4fc0-b783-e851d6c038b9,OSR139,D075,"Tomato, ripe, hybrid (Solanum lycopersicum)",100,g
25679477-c700-4956-97aa-6114b6dd1f2e,OSR112,G021,"Cardamom, black (Elettaria cardamomum)",0.125,tsp
256e6a83-bb83-4199-b70c-f5e541427772,ASC206,UK-17-367,Salt,0.5,tsp
256f503b-edeb-49c5-9b26-2c2290c92ae8,ASC083,UK-12-332,"Cream, fresh, single",1,tbsp
256fa195-9127-4e74-9108-1a8a4bb56ab0,ASC032,UK-17-654,"Mayonnaise, standard, retail",1,tbsp
2586654f-08ae-4118-9d5d-f82bb812e4e1,ASC229,D075,"Tomato, ripe, hybrid (Solanum lycopersicum)",50,g
2586fc0f-793d-454d-9de7-52b5c269ced9,ASC359,UK-11-896,"Flour, gram",50,g
25881067-8ae9-4549-8fbb-d63b5ac90d55,BFP214,UK-13-806,"Bay leaf, dried",0.4,g
258e428b-fb24-43d2-bacb-919990121f1f,BFP153,UK-17-377,"Water, distilled",150,ml
258f0d98-bb6b-41b5-8a22-c34073284052,BFP142,UK-13-874,"Cinnamon, ground",2.5,g
25a4c876-610b-4ab8-9190-22299a063980,BFP284,D007,"Bottle gourd, elongate, pale green (Lagenaria vulgaris)",300,g
25b48602-3bb8-48eb-b3f3-e350f574bcc0,OSR102,G033,Turmeric powder (Curcuma domestica),0.25,tsp
25b62b5a-b256-422a-a939-a82dd97810e5,ASC032,UK-11-1145,"Bread, white, average",120,g
25bed6d0-7893-411b-a1b7-483401a19eea,BFP044,H012,Ground nut (Arachis hypogea),10,g
25c03a44-2e0d-4379-8c7a-5e9e0716c841,BFP379,E001,"Apple, big (Malus domestica)",50,g
25c5975e-e5c9-4c42-8ed8-0c663ebbfb2a,ASC497,ANN-ING-0019,Yellow color,0.5,tbsp
25d55f3c-f8bb-40d6-af37-37fdc446fcaf,BFP502,L002,"Milk, whole, Cow",1,tsp
25d98b14-8fff-47e6-a23e-fbe64f829585,ASC358,UK-13-829,Garam masala,0.125,tsp
25e620e5-6364-4180-90ef-a82cd5f932e4,ASC229,G023,Cloves (Syzygium aromaticum),0.375,tsp
25e66e49-338d-4fa5-acd7-4341f9c321bc,ASC514,UK-17-367,Salt,2,tsp
25eae62b-a6be-44c0-8391-7d28734ffa8f,ASC197,UK-17-045,"Oil, sunflower",1,tbsp
25f026c5-e436-45c6-95ae-9ef7ed0405df,ASC279,UK-13-873,Chilli powder,0.25,tsp
25f4160d-c9f5-4370-8df7-0d30924b1f35,BFP171,G033,Turmeric powder (Curcuma domestica),0.125,tsp
25fb3818-32ad-4a34-b44c-9b1fce3d08c2,ASC242,G008,"Chillies, green - all varieties (Capsicum annum)",6.66,g
26055d89-ad29-4893-80c0-f3dea09ec1d2,ASC140,UK-13-878,"Oregano, dried, ground",0.25,tsp
260b522c-1b11-4696-bdea-24beadbaebad,BFP289,D061,"Peas, fresh (Pisum sativum)",100,g
260e0d52-5446-476c-8672-84b36b76ab32,ASC315,UK-17-377,"Water, distilled",2,tbsp
260e6ac2-7b2a-4588-84d8-2b5109f95db9,BFP125,A018,"Wheat flour, refined (Triticum aestivum)",28,g
2615ed0e-0247-48ef-b700-fbdd37855b51,ASC424,UK-17-358,Cream of tartar,0.25,tsp
262443b4-c024-4850-b5f4-8269f8917588,ASC443,M001,"Egg, poultry, whole, raw",12.5,g
26249a3f-0b58-46a4-ab1d-ae1214f3b417,BFP043,UK-14-130,"Lemons, flesh only, raw, weighed with peel and pips",4,g
262a19c8-df15-4b47-9f52-a9a5486f560d,BFP390,ANN-ING-0006,KEWRA ESSENCE,0.5,tsp
2636b48e-bc72-4ab4-8713-a9aee08b702f,ASC360,G008,"Chillies, green - all varieties (Capsicum annum)",3.33,g
26396b59-ef6c-4f16-81b6-d164593b3269,ASC135,G031,"Pepper, black (Piper nigrum)",0.125,tsp
2639a09c-9993-478a-9dec-d52ac9ef4ef7,BFP185,UK-13-874,"Cinnamon, ground",1,g
265042da-9678-4705-ab59-97dc11de56e6,OSR030,G012,"Garlic, small clove (Allium sativum)",1,tbsp
26552c54-adf1-4b0f-8ddd-5f7ca344836d,ASC064,L002,"Milk, whole, Cow",100,ml
2656ee7d-7da0-45cd-ade5-dcea70d97e0f,ASC009,UK-17-377,"Water, distilled",18,tbsp
265ed3e7-8645-4ca5-a3eb-b040a507bf17,ASC342,UK-17-640,"Ghee, butter",20,g
2662746a-849c-451d-82ba-212e22a19f4f,BFP056,UK-14-369,"Orange juice, freshly squeezed",15,g
266b3c26-9f73-4981-9981-80b8f02e12b8,BFP513,UK-17-355,Baking powder,0.17,tsp
266e2d28-9635-4b4e-963c-d1e056f570c6,BFP154,UK-17-367,Salt,0.125,tsp
267b08ad-f1e9-4811-8f4e-43ffefbcfa01,BFP425,UK-17-377,"Water, distilled",2,tsp
2680899a-075a-4e6b-9f0a-167e0701abbc,ASC493,UK-17-063,"Sugar, white",1500,g
26836caa-db7c-4b1f-b72c-ad9a6f2deceb,ASC164,UK-17-045,"Oil, sunflower",1.5,tsp
2683e556-4443-4a25-a879-a878f9d5d7cb,ASC371,UK-13-873,Chilli powder,0.25,tsp
26856be7-4c3e-4817-8e12-5b103cf465b8,OSR121,UK-13-146,"Agar, dried",3.25,tsp
268cf5ed-f2ed-4ef5-a198-9ac5c521c341,ASC008,UK-17-063,"Sugar, white",3,tbsp
269003d8-a725-4395-980a-a0731392db10,BFP541,UK-17-367,Salt,0.125,tsp
269a8c34-9e48-4c88-8c23-27638a771e4e,OSR147,UK-11-896,"Flour, gram",184,g
269de747-2288-45cc-977c-076a94f233a6,BFP348,ANN-ING-0026,STRAWBERRY COLOUR,0.25,tsp
269f5cc7-4c91-4803-a29d-04cdeafe7284,ASC152,G025,Cumin seeds (Cuminum cyminum),0.25,tsp
26a0f993-86ef-45b5-8626-2fd7d9fe3958,BFP249,UK-17-377,"Water, distilled",0.5,C
26ab996e-8636-4079-a0f2-966e4956977b,BFP231,D037,Celery stalk (Apium graveolens),1,tbsp
26adc520-ef29-477b-94a0-b28cec06fb52,BFP196,UK-17-045,"Oil, sunflower",240,ml
26b130e4-7c92-4be6-9969-dcee8a44dbed,BFP162,UK-17-661,"Butter, unsalted",15,g
26b4c2ef-d8ec-4026-8849-d183ccbe6028,BFP221,UK-17-063,"Sugar, white",0.25,tsp
26b95724-f21e-434e-962b-f0cf85dbe547,ASC398,UK-14-369,"Orange juice, freshly squeezed",150,ml
26c43071-592b-41d6-8ec5-de35627fc50f,BFP176,D075,"Tomato, ripe, hybrid (Solanum lycopersicum)",50,g
26c4a71d-9431-46c4-b126-6958987697f4,ASC031,UK-17-367,Salt,0.25,tsp
26c73717-00a7-4713-911d-9435430b0ae0,OSR114,G033,Turmeric powder (Curcuma domestica),0.3,tsp
26d8c2d2-8588-47f2-b040-c37bc5f07523,OSR112,US-400113,"SIVA'S, AMHUR POWDER (DRY MANGO POWDER)",0.5,tbsp
26f57002-2b67-4533-93c4-0d6c36b56c8c,ASC289,E057,"Raisins, dried, black (Vitis vinifera)",1.32,g
26fd1b68-12e2-44ff-8f4c-8c7adac93358,ASC372,UK-11-1145,"Bread, white, average",60,g
2700c5b0-1d64-4d5e-a0f2-b410b6096bb0,ASC242,G014,"Ginger, fresh (Zingiber officinale)",5,g
27065708-1577-4fc3-97b0-c49bcb19a6ed,ASC163,G014,"Ginger, fresh (Zingiber officinale)",3.17,g
2708bd51-e06e-48cb-bb3a-b36c7fc1bbec,BFP519,UK-12-527,"Cheese, processed, plain",10,g
270b6ee2-e2db-45ab-b260-060186d60982,ASC507,D057,"Mango, green, raw (Mangifera indica)",1000,g
2712e7bf-aa8b-4360-aff2-6b88568592fa,ASC159,G017,"Onion, big (Allium cepa)",17.5,g
27152b0b-da7a-4558-b27a-93cdbd1514f8,OSR146,UK-17-356,Bicarbonate of soda,1,tsp
27196c6a-49cb-45b0-bfde-28e148b33f0d,ASC290,H001,Almond (Prunus amygdalus),1.11,g
271afe2e-40c2-4ff2-9c9c-3ee43499273b,BFP275,G014,"Ginger, fresh (Zingiber officinale)",5,g
271ba875-095b-4002-b386-2152ad310cc3,ASC207,UK-13-829,Garam masala,0.25,tsp
2720b1a3-b555-4393-a6c8-a86796e73567,BFP358,UK-17-377,"Water, distilled",1,tsp
2723b4c2-8b8c-43a4-beaa-f5e3589be249,OSR009,H005,Cashew nut (Anacardium occidentale),20.88,g
272b067f-bc75-4fbf-a7e2-1ec1545b578c,ASC262,UK-13-352,"Spring onions, bulbs and tops, raw",25,g
272dd47e-055f-44ce-9c87-92833ec0e48d,ASC095,UK-17-367,Salt,0.25,tsp
27303092-bc53-451a-8485-df4236f8b600,BFP199,UK-13-873,Chilli powder,0.125,tsp
27342a8c-5d9d-460f-b2c1-f54bb64b5c44,BFP575,UK-11-898,"Flour, soya",10,g
27399639-f06b-4b72-9c8e-169d3a230475,ASC347,UK-17-062,"Sugar, icing",30,g
273e13ed-be6f-44cf-b19d-720bcb23f9e6,ASC404,UK-14-130,"Lemons, flesh only, raw, weighed with peel and pips",15,g
27414c0f-c2f6-480b-91bd-3d4ee645e428,ASC436,M002,"Egg, poultry, white, raw",34,g
27490c83-202e-4b99-9e34-f6dbd3e9e481,BFP296,UK-17-362,Mustard powder,0.25,tsp
2758b259-d1b5-4223-9c75-3f923b378629,BFP457,UK-17-362,Mustard powder,0.25,tsp
276034c9-b7bd-4c45-a526-df27e5efd351,BFP500,UK-17-661,"Butter, unsalted",25,g
2763bf1a-ebdf-4c7a-88f6-8c904fbd6f9b,BFP471,D075,"Tomato, ripe, hybrid (Solanum lycopersicum)",20,g
27686525-8b85-48f5-90cf-d2847b440c7c,ASC092,UK-17-367,Salt,0.25,tsp
276c51ea-8919-4eee-9989-f87b9a255144,OSR063,G031,"Pepper, black (Piper nigrum)",0.25,tsp
276d2ef8-da65-4a45-bce9-0edb645862f3,OSR136,F002,"Carrot, orange (Daucus carota)",60,g
276e56b3-f2ca-4ca4-9415-4def2e15360d,ASC139,D075,"Tomato, ripe, hybrid (Solanum lycopersicum)",100,g
276f6de1-b527-4d4b-8620-6d48259cc4dc,ASC410,UK-17-377,"Water, distilled",25,ml
2777b70a-5885-4a42-a72a-efac617243a7,OSR046,E050,Peach (Prunus communis),620,g
27790ffb-239f-4f7e-8bae-45491560ac12,OSR081,UK-17-339,Vinegar,2,tbsp
27791b3a-815d-4b45-956f-b617ccf72cd3,BFP074,UK-17-367,Salt,0.25,tsp
2784ea46-0203-41cb-bcb4-43c466f64121,ASC019,L002,"Milk, whole, Cow",0.75,C
2788b2a4-a263-4c2f-bd56-50366fc1864b,ASC223,UK-13-881,"Pepper, white",0.125,tsp
2791088a-2eae-4bfa-acc5-74338f3bb790,ASC451,A018,"Wheat flour, refined (Triticum aestivum)",50,g
279396f1-8ef8-4d7a-9bd2-cf001f4481c4,BFP222,G012,"Garlic, small clove (Allium sativum)",1.87,g
279995dd-de3e-4fd8-89a0-3b14f4900112,ASC041,UK-17-045,"Oil, sunflower",2,tsp
27a127ed-2eda-486d-aa17-9c64633928a3,ASC251,G024,Coriander seeds (Coriandrum sativum),0.25,tsp
27a67797-169b-4403-a739-643ef25022af,ASC006,G016,Mint leaves (Mentha spicata ),1,sprig
27a78d1d-d882-43d2-9d09-932cbbf76603,ASC139,L002,"Milk, whole, Cow",150,ml
27a8742a-ebab-4ab2-a140-1b5cd708a2b6,ASC247,UK-17-367,Salt,0.5,tsp
27a893ec-a9a5-4ee4-a565-ffb79300401c,BFP280,B001,"Bengal gram, dal (Cicer arietinum)",5,g
27adc4fe-336a-46f7-938f-3721c261c018,BFP393,L002,"Milk, whole, Cow",250,ml
27c377f7-2857-4b3f-ae5c-dbfd139aefb8,BFP177,G009,Coriander leaves (Coriandrum sativum),1,sprig
27c3a196-aa9d-4207-9295-8300d3094286,OSR012,UK-17-640,"Ghee, butter",1,tbsp
27c7ef53-15ca-45f8-aae4-782c7030fe89,ASC485,UK-12-184,"Yogurt, whole milk, plain",50,g
27d8eda6-28d4-4b36-b879-e49725c8d405,OSR142,B001,"Bengal gram, dal (Cicer arietinum)",200,g
27e51660-3e59-498e-90af-1e7c7837352a,ASC209,G014,"Ginger, fresh (Zingiber officinale)",5,g
27f97aaf-30f1-49f0-8679-7f0e7dde3f42,ASC324,L002,"Milk, whole, Cow",30,ml
2806a432-c283-4fbc-8dc8-d148ef26d1cc,ASC034,UK-17-661,"Butter, unsalted",15,g
280a400f-84ef-4be9-be9a-2f928ddd2625,BFP338,UK-17-377,"Water, distilled",0.25,C
28170a02-100c-441f-8947-cbafcf008ba6,BFP459,H012,Ground nut (Arachis hypogea),5,g
281b9ab4-e1b3-4d16-bd5c-4ac565e3fd61,ASC191,D075,"Tomato, ripe, hybrid (Solanum lycopersicum)",50,g
282559c5-12d7-44a6-873c-5d48f8b54fa1,ASC300,UK-17-377,"Water, distilled",1,tsp
2825e83c-89d5-4572-b5d5-619e15f5be23,BFP328,E014,"Cherries, red (Prunus cerasus)",7.5,g
2827b7e4-ad63-4b53-9141-9abe446b8bc1,OSR107,G025,Cumin seeds (Cuminum cyminum),1,tsp
282bf5bb-0c88-40be-99b8-b8f13867426a,BFP217,G014,"Ginger, fresh (Zingiber officinale)",5,g
283238c4-17ba-4b3e-b4d0-633cf9674796,BFP262,G008,"Chillies, green - all varieties (Capsicum annum)",1.1,g
2851a21e-db20-4c0e-8fff-c456e5052900,BFP171,B003,"Black gram, dal (Phaseolus mungo)",30,g
2862d6d2-4638-44fc-8ebb-c87177418ae2,ASC070,UK-17-377,"Water, distilled",5,C
28648876-31b8-4acb-860f-dc0ef0fe15ab,BFP280,G022,"Chillies, red (Capsicum annum)",0.75,g
28785e3b-df3c-4684-97fe-f6d092e3a06a,BFP223,H013,Mustard seeds (Brassica nigra),0.125,tsp
287af182-0b15-4583-a236-e451f2a10495,ASC201,UK-13-873,Chilli powder,0.25,tsp
288f195c-cd92-4b46-a466-51dbb527f827,BFP246,UK-12-332,"Cream, fresh, single",1,tbsp
288f35d6-2a19-4ba5-a3d7-fdb49210a9c3,ASC223,D061,"Peas, fresh (Pisum sativum)",20,g
288f6626-ddb0-4d31-a440-9cecb855dc40,BFP362,UK-12-333,"Cream, fresh, whipping",30,g
288f9e42-dfe9-49e2-acef-b0fdde7069ee,ASC168,G024,Coriander seeds (Coriandrum sativum),0.25,tsp
288fd725-adb3-4a3d-b7d4-f81cf70979a8,ASC242,UK-17-063,"Sugar, white",0.5,tsp
289a4546-ccf7-43bd-9a67-c04609338758,OSR142,G033,Turmeric powder (Curcuma domestica),0.25,tsp
289b5189-800b-4f5b-9e57-a2c69835b924,ASC469,G033,Turmeric powder (Curcuma domestica),0.25,tsp
289ec513-f2d5-45e9-a14a-13ca97df7714,ASC237,G014,"Ginger, fresh (Zingiber officinale)",6.33,g
289fb7af-e08e-45d2-a6d1-7df199fe8fe5,ASC345,UK-17-358,Cream of tartar,0.125,tsp
28b44b49-9830-4436-b4cc-27970ad33f28,ASC025,UK-17-661,"Butter, unsalted",10,g
28b68ca9-54b4-4e94-b237-eb8c01830e06,BFP505,E047,"Orange, pulp (Citrus aurantium)",5.1,g
28d02f1a-752a-46f8-9483-006d11b8e35b,ASC410,UK-17-045,"Oil, sunflower",30,g
28d32c14-3545-4925-9e41-dbe65372b3d5,ASC092,G008,"Chillies, green - all varieties (Capsicum annum)",1.67,g
28dabfec-aff4-4858-8d94-2f5e2cff72ae,BFP165,UK-17-038,"Oil, olive",0.5,tbsp
28dce424-d5c2-4bd2-b66c-cba2d96d3c33,BFP379,UK-11-1145,"Bread, white, average",25,g
28e1b9e8-0111-4d02-825e-f0261fb2c780,ASC326,L002,"Milk, whole, Cow",200,ml
28e4a7c0-94d9-45c0-b561-540eb83629f1,BFP222,UK-17-367,Salt,0.17,tsp
28ec2c4e-6819-4df8-9502-a87a547b8b7c,BFP461,N003,"Chicken, poultry, breast, skinless",50,g
28f24672-8705-40d5-8b77-2eb5aa87a889,BFP496,UK-17-661,"Butter, unsalted",30,g
28f43e3b-4f97-4cfd-84cd-dd512ef1596a,BFP566,UK-17-045,"Oil, sunflower",240,ml
28fd7b44-2a42-49df-b814-c649f441da7e,BFP510,UK-17-377,"Water, distilled",1,tsp
28feefce-50aa-49e3-89ab-1d2ddc3c10d1,ASC050,UK-11-788,"Porridge oats, unfortified",20,g
29086dd5-38af-4273-841a-c841695f700c,BFP043,H013,Mustard seeds (Brassica nigra),2,g
290930b5-1375-4c30-92f1-4d6e7a8868eb,ASC255,UK-12-332,"Cream, fresh, single",1,tbsp
290df4d9-b468-4752-b3bb-7ee8c5f310f8,BFP404,ANN-ING-0006,KEWRA ESSENCE,0.25,tsp
29130959-ff26-4f1a-b8e2-21a23bf98620,BFP216,D075,"Tomato, ripe, hybrid (Solanum lycopersicum)",80,g
292434e4-0f3c-4ca0-9d7e-e1d5b348818c,ASC207,G014,"Ginger, fresh (Zingiber officinale)",5,g
292b2c07-ae1a-43ba-8d37-1bd301086a98,BFP241,G033,Turmeric powder (Curcuma domestica),0.25,tsp
292f31a4-cae0-4ee9-885b-6a9d7fa1e556,OSR133,D050,"French beans, hybrid (Phaseolus vulgaris)",25,g
2937b5a5-3544-4851-9caa-69590a91faab,BFP552,UK-17-045,"Oil, sunflower",5,g
2939c1d2-0e81-465e-9d7a-f4d384a70487,OSR108,C020,Fenugreek leaves (Trigonella foenum graecum),0.5,tbsp
293c9876-ce71-4ec8-a61b-1c105eefb9b0,ASC395,E009,"Banana, ripe, montham (Musa x paradisiaca)",20,g
294e6286-8deb-4f7d-b87b-b331f9451620,ASC076,A018,"Wheat flour, refined (Triticum aestivum)",2,tbsp
2951340c-f6bb-4485-8ef4-34e20950c78d,BFP440,UK-12-184,"Yogurt, whole milk, plain",60,g
29639970-40d4-42ee-9530-11311039792f,BFP047,B010,"Green gram, dal (Vigna radiata)",50,g
29657b7b-409b-4103-883f-86a7469c2c8d,BFP274,G008,"Chillies, green - all varieties (Capsicum annum)",3.33,g
296bc669-9f37-432b-af9e-1c92a20b4b03,OSR064,UK-13-829,Garam masala,0.25,tsp
296e482e-b1ad-4735-b812-86755177b29a,OSR101,UK-13-829,Garam masala,0.5,tsp
298086ed-751e-4558-b170-faf4ab94860b,BFP277,UK-17-367,Salt,0.17,tsp
298229cd-f544-4ea4-ab3c-93b603a373cd,OSR029,UK-13-352,"Spring onions, bulbs and tops, raw",50,g
2984c758-c19f-4070-bf0c-a5182e7305b5,BFP043,H012,Ground nut (Arachis hypogea),10,g
2989c5e8-7e91-4f56-a2c4-1188d222283c,BFP212,E033,"Lemon, juice (Citrus limon)",0.5,tsp
2990d179-9cc2-4c24-9a41-ac8f87547fe5,OSR142,US-400113,"SIVA'S, AMHUR POWDER (DRY MANGO POWDER)",0.5,tsp
2997c9dc-88a0-4948-8216-4968ae8dd0fc,ASC433,E014,"Cherries, red (Prunus cerasus)",20,g
299d0418-583f-4f43-834e-913cb15b9d84,OSR133,UK-13-622,"Sweetcorn, kernels, raw",217.5,g
29b12be1-61cd-4a63-b44c-a4a55b5dc1ef,ASC330,UK-17-063,"Sugar, white",2,tsp
29bab06e-e26b-4b0c-a13f-92851c4766e6,ASC019,UK-17-377,"Water, distilled",7.5,tbsp
29bb7d46-ab76-4cf7-b15b-6e6e018aa026,ASC263,UK-12-333,"Cream, fresh, whipping",1,tbsp
29c87822-8406-4033-87e9-c0138c424a6b,BFP011,UK-17-491,"Chocolate, plain",0.25,tsp
29e99135-f569-4a9e-abb0-56cebbe41ad1,OSR037,UK-17-367,Salt,0.125,tsp
29ef67a2-a543-41ed-a09a-01980a49c318,OSR100,US-806341,AJWAIN SEED WHOLE ORGANIC SPICES,0.5,tsp
29f2ddd1-71b7-4bf4-ba5d-4788354811b6,ASC379,UK-17-045,"Oil, sunflower",480,ml
29f4854f-7190-497f-ae4e-3da19a1ee739,BFP301,C025,Lettuce (Lactuca sativa),48,g
29f97aa9-d01f-4c72-9b66-dbf5ee514eb1,BFP338,UK-13-852,Saffron,0.005,g
2a02ffbe-6796-44b1-912c-63a2afd809b8,BFP427,UK-17-045,"Oil, sunflower",240,ml
2a0ca7a6-8780-4134-8bef-1d30c1d385f7,BFP359,UK-11-1045,"Flour, corn",1,tsp
2a132dab-0d10-4e96-acd0-cd32ff7b86be,BFP550,UK-17-377,"Water, distilled",300,ml
2a247f62-f7b4-4c15-a634-5beef246070e,BFP604,UK-17-045,"Oil, sunflower",1,tbsp
2a264190-02a9-44f5-a409-282aa6ea31fd,ASC383,UK-17-367,Salt,0.5,tsp
2a278a71-2eff-4112-b9c2-92d12c264df2,ASC387,G014,"Ginger, fresh (Zingiber officinale)",3.17,g
2a3a0587-ec7b-4863-be5d-ae6e29b67513,BFP029,H013,Mustard seeds (Brassica nigra),10,g
2a45102f-e7ef-4cd7-a876-39a64ed5c0ba,BFP041,G010,Curry leaves (Murraya koenigii),1,sprig
2a4d8f11-6c9b-48bb-b130-076b44ab09e5,OSR114,G025,Cumin seeds (Cuminum cyminum),0.5,tsp
2a4da493-b702-4d11-9c3c-bdc921813dfb,ASC068,UK-13-389,"Turnip, flesh only, raw",10,g
2a52a122-c4a2-475c-9958-9eefb5382992,ASC173,G009,Coriander leaves (Coriandrum sativum),1,sprig
2a5987e7-d873-4e4c-96ac-a268041cd377,OSR059,G008,"Chillies, green - all varieties (Capsicum annum)",6.66,g
2a5fc9b9-3497-4ccf-9488-4d510e166fe3,ASC253,UK-12-184,"Yogurt, whole milk, plain",25,g
2a6c5f04-6642-4302-a62c-bbe6cc5549d5,OSR108,D075,"Tomato, ripe, hybrid (Solanum lycopersicum)",50,g
2a74d4ee-e8da-4a8c-9d20-fc1e2659c20f,OSR155,G014,"Ginger, fresh (Zingiber officinale)",2,tsp
2a886d06-7dfb-48e0-8e37-5ef89f895bc2,BFP517,A018,"Wheat flour, refined (Triticum aestivum)",30,g
2a8ad033-0d63-48e9-9c59-efc488fb15e0,ASC123,UK-13-806,"Bay leaf, dried",0.6,g
2a92ac7a-8288-4258-b449-7d056fb5dfd2,ASC360,UK-11-896,"Flour, gram",2,tbsp
2a9985ae-804f-431c-b4da-a7e72fffb550,ASC077,UK-17-661,"Butter, unsalted",2,tbsp
2a9e868e-327b-444c-a334-57880d43b3b6,ASC181,G017,"Onion, big (Allium cepa)",10,g
2a9edc7d-b2f4-4db1-87f1-2301227fc5ac,ASC105,G009,Coriander leaves (Coriandrum sativum),1,sprig
2ab1c9fe-a9d9-42ab-9c12-adf08d5e4bb6,OSR040,UK-14-874,"Hazelnuts, kernel only",135,g
2ab37b77-9cff-4fdb-99f3-699f86868cec,BFP539,UK-17-377,"Water, distilled",75,ml
2ab67ad0-83a7-40a0-a034-66f38d8cda38,BFP282,D036,Cauliflower (Brassica oleracea var. botrytis),300,g
2ab9357c-076e-4f2f-84a8-434e4fba4299,ASC322,UK-17-078,Marmalade,20,g
2abbeb57-0030-4aea-8e71-17c6646da68e,ASC169,E055,"Pomegranate, maroon seeds (Punica granatum)",0.5,tsp
2abf1fc3-652e-4231-8f4d-80025eee427d,ASC114,UK-13-874,"Cinnamon, ground",0.5,tsp
2abf88c5-02d0-4379-8a01-8ec09252ed17,BFP386,UK-17-063,"Sugar, white",150,g
2ac9680a-83c0-4531-a7a6-7ea317195e5c,BFP047,G008,"Chillies, green - all varieties (Capsicum annum)",6.67,g
2acc171e-a0ed-4d0b-a452-3638844cad00,ASC355,UK-13-873,Chilli powder,0.25,tsp
2acea416-f9f7-49dd-b071-26d213ce0c17,OSR010,H001,Almond (Prunus amygdalus),7.77,g
2ad01acf-6887-4140-926e-70ace186dec1,ASC126,G010,Curry leaves (Murraya koenigii),1,sprig
2ad181f2-08f0-45ce-af69-a835c151bda4,ASC277,UK-17-367,Salt,0.5,tsp
2ad2059f-3d46-4366-99a9-b568e4c8cf3c,ASC380,D061,"Peas, fresh (Pisum sativum)",25,g
2ad3c79d-975c-4533-8efb-9775296de5dd,ASC353,UK-13-873,Chilli powder,0.25,tsp
2adf2e49-2c54-46c6-9e28-348075c26c58,BFP350,UK-17-491,"Chocolate, plain",10,g
2ae212fe-cc50-41c8-a50b-ac9e1a1ad1f8,OSR104,C020,Fenugreek leaves (Trigonella foenum graecum),16,g
2ae27a1f-341d-4a39-a2f9-3b4f2dd667bc,BFP157,E033,"Lemon, juice (Citrus limon)",1,tsp
2ae3996d-33d8-4423-b6da-07108932491b,OSR112,UK-17-661,"Butter, unsalted",3,tbsp
2ae8c4e6-fcf1-4bf4-ae48-14355f9acaf3,ASC214,G024,Coriander seeds (Coriandrum sativum),0.25,tsp
2aeae38d-af6f-40ce-88ae-1037eb9e7337,OSR131,G017,"Onion, big (Allium cepa)",120,g
2af19afe-cb87-442e-a67a-286edde33548,ASC356,UK-13-873,Chilli powder,0.25,tsp
2af5ae66-060c-43e5-b9ca-51e1d39184a8,ASC403,UK-17-063,"Sugar, white",25,g
2af6db32-1261-40cd-9e9b-eae39511b1f9,BFP196,UK-17-045,"Oil, sunflower",5,g
2af857c9-0cf0-4c4d-9552-6440c930a33a,OSR061,UK-17-063,"Sugar, white",800,g
2af9a1dc-da24-4d40-ad3c-4456ef5d3ba7,OSR139,G012,"Garlic, small clove (Allium sativum)",1,tsp
2afc3d58-4797-4659-bdb3-4acd2acbf5ef,ASC359,UK-17-367,Salt,0.5,tsp
2afe7199-9660-4473-b6c8-4f282f18a9e9,BFP222,G008,"Chillies, green - all varieties (Capsicum annum)",1.67,g
2b110e71-b4ef-4770-964b-1307563a916f,OSR156,UK-17-038,"Oil, olive",1,tbsp
2b11e20d-0dd9-47ed-8d62-e168aec8d9bf,ASC298,E057,"Raisins, dried, black (Vitis vinifera)",1.32,g
2b177f1e-5f04-4dca-a69b-fcb3895e95ab,OSR111,G017,"Onion, big (Allium cepa)",25,g
2b1dfe49-6f46-493d-871c-7e4904433538,OSR080,G019,Asafoetida (Ferula assa-foetida),0.25,tsp
2b297a4b-2a55-439e-b1e2-788bd25327c4,OSR005,G031,"Pepper, black (Piper nigrum)",1.75,tsp
2b321876-44d9-4f8f-b625-01fa02cf8846,ASC262,D033,"Capsicum, green (Capsicum annuum)",20,g
2b38944b-21c3-4469-9668-fe24e6a39948,ASC098,UK-17-377,"Water, distilled",4,tbsp
2b38ba3d-11ec-4885-ad01-23178a9edf24,OSR133,UK-11-1045,"Flour, corn",1.5,tbsp
2b3f2e49-3faa-4b6f-afde-26adce95589f,OSR108,I001,"Jaggery, cane (Saccharum officinarum)",20,g
2b417bf3-529f-41c9-a56a-b75d998edade,ASC155,B010,"Green gram, dal (Vigna radiata)",10,g
2b4f5f94-6208-4e5b-9996-ee0e224bda79,BFP194,UK-12-184,"Yogurt, whole milk, plain",30,g
2b522b06-5215-47e2-9c79-08642c7e2571,OSR125,UK-17-063,"Sugar, white",200,g
2b534834-c8aa-46c6-931d-6d537e6f08e9,BFP485,UK-17-355,Baking powder,0.25,tsp
2b598902-0c92-4d9a-8336-3db46774df11,ASC150,F010,"Radish, elongate, white skin (Raphanus sativus)",20,g
2b5df097-cea0-4670-be0d-f0501c3ac131,OSR132,UK-17-367,Salt,0.5,tsp
2b61fd7b-c1e3-46d0-8680-9eadf1f8274d,ASC327,L002,"Milk, whole, Cow",150,ml
2b6ed763-059c-4540-984c-b859cb5f6bb7,OSR139,UK-17-661,"Butter, unsalted",3,tbsp
2b7378c9-b558-4ccc-88c0-0dd976b970b9,BFP380,L002,"Milk, whole, Cow",75,ml
2b76fa65-b326-4001-b1ab-b1e9ae9fd87f,ASC189,UK-13-873,Chilli powder,0.25,tsp
2b830613-bd85-4339-99b7-76e826561ca6,ASC213,US-806341,AJWAIN SEED WHOLE ORGANIC SPICES,0.25,tsp
2b8314a3-2817-49e5-a993-e16088e7e17f,OSR135,D036,Cauliflower (Brassica oleracea var. botrytis),400,g
2b831b41-54ea-4006-9843-5d9f070ce665,ASC023,UK-17-362,Mustard powder,0.25,tsp
2b864e5f-bcba-40d1-a6b0-1ee63df19708,ASC513,G031,"Pepper, black (Piper nigrum)",3.75,g
2b8a8b3b-549b-4acf-a014-ed8af66ff5ec,ASC493,UK-14-130,"Lemons, flesh only, raw, weighed with peel and pips",1000,g
2b8c11ff-6753-48fb-93d4-b30be0bdd267,ASC015,L002,"Milk, whole, Cow",0.5,C
2b948b11-a4ae-4939-a65b-ccca79158e71,ASC201,UK-13-829,Garam masala,0.25,tsp
2b9c4be1-f573-42df-8172-91cafed51fd2,BFP442,G008,"Chillies, green - all varieties (Capsicum annum)",3.33,g
2b9c59f5-16a0-49ba-8ff7-4394a33cd9ce,BFP206,G014,"Ginger, fresh (Zingiber officinale)",10,g
2bb20124-b317-4a29-a40f-d346cc774a07,OSR126,UK-17-063,"Sugar, white",100,g
2bb5493a-90cd-4ba9-8e86-3f07d3594da9,ASC378,UK-17-045,"Oil, sunflower",480,ml
2bb61236-2fb1-4106-8536-383770cc757d,BFP157,UK-11-1045,"Flour, corn",0.5,tsp
2bbcaa92-c741-48a2-9595-3ec898ab4928,BFP087,C028,Parsley (Petroselinum crispum),1,sprig
2bbdad31-b0fd-43df-b68c-1e4cd7720686,BFP052,G009,Coriander leaves (Coriandrum sativum),1,sprig
2bbdcfca-b1be-4b74-a7ca-51818306880a,ASC086,UK-13-806,"Bay leaf, dried",0.4,g
2bc0f3e5-3ced-4b87-b45e-c15deb193384,ASC084,G031,"Pepper, black (Piper nigrum)",0.125,tsp
2bc5995d-9e4f-4397-8fbd-ddd6fca3c4fb,BFP203,D037,Celery stalk (Apium graveolens),17,g
2bca6439-a9e8-46a4-a0af-0f063a6e8192,ASC189,UK-17-367,Salt,0.5,tsp
2bce4f11-f9e8-41a3-b4c1-36227b755fb1,ASC221,G031,"Pepper, black (Piper nigrum)",0.25,tsp
2bcf7420-ef98-4d07-ba3f-68c73c4e57f8,BFP431,F006,"Potato, brown skin, big (Solanum tuberosum)",150,g
2bd04014-df11-443f-93d9-8aaedbf5a4de,BFP506,E015,"Currants, black (Ribes nigrum)",4,g
2bd3dd4a-5bdb-4cac-9fa3-2b8e4f5b5f74,ASC243,UK-17-339,Vinegar,1,tsp
2bda63b4-74ee-4a8c-95fc-082e382ac594,ASC038,UK-11-1145,"Bread, white, average",60,g
2be0bbd1-2855-4f82-a864-7741fef9ca00,ASC035,G031,"Pepper, black (Piper nigrum)",0.25,tsp
2be23885-1552-4bb9-922e-8efbe601d2f8,BFP359,UK-17-377,"Water, distilled",50,ml
2bf05d5a-b070-4099-8e67-f5442613470d,BFP369,UK-12-332,"Cream, fresh, single",100,g
2bf29437-79a0-4496-9d8f-4cf3c09bd9c8,ASC280,H007,"Coconut, kernel, fresh (Cocos nucifera)",15,g
2c05e52c-cd6e-40f4-9f8a-ea61f7c81137,OSR101,G009,Coriander leaves (Coriandrum sativum),1,tbsp
2c130b6f-69ed-4b86-99fa-5bef6db95260,BFP221,UK-17-045,"Oil, sunflower",1,tsp
2c146df6-0f67-4137-9e31-cb591078bacc,ASC198,D075,"Tomato, ripe, hybrid (Solanum lycopersicum)",50,g
2c1d10ca-57ec-4bf0-992d-f6b4721b7063,BFP577,US-473921,CRACKED WHEAT,90,g
2c204b0f-48fc-4530-9ec3-ef827730a84b,OSR018,UK-11-938,"Breakfast cereal, crunchy clusters type, without nuts, unfortified",351,g
2c281129-d162-4362-9c1f-97cb4b9468f5,ASC416,C033,Spinach (Spinacia oleracea),150,g
2c2842e3-d6c4-44de-a9a4-111a508f8bb6,ASC302,US-173471,Vanilla extract,0.5,tsp
2c2b08cb-a310-42e7-bea9-a60e5a6922dd,BFP122,UK-17-367,Salt,0.17,tsp
2c2c1922-399e-4d55-8dfc-9dbb5cc8166f,ASC081,UK-17-727,"Stock cubes, vegetable",0.5,C
2c386948-ca51-49ab-add7-f505d4a2fea6,ASC198,G009,Coriander leaves (Coriandrum sativum),1,sprig
2c3a8c4e-62a8-4d17-ae72-0fa997177d35,ASC463,B001,"Bengal gram, dal (Cicer arietinum)",20,g
2c3bb35f-979b-4dce-90a1-269dc4768ef0,BFP307,E033,"Lemon, juice (Citrus limon)",0.5,tsp
2c3f047c-3b89-476a-a231-5816fe25b91f,ASC473,UK-17-367,Salt,0.5,tsp
2c412a5a-f3f5-4d05-a1f3-27e8dd9c6bcc,BFP602,UK-17-063,"Sugar, white",30,g
2c417082-1fc4-4a44-9555-333601179f64,OSR126,UK-17-367,Salt,0.25,tsp
2c455e46-96c8-4223-8628-abc772ca2d40,ASC103,D061,"Peas, fresh (Pisum sativum)",125,g
2c4f61b8-e3c0-4565-bb29-f294ab26ae10,BFP276,D036,Cauliflower (Brassica oleracea var. botrytis),40,g
2c50a577-6d66-4c3a-b0df-2eeb4b387018,ASC430,A018,"Wheat flour, refined (Triticum aestivum)",50,g
2c50b70b-b045-4d4d-ba62-b44a358f2e2f,ASC245,G025,Cumin seeds (Cuminum cyminum),0.5,tsp
2c5560cb-835b-4cca-97d8-cd834b0203a6,ASC249,UK-17-367,Salt,0.5,tsp
2c5dae37-7b38-47ee-af56-e24dd79ac53b,OSR054,UK-17-377,"Water, distilled",1.5,C
2c6a1401-9893-4811-9569-86911aee4f00,ASC445,UK-17-062,"Sugar, icing",30,g
2c6ef745-afc8-46cd-987f-5e1305b9c3fa,ASC170,UK-17-367,Salt,0.25,tsp
2c7188f9-0c9e-4c0a-80aa-6665e9c973ba,BFP485,UK-17-062,"Sugar, icing",60,g
2c73eeb7-dd41-46bb-9b2b-e7551dd8e22a,ASC218,G008,"Chillies, green - all varieties (Capsicum annum)",3.33,g
2c778b7a-86fd-4b23-8893-9ffb588ebc13,BFP366,UK-17-062,"Sugar, icing",30,g
2c77d986-e219-4500-b08d-edf46778044d,BFP373,UK-12-333,"Cream, fresh, whipping",110,g
2c8ef33e-3c3b-457b-bd0e-729389e9fda1,BFP279,UK-13-873,Chilli powder,0.25,tsp
2c965112-af11-4ae9-b749-70bf0170559e,OSR108,G009,Coriander leaves (Coriandrum sativum),24,g
2c994d16-9b27-4604-98cb-115006a867cc,OSR092,UK-13-234,"Curly kale, raw",206,g
2c9de879-9724-4253-8706-5e2afb4c3f3a,BFP259,G033,Turmeric powder (Curcuma domestica),0.25,tsp
2ca0cd0e-dc90-4d89-bcb2-bce57722d88e,BFP455,C025,Lettuce (Lactuca sativa),24,g
2ca14f2c-67e7-4ca2-9962-74926391963e,ASC299,UK-17-377,"Water, distilled",40,ml
2cadd7d1-3e1b-4b51-9113-a8991aeed878,ASC214,G033,Turmeric powder (Curcuma domestica),0.25,tsp
2cb0994b-0a08-42d7-a680-2a37d39cc862,ASC315,UK-17-491,"Chocolate, plain",0.5,tsp
2cb23763-88dd-45be-8744-410ec7dd05bd,BFP382,UK-17-062,"Sugar, icing",2,tbsp
2cb54f74-f541-48d8-b4cc-f398cb550c3e,ASC127,H012,Ground nut (Arachis hypogea),2,g
2cb5ab65-9fd0-4329-a3ed-c4907a8621ca,ASC331,UK-17-063,"Sugar, white",50,g
2cbd9576-c97f-4e39-b84f-c2de89e9b5cf,ASC275,UK-17-367,Salt,0.25,tsp
2cc610b9-36e4-4da2-9696-f5a2aca492f5,BFP196,UK-18-481,"Lamb, mince, raw",120,g
2cc9efe8-b783-4dc6-8e70-126db286a16c,ASC301,M001,"Egg, poultry, whole, raw",50,g
2ccaaaf4-9abd-4af2-b4a9-4ac0519d1733,ASC067,A018,"Wheat flour, refined (Triticum aestivum)",40,g
2ccd3742-df58-4f6e-a15c-36692e8ad074,BFP280,UK-17-377,"Water, distilled",1,C
2cd1a64d-c15b-498e-96dc-bea033f9b417,ASC107,UK-17-377,"Water, distilled",4,tbsp
2cd2e4ea-3cfa-497c-af47-6b21416be94f,ASC431,US-173471,Vanilla extract,0.5,tsp
2ce1b28f-2244-4481-8cc9-80760b9bb16e,ASC247,UK-17-811,"Mint sauce, homemade",2,tsp
2ce2ce4c-5890-4f56-907f-b02d6e5efa56,OSR115,H006,"Coconut, kernal, dry (Cocos nucifera)",1.5,tbsp
2ce4efed-eee0-48eb-8a90-7a656fda7a82,BFP196,G009,Coriander leaves (Coriandrum sativum),1,sprig
2ce55aad-fa9b-45ae-9841-b16e1a45119d,ASC035,UK-17-367,Salt,0.25,tsp
2cf4ce55-39cd-4cda-a577-b93774d08632,ASC121,UK-17-045,"Oil, sunflower",1,tbsp
2cf7cf87-dba4-4278-abeb-d37920c1092a,ASC262,C025,Lettuce (Lactuca sativa),24,g
2cf9844b-5a61-4312-b52c-c2fd30744dd5,BFP282,L002,"Milk, whole, Cow",0.25,C
2cfc42f4-eaae-4954-86d5-28f3f56e01d7,BFP570,UK-11-896,"Flour, gram",20,g
2d020a55-7acb-4afb-9b1c-9a7006098c31,ASC127,UK-17-045,"Oil, sunflower",1,tsp
2d06a256-8f4e-44fc-b24f-aebf6a534c89,ASC361,D061,"Peas, fresh (Pisum sativum)",75,g
2d0c605b-10e2-46ec-a8ba-d43d660a20d8,ASC399,E053,Pineapple (Ananas comosus),30,g
2d0ddc05-932f-4f33-85f2-e1bf9d0534df,BFP559,B013,Lentil dal (Lens culinaris),15,g
2d148e99-9813-4d95-98b0-e1ed65f086a2,BFP420,UK-17-367,Salt,0.25,tsp
2d15321b-c540-47c6-ba69-6e865b80dcf6,ASC353,UK-17-377,"Water, distilled",4,tbsp
2d163a2e-a611-4cda-bf35-4db490885c60,OSR039,A019,"Wheat flour, atta (Triticum aestivum)",520,g
2d2dc6da-328f-4c51-9fa6-da4367a6c2ba,ASC042,US-400113,"SIVA'S, AMHUR POWDER (DRY MANGO POWDER)",0.25,tsp
2d2e41cc-c3a6-497e-bdd8-01fc624539aa,BFP347,UK-12-333,"Cream, fresh, whipping",125,g
2d4042a4-9648-4108-92b1-0a2add3d245d,ASC494,ANN-ING-0033,Orange essence,1,tsp
2d45ee69-0af3-4871-9346-ea7742357fa8,OSR120,UK-17-661,"Butter, unsalted",80,g
2d4c219f-e0c0-436e-adbc-b4dd9cba6f5d,BFP386,UK-17-045,"Oil, sunflower",240,ml
2d551df5-9978-45d4-9ae8-23998f51916c,ASC383,A018,"Wheat flour, refined (Triticum aestivum)",80,g
2d5b53f4-470e-4ec4-9be4-b7682b8e27f6,BFP002,US-400113,"SIVA'S, AMHUR POWDER (DRY MANGO POWDER)",10,g
2d60314c-9a95-4022-b583-46af703f1090,ASC234,UK-13-873,Chilli powder,0.5,tsp
2d60f11e-2e49-469c-bc34-4b34ae99c1f1,BFP415,UK-13-873,Chilli powder,0.25,tsp
2d66da4f-78b5-4f23-a6e0-ccfe4a9262c8,BFP167,G025,Cumin seeds (Cuminum cyminum),0.5,tsp
2d72b04a-67e6-4a23-ab24-faa558950a99,BFP056,UK-17-367,Salt,0.25,tsp
2d738ebe-e6fc-4221-b742-2db9df892418,OSR086,H001,Almond (Prunus amygdalus),71.5,g
2da08589-7e6f-4b50-9207-0675430497a4,ASC152,B003,"Black gram, dal (Phaseolus mungo)",30,g
2daacabc-7419-4717-93cf-c2babca4ba2f,ASC481,E009,"Banana, ripe, montham (Musa x paradisiaca)",50,g
2db0d357-5d4c-4528-bbd7-5c12d5877b62,ASC128,UK-13-352,"Spring onions, bulbs and tops, raw",30,g
2dba1bd5-f188-4318-919d-c0b5acef205c,OSR077,UK-13-874,"Cinnamon, ground",0.5,tsp
2dba33f8-41ab-4f9c-a0fe-ecbf637dc21c,BFP045,UK-14-130,"Lemons, flesh only, raw, weighed with peel and pips",4,g
2dbcecd7-3c09-491d-8c43-5d97f090296d,OSR017,H001,Almond (Prunus amygdalus),1.5,tbsp
2dc08e46-df42-4f34-849b-a20cf2f41f91,BFP370,M001,"Egg, poultry, whole, raw",50,g
2dc1f79c-3dd9-4679-9677-c90359f6fd8b,BFP307,UK-17-360,Gelatine,1,tbsp
2dc32168-e1ef-4efd-af62-8336dffa9a5e,BFP222,G025,Cumin seeds (Cuminum cyminum),0.33,tsp
2dc922a8-a3ce-4c5d-b114-808b857e5341,OSR155,B001,"Bengal gram, dal (Cicer arietinum)",150,g
2dc92fb3-c3f2-4e6e-b8c5-8c450ba9d5aa,ASC305,UK-12-332,"Cream, fresh, single",125,g
2dc9c083-cad7-448b-8c65-29b17bc57e3b,ASC153,D007,"Bottle gourd, elongate, pale green (Lagenaria vulgaris)",50,g
2dc9d850-ad86-4306-a8e5-62925f32517a,ASC365,UK-17-045,"Oil, sunflower",2,tsp
2dd259a8-bd2c-4742-91e8-a6b2547ba193,ASC304,L002,"Milk, whole, Cow",125,ml
2dd6b340-7dd3-4141-9ffd-5f49a7fcd1f5,BFP589,UK-17-367,Salt,0.5,tsp
2dda3ab3-44ea-457d-b44e-3f13bd3f1c32,OSR049,UK-17-367,Salt,0.5,tsp
2ddc0f66-d0de-4d51-9ba3-fe5f40f45a3d,ASC378,G014,"Ginger, fresh (Zingiber officinale)",3.17,g
2ddd1e7a-19ac-4115-b9ec-02a08549c718,ASC354,UK-13-873,Chilli powder,0.125,tsp
2ddf0da4-05c8-49ae-9bb6-d454c682e08b,ASC079,D075,"Tomato, ripe, hybrid (Solanum lycopersicum)",200,g
2de2f283-3577-4583-a8b2-c904313fb20f,ASC378,G010,Curry leaves (Murraya koenigii),1,sprig
2de6317d-980b-4a46-8e77-49abf8e0ec4f,ASC288,E057,"Raisins, dried, black (Vitis vinifera)",1.32,g
2dec3b86-7224-4865-a051-4dea3ce75ec9,OSR104,UK-13-832,"Ginger, ground",12.66,g
2df0fa55-337c-4ef8-83dc-59e42c8e02bd,ASC267,UK-17-339,Vinegar,1,tbsp
2df1b07a-adca-4cad-9485-435395f6c206,BFP197,G017,"Onion, big (Allium cepa)",15,g
2e0578e3-0dd1-4174-a5cf-8018ac82f4f0,BFP352,UK-14-197,"Pears, canned in juice, whole contents",80,g
2e09cc19-d292-4b8e-a219-ccffe0f9b0c4,ASC123,D061,"Peas, fresh (Pisum sativum)",50,g
2e0b4f1a-476f-4ffb-8c9a-7b16aab2895c,BFP607,ANN-ING-0011,Mango essence,0.5,tsp
2e11b81a-ed22-43e3-89bc-c9e0ea1caff5,BFP516,UK-17-355,Baking powder,0.125,tsp
2e13d392-2b77-4a95-b531-b8d49b6490d6,ASC085,L002,"Milk, whole, Cow",0.25,C
2e160e17-cd6d-4d00-9e6f-7b6d9c6a9d94,BFP355,UK-17-062,"Sugar, icing",30,g
2e1e11eb-c157-43e0-9786-700e28d369e4,ASC215,UK-13-873,Chilli powder,0.25,tsp
2e1f6115-855b-4293-8e3c-e7f53efba26b,ASC376,UK-17-339,Vinegar,0.5,tsp
2e250412-ea49-41a2-b9ae-97b2176e3391,ASC511,US-806341,AJWAIN SEED WHOLE ORGANIC SPICES,40,g
2e25a13a-c604-4a68-b062-e98f1e84c339,BFP359,US-173471,Vanilla extract,0.5,tsp
2e269ac3-36e6-46e8-a927-52823a9b8d57,ASC396,A018,"Wheat flour, refined (Triticum aestivum)",60,g
2e2c1dfd-ebf2-44f7-937b-46ec99736235,OSR100,D075,"Tomato, ripe, hybrid (Solanum lycopersicum)",25,g
2e2f8236-7fc1-4cd9-9d72-672e6b848765,ASC218,G014,"Ginger, fresh (Zingiber officinale)",5,g
2e3b1c28-e7a5-41b7-b962-4d297dfc3cb9,BFP204,UK-17-377,"Water, distilled",15,ml
2e453f55-56dc-4a39-bfe2-38a328aa928d,ASC274,UK-13-873,Chilli powder,0.125,tsp
2e4562b9-a11e-4023-ab78-adb876a0db40,ASC190,D061,"Peas, fresh (Pisum sativum)",100,g
2e47b633-9b0e-47f2-b230-2f440c2d5f7e,ASC055,L002,"Milk, whole, Cow",1,C
2e4e1832-fe06-4980-868d-52cc91bcde17,ASC195,G012,"Garlic, small clove (Allium sativum)",1.25,g
2e5932d3-cfb1-4f23-a3b7-e823c28eae54,OSR113,UK-13-873,Chilli powder,0.5,tsp
2e6b9c51-20fd-4bf8-b438-e1237d63508c,BFP147,G022,"Chillies, red (Capsicum annum)",3.33,g
2e7be125-3daa-432c-94cf-bfdcf935b440,BFP574,B010,"Green gram, dal (Vigna radiata)",20,g
2ea2c672-55f8-4d15-9f8a-f420ac9fc059,ASC387,G008,"Chillies, green - all varieties (Capsicum annum)",1.67,g
2ea3ed19-cb55-430e-9426-ec8ae10bb303,ASC455,UK-17-355,Baking powder,0.125,tsp
2eb0fbbf-24a4-4a31-b2c9-4ba9da39dacb,ASC219,H006,"Coconut, kernal, dry (Cocos nucifera)",40,g
2eb2e641-6557-4435-854f-f1c9968d0fa6,OSR111,UK-11-1045,"Flour, corn",3,tbsp
2eb4b4d5-c89b-4c3a-8a64-748a31f4c3db,BFP118,D061,"Peas, fresh (Pisum sativum)",100,g
2eb4c0b5-abb4-4654-b8ab-7a61c72cbf65,OSR112,G028,Nutmeg (Myristica fragrans),0.2,tsp
2ebdfb6e-54be-4382-ba9e-e0e72445894c,ASC048,UK-17-063,"Sugar, white",2,tsp
2ebf1950-ab7c-41e1-a8fb-138e46e2771f,BFP305,D075,"Tomato, ripe, hybrid (Solanum lycopersicum)",100,g
2ec872bb-e1e0-40fc-8a9c-7e99116e8cac,ASC362,UK-17-045,"Oil, sunflower",480,ml
2ecb8796-d343-4dac-9462-076b2b9ca339,ASC260,UK-13-881,"Pepper, white",0.25,tsp
2ed066ed-c886-4d1f-8f29-69b67e4afbad,BFP132,UK-17-045,"Oil, sunflower",1,tsp
2eda89de-1b98-4f59-a33f-e3ccc6da4a26,BFP231,G028,Nutmeg (Myristica fragrans),0.25,tsp
2edef1b6-b0d7-41c1-9677-74a7087ea291,BFP057,J001,"Button mushroom, fresh (Agaricus sp.)",30,g
2edf6765-08d6-43be-85f9-437e9db576f5,BFP556,UK-17-367,Salt,0.25,tsp
2ee7ac1b-b711-42c0-832d-31f5ad55a048,OSR049,H013,Mustard seeds (Brassica nigra),1,tsp
2ee87476-6c1c-43b1-8ef4-f8878a1beb9a,ASC135,UK-17-339,Vinegar,2,tbsp
2ef4432b-6cf7-47ed-a690-c97b28cf0ead,BFP288,UK-12-332,"Cream, fresh, single",1,tbsp
2efb0c16-05f4-41da-a85d-8578bf069419,BFP542,C028,Parsley (Petroselinum crispum),1,sprig
2f040bac-4e26-4221-b1d8-55a264226c48,BFP062,G017,"Onion, big (Allium cepa)",20,g
2f083103-efb0-45f0-85e0-0407e88d4dff,BFP527,US-167755,"Raspberries, raw",8.3,g
2f09afb5-4795-405c-82e4-8534d20fd6ef,ASC151,UK-13-829,Garam masala,0.25,tsp
2f101820-6c67-41e8-bd38-391628e37527,OSR067,UK-17-367,Salt,1,tsp
2f13dc78-ecd5-487d-9e15-e32c059042d3,BFP197,UK-17-377,"Water, distilled",100,ml
2f1b569a-cee9-45a8-9957-2ce7baa73780,BFP079,F002,"Carrot, orange (Daucus carota)",80,g
2f252b5b-2869-4191-9410-ae7a73960b63,OSR016,UK-12-184,"Yogurt, whole milk, plain",2,tsp
2f27c720-2668-4e51-a671-31467bb9002e,BFP571,A019,"Wheat flour, atta (Triticum aestivum)",60,g
2f28c618-7eec-4ba2-a63d-82c05ba0b079,ASC135,D050,"French beans, hybrid (Phaseolus vulgaris)",30,g
2f2ac38e-5dd2-4784-bc17-115de48399c6,OSR065,M001,"Egg, poultry, whole, raw",50,g
2f2f489b-b2fd-43ab-a618-77327ed7e76b,ASC104,UK-13-873,Chilli powder,0.25,tsp
2f31428d-6d34-490f-af1f-623d605dddaf,BFP220,UK-11-1045,"Flour, corn",0.5,tbsp
2f339384-9aab-4d00-a018-2e06b6f39ccc,ASC008,UK-14-130,"Lemons, flesh only, raw, weighed with peel and pips",30,g
2f3b3c80-efd6-4f42-9485-506495df4171,BFP197,G032,Poppy seeds (Papaver somniferum),0.5,tsp
2f3c884a-152c-4323-b81f-20e7a229d9ef,BFP154,UK-12-527,"Cheese, processed, plain",25,g
2f51ee60-e77a-4453-a4a4-25ff0b7f6045,ASC257,L003,Paneer,25,g
2f51ef92-426e-4702-96f1-015ee57d3091,ASC126,L002,"Milk, whole, Cow",0.25,C
2f54f9e5-3f8c-49dd-a2e2-75455546bcb7,ASC126,G019,Asafoetida (Ferula assa-foetida),0.25,tsp
2f5640db-d781-41ba-83c2-f821165ba178,ASC279,G014,"Ginger, fresh (Zingiber officinale)",5,g
2f63d260-a612-49a5-bc95-debc792490fd,BFP257,G025,Cumin seeds (Cuminum cyminum),0.25,tsp
2f7394aa-de94-4069-a036-bf45719dcc66,BFP066,G023,Cloves (Syzygium aromaticum),0.25,tsp
2f7683d9-06f1-4659-9723-caf38eb47489,ASC152,UK-13-873,Chilli powder,0.25,tsp
2f79cae0-6730-4537-9d32-df72ef98eaf9,BFP499,ANN-ING-0012,COLOUR,0,
2f7e0195-ab82-46f0-8f89-b9f5a309a192,ASC238,UK-17-045,"Oil, sunflower",480,ml
2f7e8c02-1d85-4cb1-a5cc-4533db058f03,ASC429,UK-17-062,"Sugar, icing",50,g
2f805089-a397-46cf-b4cd-6001d1314b6e,ASC157,B015,"Lentil whole, yellowish (Lens culinaris)",30,g
2f82dd66-dc77-4725-a217-b030ac784999,ASC411,UK-17-367,Salt,0.5,tsp
2f86fbc9-469b-44fd-bb6f-068ab36dfbbd,ASC497,UK-17-367,Salt,0.5,tsp
2f872feb-9d20-456f-83b9-efd4fb1b0f5a,ASC299,L004,Khoa,30,g
2f878212-1876-41d3-9bdf-cb09cbe7fdf0,BFP080,G031,"Pepper, black (Piper nigrum)",0.25,tsp
2f8d4197-1caa-4c35-a2a7-286de1a8c9c9,BFP579,UK-17-355,Baking powder,0.25,tsp
2f90310b-aa37-48d1-ad3f-0de2d2a0a504,BFP197,UK-13-874,"Cinnamon, ground",0.25,tsp
2f95348c-d19b-403b-9330-8d7995511a56,BFP170,B013,Lentil dal (Lens culinaris),30,g
2f9603e7-4b6d-4c3e-b527-acfadeaa259c,ASC236,G014,"Ginger, fresh (Zingiber officinale)",3.17,g
2fa73319-23e0-48c4-b37f-985dbafac7ad,ASC139,UK-11-716,"Pasta, white, dried, raw",50,g
2facffea-7c74-45e5-b105-59a38413abac,ASC154,G033,Turmeric powder (Curcuma domestica),0.25,tsp
2fbd6447-1b30-488d-a392-ece6336f99ba,ASC395,UK-17-062,"Sugar, icing",0.5,tsp
2fbdb96a-33cc-462a-9bea-91e7ee25b7dd,ASC297,UK-17-640,"Ghee, butter",1,tsp
2fc17d0a-6bf6-435d-b690-fe9cf6356d8a,ASC456,UK-17-367,Salt,0.5,tsp
2fcb0114-1b20-4ce8-87a8-02f72b370905,OSR108,UK-13-873,Chilli powder,0.17,tsp
2fd60469-b463-4f4a-85ea-9d6c4bf7f2e4,ASC366,US-400113,"SIVA'S, AMHUR POWDER (DRY MANGO POWDER)",0.25,tsp
2ff2fccf-aee8-4dc6-8417-7cbc4ac9501f,ASC170,F006,"Potato, brown skin, big (Solanum tuberosum)",50,g
2ffe11f2-c0d5-4211-8d2b-16a82658a1dc,BFP207,UK-13-874,"Cinnamon, ground",0.25,tsp
30090afc-b88b-48a7-9b80-041992583159,ASC085,UK-17-367,Salt,0.25,tsp
300a195e-e991-4b83-acb8-539ca7e0966c,OSR065,G017,"Onion, big (Allium cepa)",25,g
301239b9-00d5-4171-8357-e080f202af26,OSR023,H018,Pistachio nuts (Pistacla vera),30.75,g
30145bfc-b282-4c54-b6ab-75e9892bdb30,BFP609,ANN-ING-0022,Green colour,0.25,tsp
3015fbc4-0713-4e9a-a105-69a7215b6898,ASC043,UK-12-527,"Cheese, processed, plain",10,g
301d6f2c-4a1e-44f9-b540-19678a7aa605,OSR024,UK-17-062,"Sugar, icing",8.5,tbsp
301e5f21-f561-48fd-b143-b71894cb7727,BFP511,UK-17-377,"Water, distilled",1,tsp
3026f055-ba1f-4f80-bc7a-36ec0f6cc49f,ASC204,UK-17-367,Salt,0.5,tsp
30271d73-3d5b-4a48-9296-39cd24d03840,BFP179,G009,Coriander leaves (Coriandrum sativum),1,sprig
302c9e59-d43d-43b9-ae51-d5f1ce055f3b,ASC205,UK-11-1145,"Bread, white, average",1,tsp
302e9254-7ade-4b78-8d6d-44bbe5520436,ASC253,H021,Walnut (Juglans regia),3.75,g
302fbae0-6bb5-4eef-aa30-46795301aa6e,BFP404,H006,"Coconut, kernal, dry (Cocos nucifera)",10,g
3038aca4-bacf-4ffc-b07d-f013edf801e1,BFP196,G012,"Garlic, small clove (Allium sativum)",1.25,g
303a8614-802e-4997-9432-a42675e359fe,BFP027,E033,"Lemon, juice (Citrus limon)",30,g
30436c03-5560-4297-ba30-5f63f88aa07c,BFP305,UK-17-654,"Mayonnaise, standard, retail",1,tbsp
30556ddf-1a24-4c9d-8e06-aa4dcccbdb0e,BFP440,UK-17-045,"Oil, sunflower",1,tbsp
3056265f-8b7f-414c-ac76-b051bec5fc2a,ASC160,UK-17-377,"Water, distilled",0.5,C
305921e6-30af-42df-ac2a-1d6dda374f49,BFP291,A018,"Wheat flour, refined (Triticum aestivum)",10,g
305b3960-1ad7-4afb-a242-b6e858773f16,BFP159,UK-11-1145,"Bread, white, average",30,g
305be8b0-9d7f-4283-b1dd-6056af034383,OSR029,UK-17-038,"Oil, olive",3,tbsp
3060e326-2866-4674-ab4a-c70ec984d40c,BFP352,UK-17-377,"Water, distilled",1,tsp
3071f0d9-28d8-4cfc-a52d-11ad832414f9,ASC429,US-499195,JAM,40,g
30740a71-ae83-4dd1-85db-356ee4fed398,ASC325,UK-12-545,Cocoa powder,1,tsp
3088133e-145b-4cd4-afb3-58ff8fab3c41,ASC202,UK-14-347,"Bananas, raw, flesh only, weighed with skin",100,g
309227ef-b57d-482b-a516-8b22e02314ab,BFP362,UK-17-050,Honey,1.5,tbsp
3092e8a9-eb9c-44a4-8798-7ff515b2c652,BFP293,UK-17-367,Salt,0.17,tsp
30988f66-82f9-4863-9dd9-17d42b4a72ad,ASC009,G014,"Ginger, fresh (Zingiber officinale)",15,g
30a3f0a1-6824-488e-9cc2-86339de69785,ASC195,UK-13-873,Chilli powder,0.25,tsp
30a7116b-1ee0-4513-a514-89f1525ab803,BFP147,UK-17-367,Salt,0.25,tsp
30a7e20b-fb35-480d-a31f-2fb1c36e4ce1,OSR013,UK-17-367,Salt,0.25,tsp
30b13f78-c9aa-4885-ae8c-ffe872ec55de,BFP161,UK-13-806,"Bay leaf, dried",0.4,g
30b7bdbb-f548-4559-a681-35b0f68cf0e8,ASC419,UK-17-661,"Butter, unsalted",70,g
30bfaf78-94b4-447a-934f-4a9ffc566c40,ASC457,C033,Spinach (Spinacia oleracea),50,g
30ca75d0-1087-4a65-958b-b626d682b55f,OSR153,G024,Coriander seeds (Coriandrum sativum),1,tsp
30cdfca4-ee44-42e5-b32c-5673e7dd63d6,ASC142,L002,"Milk, whole, Cow",20,ml
30cdff6d-c600-4246-8698-e076208ac816,OSR076,G023,Cloves (Syzygium aromaticum),0.5,tsp
30d79edf-d6f3-40d1-8cfc-81888126e47c,BFP088,UK-17-367,Salt,2,g
30d88813-c7c9-44c0-b571-996b6180989c,ASC386,US-585551,ROASTED CHICKPEAS,0.75,tbsp
30d89bdb-e2d6-41c3-89c9-4509327e9d6e,ASC202,UK-12-184,"Yogurt, whole milk, plain",1,tbsp
30de89a3-ca5e-41dc-a3d3-3adb4216d8b6,BFP542,A018,"Wheat flour, refined (Triticum aestivum)",50,g
30e0f1e3-2dd6-4e1b-8b55-c4423a6fcdc8,OSR005,UK-14-826,Melon seeds,1.5,tbsp
30eab853-4e9d-4a2a-b744-463e04f1b7cb,BFP046,G010,Curry leaves (Murraya koenigii),1,sprig
30f24385-3f03-4c71-8e07-c5d7f0f57ae8,BFP472,UK-11-1145,"Bread, white, average",60,g
30fdeeab-ff20-4b1d-b85a-6af0d76b16f3,OSR093,G012,"Garlic, small clove (Allium sativum)",0.5,tbsp
30fe2b6a-44e1-4c52-8ef7-9f52be668ebe,ASC269,UK-12-184,"Yogurt, whole milk, plain",100,g
31069b28-388a-40b8-b750-0c786e775f8d,OSR153,UK-17-367,Salt,0.5,tsp
3109dda0-94a2-454e-ad70-6d26cf76e853,BFP187,G023,Cloves (Syzygium aromaticum),0.25,tsp
310ddf58-8c7d-4e36-a5dc-78d8fd240a54,ASC254,C025,Lettuce (Lactuca sativa),48,g
310f1a0b-901f-4e1c-9b99-4924067f1661,BFP047,G033,Turmeric powder (Curcuma domestica),2,g
310f50e1-2237-444d-b131-add72ac2a946,ASC241,UK-13-873,Chilli powder,0.5,tsp
3112c5f9-d29e-44ff-abd8-4a49648e3251,ASC212,G017,"Onion, big (Allium cepa)",50,g
311550d6-b884-4535-91ad-2e79a185be23,BFP229,G009,Coriander leaves (Coriandrum sativum),1,sprig
3115cae6-8b7f-4153-9f3b-5908667dceb6,OSR011,US-2106513,BLACK RICE,160,g
311eaf90-d165-4ab7-9a86-ec66f1afc0e5,ASC354,G017,"Onion, big (Allium cepa)",20,g
31222c67-9937-4a10-805c-fd8f07b67410,BFP179,UK-13-829,Garam masala,0.125,tsp
3122c178-a7e2-4a51-a3d3-c80278328b30,OSR048,UK-17-377,"Water, distilled",240,ml
3127ce6e-0f8f-48ab-8da6-6d9719d8639e,ASC092,M001,"Egg, poultry, whole, raw",12.5,g
312c0803-d732-47dc-ab35-7b264a5b7962,ASC332,M001,"Egg, poultry, whole, raw",100,g
3139f71d-4af1-4c8d-a254-b85f80f1b56a,BFP141,G017,"Onion, big (Allium cepa)",15,g
3147fdb7-85a8-4572-9fcb-0cb30261ff86,BFP249,UK-17-367,Salt,0.17,tsp
314b2256-8c0c-48a9-8be4-cfaa7090833d,ASC484,UK-17-661,"Butter, unsalted",0.5,tsp
314edc5b-5168-42c8-ac20-19065aad1076,BFP421,C020,Fenugreek leaves (Trigonella foenum graecum),0.5,tsp
3157b141-23b2-4377-ad14-e3107158c6fb,BFP347,US-173471,Vanilla extract,0.5,tsp
315952cc-161d-484d-83d6-1127cd7917e9,ASC123,D036,Cauliflower (Brassica oleracea var. botrytis),50,g
315db55c-8f1a-4ce1-b784-d6693892cdac,ASC376,UK-13-878,"Oregano, dried, ground",0.5,tsp
3165bbd8-2a6d-488d-875a-6c391ed22e46,OSR105,UK-17-367,Salt,0.5,tsp
3170c19b-6d88-4e53-ae27-b159bb3457ad,ASC255,UK-17-367,Salt,0.25,tsp
317a55ce-53e4-4aa9-9a8b-13d95dd78a3b,OSR097,G031,"Pepper, black (Piper nigrum)",10,g
317dce32-dccc-449d-be4a-21779df6bc0b,OSR081,G031,"Pepper, black (Piper nigrum)",0.5,tsp
318075b0-132b-46ef-a456-4dd77854b797,ASC221,UK-12-184,"Yogurt, whole milk, plain",20,g
3184d6fa-a16f-4008-9fe4-f2a9ed057bfc,ASC404,UK-17-377,"Water, distilled",75,ml
31992454-0078-4ba3-a502-5b99cfd0b58d,ASC106,UK-13-873,Chilli powder,0.25,tsp
319c4212-cd17-427f-8512-6e12ab9e8f9f,ASC010,G023,Cloves (Syzygium aromaticum),0.75,tsp
31a34c19-abe4-4d39-9118-68850d33265e,BFP041,UK-13-873,Chilli powder,0.17,tsp
31a43ba7-d147-4460-a90e-c51b9ed1ace6,OSR057,UK-17-045,"Oil, sunflower",0.25,C
31a65666-4d3a-4bb4-abb2-46158d95b84d,BFP301,UK-17-701,"Dressing, French",1,tbsp
31a8c06b-846b-4b04-87ed-c136e84c9f9b,OSR081,UK-50-1173,"Tomato sauce, homemade",3,tbsp
31acaffd-f3fe-43fe-ab8f-62dcb75afc23,ASC063,A018,"Wheat flour, refined (Triticum aestivum)",40,g
31b6a9a0-bfbf-468b-9bac-df1e8d600d71,ASC274,G025,Cumin seeds (Cuminum cyminum),0.125,tsp
31b74bfe-1f72-4391-8026-f4abb7f91381,ASC067,L004,Khoa,50,g
31b86a2f-9a88-4737-8d38-912ad12c5d70,BFP122,UK-19-657,"Sausages, premium, raw",80,g
31c61b34-2945-4e6b-a2f9-a717fb00b709,BFP185,G021,"Cardamom, black (Elettaria cardamomum)",0.25,tsp
31d8c2a4-4d61-47d1-9831-9e59a07daf83,ASC428,US-173471,Vanilla extract,0.5,tsp
31e0cd19-b1b0-4993-a13a-4b445ced2969,BFP430,UK-13-829,Garam masala,0.17,tsp
31fa86a1-755a-42f8-9c75-87e602019b9d,ASC140,UK-17-367,Salt,0.25,tsp
320089cd-57a4-411a-b6d6-c072fa1dabb9,ASC083,UK-17-367,Salt,0.25,tsp
3208cd81-3fb5-4678-bf7b-2a8e4db81fbd,ASC308,UK-17-661,"Butter, unsalted",15,g
32154004-d290-4585-ab75-7b46cf7d7386,ASC024,G031,"Pepper, black (Piper nigrum)",0.25,tsp
321b7706-dc97-4cc5-9839-9a50b98b5aa7,ASC031,UK-17-661,"Butter, unsalted",20,g
3221ee3d-64cd-4229-9bd0-9780fcf8ae31,ASC117,UK-13-874,"Cinnamon, ground",0.5,tsp
3229ac99-0802-46c6-9214-efb610a47573,BFP045,F002,"Carrot, orange (Daucus carota)",10,g
322c9ade-48e8-43a2-a3cb-77f70e28865b,BFP546,A003,Bajra (Pennisetum typhoideum),40,g
322eb2ba-f7e4-4094-91f7-adf865a35efd,BFP118,UK-17-045,"Oil, sunflower",240,ml
3230e5ee-c196-4166-9be7-b10f04144332,BFP301,C015,"Cabbage, green (Brassica oleracea var. capitata f. alba)",30,g
32356365-a9c2-42d3-90ac-6c2baa4ebaf8,BFP345,US-173471,Vanilla extract,0.25,tsp
32387a7d-c277-417f-ba83-628d77dc3d7b,OSR075,D033,"Capsicum, green (Capsicum annuum)",25,g
323b0a3e-cdce-4a3c-8dd6-b2d6cc5390df,ASC489,UK-12-184,"Yogurt, whole milk, plain",20,g
323b8101-a5ae-4096-a2a4-a9804ebf5cb0,BFP351,UK-17-360,Gelatine,0.25,tsp
323c277d-90ac-4709-a922-6524dc5eef11,ASC240,UK-13-874,"Cinnamon, ground",1.25,g
323caaf9-a083-4dc3-8712-e57d22e5fe2d,OSR059,G026,Fenugreek seeds (Trigonella foenum graecum),0.25,tsp
323f9aaa-db02-4b4d-bee5-741df02575f9,OSR068,UK-17-367,Salt,1.5,tsp
3240c215-fcc8-499a-96b8-2d3e57653ab8,BFP274,UK-17-377,"Water, distilled",2,tsp
3255dc13-f4b3-43cb-9d7e-f3e8e2e1f251,ASC447,UK-13-852,Saffron,0.5,g
3256271e-a94e-40e5-8683-12a26cce1bcd,ASC141,UK-12-332,"Cream, fresh, single",20,ml
3257356d-d239-4f25-bbb7-eac782892514,BFP029,F002,"Carrot, orange (Daucus carota)",50,g
325826a2-bcb0-49c4-9fc6-73ab97dedee1,OSR066,G021,"Cardamom, black (Elettaria cardamomum)",0.5,tsp
32593fbc-d875-45b1-84d3-6b5f7d9c70f8,OSR014,UK-13-852,Saffron,0.005,g
326006da-7a78-40f6-b89f-556e24c8f1ec,BFP217,G009,Coriander leaves (Coriandrum sativum),3,sprig
3261581b-cb8b-41c9-80ec-6c365eae2fda,ASC230,UK-13-873,Chilli powder,0.125,tsp
3266e0b5-0adf-491c-b1d3-2a2f50007c2b,BFP275,UK-13-829,Garam masala,0.25,tsp
32670e5e-9175-4083-a346-89aa730e5b23,BFP274,G009,Coriander leaves (Coriandrum sativum),1,sprig
32675404-5168-4abc-8634-8245a4a72235,ASC245,UK-17-045,"Oil, sunflower",1,tbsp
32737ff5-e33c-48b7-9b65-a71074f6d613,BFP380,US-173471,Vanilla extract,0.5,tsp
3275267a-b144-4b65-b1ab-dd9238b0efff,ASC252,G033,Turmeric powder (Curcuma domestica),0.25,tsp
3275e44f-d00f-4715-8e9b-494922d629f4,BFP364,E014,"Cherries, red (Prunus cerasus)",15,g
3289c1f1-de89-4c7b-8e4e-1bc2fe8ff220,ASC225,UK-17-661,"Butter, unsalted",1,tsp
32926aa6-4a7c-4f16-bb13-a89d3e4d45b3,OSR100,G017,"Onion, big (Allium cepa)",30,g
3292dce1-b0ba-4f3e-80b7-891cd56831e3,BFP310,G031,"Pepper, black (Piper nigrum)",0.5,tsp
329ca199-ff30-44ad-92a4-23ce3fdf7c78,OSR036,US-173471,Vanilla extract,1,tsp
32a901ee-2a24-4b8b-ad30-75f41f0b61c4,OSR110,UK-17-377,"Water, distilled",1,C
32a968e8-33ef-497c-b465-c4f4650236f9,BFP220,M002,"Egg, poultry, white, raw",17,g
32adbc36-a570-49e6-b35c-d3bf94c3ba88,ASC264,C015,"Cabbage, green (Brassica oleracea var. capitata f. alba)",30,g
32afc4d5-5349-4e25-8e11-cff7bcca251d,OSR059,G012,"Garlic, small clove (Allium sativum)",4.37,g
32b12acc-350d-4354-ba99-4e6b389bab4b,BFP157,O064,"MUTTON, muscle",100,g
32b2573c-2c22-4f68-a620-0220609a5227,ASC405,UK-17-062,"Sugar, icing",0.5,tbsp
32b3b407-cc13-4031-acd6-46c26bf9fe9b,ASC094,UK-12-527,"Cheese, processed, plain",15,g
32bd3cf3-372b-4d0e-bf4b-f2285157c4d6,ASC301,UK-17-063,"Sugar, white",1,tbsp
32bfe220-6709-4a47-9bb2-e329f558c8ae,OSR116,UK-17-045,"Oil, sunflower",2,C
32de256f-c10e-4ad3-86a3-39a4e9e1d537,BFP272,G010,Curry leaves (Murraya koenigii),1,sprig
32ebf7c9-ae3d-4678-a6d9-00f581b8319c,BFP214,G009,Coriander leaves (Coriandrum sativum),1,sprig
32f65651-00fe-4e93-9336-fc6cc9f44ac5,BFP519,M003,"Egg, poultry, yolk, raw",1,tsp
32f89c07-1232-4476-b450-4bfa6dc5656a,ASC458,US-806341,AJWAIN SEED WHOLE ORGANIC SPICES,0.125,tsp
32fe636b-c6d9-4643-9738-5c001abea78f,ASC239,F006,"Potato, brown skin, big (Solanum tuberosum)",150,g
32ffe474-57d2-42a7-944f-4f3a5b3e4d3e,BFP055,UK-17-358,Cream of tartar,0.25,tsp
3300c0a2-c12f-484e-b53a-9f479fdbdc27,BFP058,D061,"Peas, fresh (Pisum sativum)",50,g
3303f2a2-ca88-437c-85c7-5e29ae6766ed,ASC448,G010,Curry leaves (Murraya koenigii),1,sprig
330c2a74-9d3f-49b0-932d-566ca2e95069,BFP516,UK-12-237,"Jelly, made with water",1,tsp
33113391-c6a6-4877-a508-fd75ea659e91,BFP299,C028,Parsley (Petroselinum crispum),0.5,tbsp
3316fc46-f301-4504-9641-27cc83dab650,BFP564,UK-17-045,"Oil, sunflower",240,ml
332040a5-e738-4f25-8194-749989f6ff6a,BFP359,UK-17-063,"Sugar, white",30,g
33213b72-cc26-4644-b829-026eabe6e8eb,ASC505,UK-14-001,Amla,1000,g
3326646e-289f-4701-aac3-26d3256f9ce6,ASC273,UK-17-367,Salt,0.25,tsp
33269238-e666-475a-868b-d5c07da2a57a,BFP355,UK-17-377,"Water, distilled",1,tsp
33320aec-b7e8-4240-ae7f-4f361b668365,ASC236,M001,"Egg, poultry, whole, raw",25,g
3337906b-4c00-4a74-a99e-61f2c362c527,OSR101,UK-17-367,Salt,0.5,tsp
3339d853-8992-4638-9302-a83cc9ad18df,ASC022,UK-12-184,"Yogurt, whole milk, plain",100,g
333df9c3-76db-4f44-b73a-5ea1816a656c,ASC238,G014,"Ginger, fresh (Zingiber officinale)",6.33,g
333f87c1-0529-46ba-9cd9-d0700eb59620,ASC041,US-400113,"SIVA'S, AMHUR POWDER (DRY MANGO POWDER)",0.25,tsp
33424588-2e3a-4d12-8f5a-02229ac9d0e9,ASC484,G033,Turmeric powder (Curcuma domestica),0.25,tsp
33441171-f20e-4834-9ea5-a1aa7816d591,BFP072,UK-17-661,"Butter, unsalted",2,g
33457666-061e-4d90-a264-9e2be0091f49,BFP161,L002,"Milk, whole, Cow",180,ml
334622e3-2112-4bef-a8d3-96be4f0c4d85,ASC424,H021,Walnut (Juglans regia),25,g
33463bf1-e7e1-4976-b5a7-f3ba81c4d232,BFP390,ANN-ING-0036,REETHA,0.08,nos
334f42e5-dc41-4cd7-a695-578bb279c0b5,ASC194,UK-17-367,Salt,0.5,tsp
3350e811-37db-4718-a352-1a416dfc1fca,OSR104,UK-17-045,"Oil, sunflower",1,tbsp
33533a29-c5b5-4739-ae0f-9d4018aeb277,BFP249,G012,"Garlic, small clove (Allium sativum)",1.25,g
335aba47-0da3-4108-9de3-4263fd76f741,BFP445,G009,Coriander leaves (Coriandrum sativum),10,g
335b21e7-d1ca-40fb-ba1a-525204f5c2cc,ASC354,UK-17-045,"Oil, sunflower",480,ml
335b94dc-513b-4f0e-91e8-a7ecb1465677,BFP346,UK-12-333,"Cream, fresh, whipping",125,g
335d4bfa-b629-4a80-bd14-602a313f7477,ASC157,UK-13-873,Chilli powder,0.25,tsp
335ebcb0-f066-47fa-8911-013d7a4ca6a6,ASC083,UK-17-661,"Butter, unsalted",2,tsp
336d7a60-294f-4b67-ab11-f55f3dd2cbc5,ASC118,UK-17-367,Salt,0.75,tsp
336db3be-7fdd-4135-a1b5-f6570ebc1016,BFP122,UK-19-657,"Sausages, premium, raw",50,g
3375ac0f-5ca6-4bf9-82fd-2b322c348b1e,OSR075,UK-11-1045,"Flour, corn",29.25,g
33861907-68af-4e3d-8a6b-a9205b8004fc,ASC131,UK-17-063,"Sugar, white",0.25,tsp
33a748fa-6a7b-4764-b460-732a1a2c53e5,ASC430,UK-14-286,"Pineapple juice, unsweetened",2,tbsp
33baadc5-c0ac-47d0-961e-9faa2793e860,OSR061,UK-17-062,"Sugar, icing",0.5,tsp
33bcab80-263d-4f71-bf64-b4c1024e5152,ASC273,D043,"Cucumber, green, elongate (Cucumis sativus)",50,g
33c0079d-ed03-4a19-a8e9-57a988a6f7d6,BFP451,UK-17-367,Salt,0.25,tsp
33c0c5c8-7898-4938-8527-381db653a5e6,OSR147,UK-17-045,"Oil, sunflower",2,C
33c20769-3d88-4d6c-8fdd-3e7c34d74190,ASC146,G033,Turmeric powder (Curcuma domestica),0.25,tsp
33c93b9e-c908-46ca-898b-48494903541a,OSR010,UK-17-063,"Sugar, white",100,g
33d35f6d-eb18-4630-a195-86b370c64c05,OSR153,UK-13-829,Garam masala,0.5,tsp
33d8ca8a-38e2-487c-aa26-a49cd90071c8,BFP482,UK-14-335,"Cherries, glace",3.33,g
33d9b4e2-f289-44ae-b86f-6ff1e2587482,ASC407,UK-17-661,"Butter, unsalted",30,g
33daa8a1-5e6f-460f-bcbf-ada6955a410b,ASC163,B005,"Cowpea, brown (Vigna catjang)",30,g
33e8c561-6206-4039-a251-b045de50ac5e,BFP382,M003,"Egg, poultry, yolk, raw",24,g
33eac786-c9e6-4e86-8fc4-da97ad755e60,BFP177,G010,Curry leaves (Murraya koenigii),1,sprig
33f0f3c7-08d9-49a9-aa64-baa3138e66b9,BFP246,H018,Pistachio nuts (Pistacla vera),0.56,g
33f57b49-4d39-439d-8d93-eaff63e2d7e3,BFP407,UK-17-640,"Ghee, butter",30,g
33fe66cc-e354-4950-95a2-5f9ba4c3e52f,BFP096,G031,"Pepper, black (Piper nigrum)",0.25,tsp
34018958-4512-46e1-b78f-06dd7d7f3c8a,BFP162,G012,"Garlic, small clove (Allium sativum)",0.63,g
340780b6-daa4-49a9-b160-2682a822c78f,OSR114,UK-17-045,"Oil, sunflower",1,tsp
340c8af5-387b-4250-a3a3-1d3c56b814bb,ASC387,UK-17-367,Salt,0.25,tsp
34125338-0e0b-473d-a484-bdf36f06b0b9,BFP208,J001,"Button mushroom, fresh (Agaricus sp.)",40,g
341c18a4-3dfc-423c-bdbb-0efc55d28a2f,ASC012,UK-17-377,"Water, distilled",16.5,tbsp
3420cadc-0d40-4cab-a3e8-579ec049d9e4,ASC149,G017,"Onion, big (Allium cepa)",20,g
342df435-38ea-4b3a-a423-660f273074fb,BFP040,B003,"Black gram, dal (Phaseolus mungo)",5,g
34307159-2fe9-43b7-87b4-0d37aac09b3d,BFP075,UK-17-661,"Butter, unsalted",8,g
34307b1e-8a77-4fbd-83dd-c942ac8d1cfa,BFP242,UK-13-829,Garam masala,0.25,tsp
34316269-7fd7-4976-9b52-7e0df3a2a8a4,ASC135,UK-17-721,"Soy sauce, light and dark varieties",1,tsp
34346280-df04-47ca-b6e1-91560eee49c3,BFP233,G017,"Onion, big (Allium cepa)",25,g
343c9051-724f-42cc-8c8c-a122b36bccf9,OSR071,UK-17-661,"Butter, unsalted",1,tsp
343dd6de-c99e-41d1-9ea2-6d887209fe18,BFP150,B001,"Bengal gram, dal (Cicer arietinum)",1,tsp
3441ee3e-aca5-4370-b4be-0fcd15efc956,ASC046,UK-17-045,"Oil, sunflower",240,ml
34464a8a-dc42-4f28-a711-4ad29f81ef5d,ASC153,UK-13-829,Garam masala,0.125,tsp
344cd301-2ee8-4228-8b2f-d1d38c5cf963,BFP154,UK-11-716,"Pasta, white, dried, raw",40,g
3453f71f-fc77-45b0-aacd-b3ca1188af66,ASC237,UK-13-874,"Cinnamon, ground",1.25,g
34551083-d39b-4d4d-8d58-2a991133ab7d,ASC033,UK-17-367,Salt,0.25,tsp
345a6e32-fbd7-4b41-a4b6-33d44d80e6ff,OSR066,G016,Mint leaves (Mentha spicata ),1,sprig
346851c7-88bb-49fa-9ac0-01f0e8274734,BFP030,UK-17-367,Salt,0.5,tsp
3469a29e-4792-4b1c-b14f-4414ec6db4f5,ASC202,D075,"Tomato, ripe, hybrid (Solanum lycopersicum)",50,g
3470cf0c-04a3-48dd-ba2f-b6a8c35ba77c,BFP179,B001,"Bengal gram, dal (Cicer arietinum)",5,g
347f944b-0aa4-47ac-8152-bb7fd6e7f6ad,BFP300,G031,"Pepper, black (Piper nigrum)",0.25,tsp
348b4a8f-51b6-4ccb-9cab-a5c656a645a1,ASC431,A018,"Wheat flour, refined (Triticum aestivum)",50,g
3492ab2f-50c5-4fe3-b7f5-689bb2104d3d,ASC299,H018,Pistachio nuts (Pistacla vera),0.4,g
34ab8dd9-d364-407b-841e-0f0698270b82,ASC180,D036,Cauliflower (Brassica oleracea var. botrytis),100,g
34ac7618-5ca0-46ea-bd0e-90b865ad24bf,BFP604,UK-17-367,Salt,0.5,tsp
34ad03e5-5483-48cc-82a8-6c8ecf24069d,BFP302,C015,"Cabbage, green (Brassica oleracea var. capitata f. alba)",30,g
34ada5f5-dd97-41aa-bb99-a922e0956ec7,ASC212,UK-17-661,"Butter, unsalted",1,tbsp
34afe279-3207-4998-942f-73a34ba1a776,ASC227,D075,"Tomato, ripe, hybrid (Solanum lycopersicum)",30,g
34b83c28-388b-4bb6-b404-0e4732f13fd4,ASC075,L002,"Milk, whole, Cow",1,C
34c82c2a-4add-415a-9306-d53f54e4dd46,BFP604,G033,Turmeric powder (Curcuma domestica),0.125,tsp
34d636f6-b9a4-412b-8eb5-aed76bec26d3,ASC139,G014,"Ginger, fresh (Zingiber officinale)",10,g
34e01d8f-2216-480a-8fe0-ef110d54d964,ASC159,B004,"Black gram, whole (Phaseolus mungo)",30,g
34ede498-e493-458c-a3fa-7ee95273485f,OSR103,G025,Cumin seeds (Cuminum cyminum),0.5,tsp
34f6313e-ee12-4994-94cb-972e5f789095,ASC123,D050,"French beans, hybrid (Phaseolus vulgaris)",50,g
34fa0a28-8ca8-4b94-895e-b71ac09cb628,ASC358,UK-13-873,Chilli powder,0.125,tsp
34fbd395-3081-41b1-96e7-57edc72e69a2,BFP203,UK-17-339,Vinegar,0.5,tbsp
35058f6a-f243-4f3c-8f8e-5938c328b1a3,OSR065,G014,"Ginger, fresh (Zingiber officinale)",1,tsp
3507c42f-f69c-42d6-968f-54416c766b98,ASC031,UK-12-527,"Cheese, processed, plain",30,g
350ea729-6f89-4ed3-b2bb-4b100c139026,ASC203,UK-17-045,"Oil, sunflower",480,ml
35112faf-d0c7-4361-b20e-5625b04803fc,ASC426,L002,"Milk, whole, Cow",2,tsp
35169691-c528-4b2a-b3eb-f463325388e9,ASC121,UK-13-806,"Bay leaf, dried",0.4,g
351f36df-2fd3-4a76-b2c4-59a035fa7236,BFP263,G025,Cumin seeds (Cuminum cyminum),0.25,tsp
351fba14-a52e-4919-9d59-bb88d12c104e,ASC234,G025,Cumin seeds (Cuminum cyminum),0.5,tsp
3529ad79-af7b-4ba8-9dd1-310c58896e7d,ASC494,E047,"Orange, pulp (Citrus aurantium)",1000,g
35330550-6254-47cf-a4d9-36b46b120f19,BFP598,UK-17-339,Vinegar,30,ml
3537ee89-2734-4200-8b81-4413f35ae922,OSR125,UK-17-355,Baking powder,0.25,tsp
353fd58d-c1fa-4fe7-bd22-6a603b169cde,BFP566,G017,"Onion, big (Allium cepa)",10,g
35427c5c-5c31-4c3a-a398-28714074499d,BFP250,UK-12-332,"Cream, fresh, single",1,tbsp
354f8348-0ce5-4ca0-8841-363b807dfe54,ASC337,UK-17-640,"Ghee, butter",1,tsp
35571f88-898b-441c-9c82-3740d1a984a1,ASC089,UK-17-719,Chilli sauce,0.25,tsp
35596818-de1b-4350-b75e-84a17c0597bb,ASC246,UK-13-873,Chilli powder,0.25,tsp
3563da25-0cee-42b8-a3c7-f966d6bca1e0,OSR108,G025,Cumin seeds (Cuminum cyminum),0.75,tsp
35757080-e5fe-48ec-b38e-709b044823e7,BFP170,UK-17-367,Salt,0.5,tsp
3575c898-0d7d-4c5f-90fa-10fe89c14daf,ASC504,UK-17-377,"Water, distilled",750,ml
3576068e-2b17-4988-bb74-97eb9f78a8fc,OSR124,UK-17-367,Salt,0.1,tsp
3579e7fe-3a58-492a-8564-333c59ffae9e,OSR118,H006,"Coconut, kernal, dry (Cocos nucifera)",20,g
357b919f-36fe-4215-a506-1da4d162ed7f,BFP289,M001,"Egg, poultry, whole, raw",12.5,g
357dcd58-6362-47bd-a7ac-270632b3a045,ASC200,G033,Turmeric powder (Curcuma domestica),0.25,tsp
357f7bca-37e1-481a-8108-5cc14abd7cd8,BFP090,G010,Curry leaves (Murraya koenigii),1,sprig
35809700-cbf1-4631-bb43-6d048399e9b6,BFP231,UK-17-661,"Butter, unsalted",1,tsp
3582b105-b80d-4884-8992-43543dfd31f4,BFP115,UK-17-367,Salt,0.25,tsp
35a8502f-c18c-47ca-82c0-921c409c9766,BFP204,UK-17-045,"Oil, sunflower",15,g
35ae24bf-332f-400b-aedd-4051cbbc9fee,BFP389,ANN-ING-0036,REETHA,0.08,nos
35af6dd1-5f95-4594-97c2-a2bcc18d3aef,BFP491,US-851134,"MIXED NUTS CASHEWS, ALMONDS, HAZELNUTS, PISTACHIOS, PECANS, MIXED NUTS",25,g
35b01e6d-3774-4e0e-a395-fd7b71c82427,BFP382,E033,"Lemon, juice (Citrus limon)",2,tbsp
35b19823-2357-4222-8133-e0a78597422a,OSR063,A018,"Wheat flour, refined (Triticum aestivum)",4,tbsp
35c28ba9-547a-48ef-a385-82d8ac6b9ec4,BFP467,UK-12-527,"Cheese, processed, plain",30,g
35c81c0a-542e-4b5b-a0c7-de634250e0aa,ASC207,L003,Paneer,25,g
35cc0e86-bffc-48e0-a527-1640829e4e12,BFP392,UK-17-377,"Water, distilled",2,tbsp
35cebf9e-8e69-4b82-9f48-6c22f3bf66b5,BFP087,UK-17-726,"Stock cubes, chicken",240,ml
35d2c47e-4975-4457-b000-8794ad38d5bf,ASC216,UK-13-873,Chilli powder,0.25,tsp
35dfeb56-c686-40e3-8d3f-c9104d15c918,ASC352,UK-17-367,Salt,0.25,tsp
35e10bca-fa47-4261-b4f1-bd9c2241f995,BFP090,G014,"Ginger, fresh (Zingiber officinale)",5,g
35e4459d-1561-435b-a28b-d995814a64aa,ASC006,UK-17-063,"Sugar, white",4,tbsp
35e938b0-bc1f-4b71-be09-3a46af1c4432,ASC355,UK-13-829,Garam masala,0.125,tsp
35eeb331-1acb-493e-9409-a1cc0492d331,BFP161,G031,"Pepper, black (Piper nigrum)",0.125,tsp
35eef2f1-ee9b-4c80-ba51-aedbf7664f2a,OSR114,I001,"Jaggery, cane (Saccharum officinarum)",3.5,tbsp
35fc865b-4554-4908-9c78-ebad9c5b9bf0,ASC326,H001,Almond (Prunus amygdalus),10,g
360701e7-0978-4578-b558-838a3dee956e,ASC245,N003,"Chicken, poultry, breast, skinless",250,g
36096401-4935-455e-bdd3-6d1838f348f3,ASC342,L002,"Milk, whole, Cow",2,tsp
360d64ee-6ef1-4b71-8218-f83580f040f4,ASC074,UK-12-527,"Cheese, processed, plain",120,g
361040b3-e5a3-402f-83d5-2f1dff5c898b,BFP262,G031,"Pepper, black (Piper nigrum)",0.25,tsp
3612487f-b652-4baf-a3a5-509bfa84bdba,BFP425,UK-13-829,Garam masala,0.17,tsp
362523b9-cbf7-409f-a5b2-6990a8a92009,ASC217,C033,Spinach (Spinacia oleracea),50,g
362850a3-866c-42da-b496-2134c9177690,ASC399,UK-14-286,"Pineapple juice, unsweetened",150,ml
36325eec-149c-4528-96f9-3a43fcef7aef,ASC403,UK-17-367,Salt,0.25,tsp
3635a03e-691e-419f-ab84-179ca7ac283d,BFP362,E022,"Grapes, seeded, round, black (Vitis vinifera)",8,g
363f65fd-9187-4602-a95b-6a41d35868b7,BFP263,F004,Colocasia (Colocasia esculenta),100,g
36478760-c364-422a-8204-c13e20b553a0,BFP178,UK-13-873,Chilli powder,0.125,tsp
364fcb10-9be0-4ed6-ada9-2739577724ab,ASC494,UK-17-063,"Sugar, white",1500,g
36556357-3f8d-4d55-a016-7df3599662aa,ASC420,A018,"Wheat flour, refined (Triticum aestivum)",55,g
3659f0cc-dcc6-420b-89c2-cc94ced81445,ASC338,UK-12-545,Cocoa powder,1.5,tsp
365aab93-df53-49b5-8e2a-7032b0117c21,OSR108,UK-13-827,Fennel seeds,0.1,tsp
365fdcf8-0dad-44fb-b0c9-3d28325d0cd1,ASC029,UK-17-362,Mustard powder,0.25,tsp
3664251c-4856-4209-8d9c-f5f3b297850f,ASC341,UK-13-852,Saffron,0.0075,g
366cf28e-5d56-4aa6-a99d-986d288e277a,BFP448,G010,Curry leaves (Murraya koenigii),1,sprig
366f4d21-cce5-47cf-bef1-4a721e6e9ada,BFP190,G021,"Cardamom, black (Elettaria cardamomum)",0.125,tsp
36749fd8-656b-4672-82cb-6616a20f16f5,ASC160,UK-13-873,Chilli powder,0.25,tsp
3677c6f7-7737-43c4-8b6c-09e445aa45e6,ASC509,UK-14-249,"Redcurrants, raw",166.67,g
367e00d8-2e90-46ed-acf9-32edbb7fee1b,BFP178,G021,"Cardamom, black (Elettaria cardamomum)",0.125,tsp
368429b1-4153-488b-ac41-27b89edb25b3,ASC088,UK-17-367,Salt,0.5,tsp
368456e4-5e89-4c74-a1d5-14cd08a08188,ASC125,UK-17-377,"Water, distilled",160,g
36859196-1cea-42cf-98f9-62eca3793a0c,OSR108,US-806241,HIMALAYAN BLACK SALT,0.1,tsp
3691d6ae-53f8-45ff-8bc8-246bbde6554d,ASC190,UK-13-829,Garam masala,0.25,tsp
369bb564-0c14-4dcf-9370-957be216fa13,ASC240,G024,Coriander seeds (Coriandrum sativum),0.25,tsp
369e7d56-8e1f-472e-aac6-21ebb3e5da82,ASC359,UK-13-873,Chilli powder,0.125,tsp
369f3c5c-1103-4bfa-9097-efc9ee4e84d4,ASC130,A018,"Wheat flour, refined (Triticum aestivum)",1,tsp
369f76b0-d6e2-4c15-8b20-09b676b8a507,BFP185,G024,Coriander seeds (Coriandrum sativum),0.25,tsp
36ac9bde-e9aa-4e81-9b00-0e4ef8a5a0a7,ASC437,UK-17-063,"Sugar, white",450,g
36aeb329-2fc7-496f-b0b9-ce0b2c25dfe4,ASC156,UK-17-045,"Oil, sunflower",2,tsp
36c16eb3-9af4-4039-b16b-9c9ad2c52e82,BFP079,UK-17-727,"Stock cubes, vegetable",240,ml
36c900bc-a5f2-4cfc-b5e2-14065069cf46,ASC228,G023,Cloves (Syzygium aromaticum),0.5,tsp
36ca3cad-2e86-410c-bb59-774df2d5955b,BFP579,UK-17-367,Salt,0.25,tsp
36ca5dac-79ba-41d2-b3cd-f004b3439b58,ASC383,D037,Celery stalk (Apium graveolens),5,g
36cc3640-b07d-456b-9787-aeb5700e84e4,ASC295,UK-17-063,"Sugar, white",40,g
36cfb7f9-deca-4376-ae14-e412ea5562c3,OSR114,G008,"Chillies, green - all varieties (Capsicum annum)",3.33,g
36d5620e-fc77-4796-b287-7a2881c75ffd,ASC377,UK-11-1145,"Bread, white, average",30,g
36d8ea24-429c-4c1f-8bc6-dd8f657b73ac,ASC418,UK-17-062,"Sugar, icing",55,g
36dc00b9-b959-4faa-bd52-f7ef279c8ee0,BFP447,UK-17-063,"Sugar, white",10,g
36de6fe2-3baa-4eb4-b053-540ccb658c84,OSR079,H017,Pine seed (Pinus sp.),28.35,g
36e41ab1-b513-4549-a94b-cdca4b2db8a8,ASC307,UK-11-1045,"Flour, corn",1,tsp
36e83f36-9919-4358-a0b1-24dda9f5a4e7,BFP325,UK-12-184,"Yogurt, whole milk, plain",100,g
36eecb98-02d6-4f0f-a086-a484e2b004f2,ASC111,UK-13-873,Chilli powder,0.25,tsp
36f87d66-d14a-4921-919d-3234cc6c5075,BFP108,G025,Cumin seeds (Cuminum cyminum),0.25,tsp
37036981-7308-498c-a798-370ebc1a7a8d,BFP442,G012,"Garlic, small clove (Allium sativum)",0.63,g
370a6b3a-589e-42b0-8645-e807bb196043,BFP079,A014,"Rice, parboiled, milled (Oryza sativa )",10,g
37145d91-d722-4f67-9aff-a5f61b03b53a,ASC311,M001,"Egg, poultry, whole, raw",50,g
3714abc3-1dc8-434b-b777-5c03552a315c,OSR151,A014,"Rice, parboiled, milled (Oryza sativa )",80,g
371c1258-910a-42b4-a7a6-a31eb6a2ee0e,ASC330,UK-11-1138,Custard powder,1,tsp
37207718-5006-4e7f-84f9-b0ca54aa9380,OSR075,G017,"Onion, big (Allium cepa)",15,g
37228155-70fa-4fc6-94e9-f5619da72765,ASC357,UK-17-045,"Oil, sunflower",480,ml
3725e55d-b34e-47a2-9834-4fd0da376731,BFP229,G008,"Chillies, green - all varieties (Capsicum annum)",5,g
3725ef21-fd5b-4de4-985b-44397a81dd6a,ASC162,G009,Coriander leaves (Coriandrum sativum),1,sprig
372a8e96-8101-4d9e-b84a-5be706cafd2e,ASC010,UK-17-367,Salt,1.5,tsp
372db89a-e33a-4d74-b744-4462012dcf46,BFP042,UK-17-367,Salt,0.25,tsp
3734e9d1-59f8-49bc-b741-834caf37797d,ASC179,H013,Mustard seeds (Brassica nigra),0.25,tsp
3735ad35-97d6-4409-b4bd-65db3cdfc224,BFP338,L002,"Milk, whole, Cow",200,ml
373d04ad-80d4-4617-961c-55acd4d00403,ASC165,UK-17-045,"Oil, sunflower",1.5,tsp
3741070b-302f-4fa8-8311-7fa5e0b15b11,ASC362,UK-17-045,"Oil, sunflower",12,g
37415aa4-6736-4e9f-9938-b354c867e4b8,BFP306,F002,"Carrot, orange (Daucus carota)",50,g
3744225a-f68a-4a61-b589-cdc9a56f8cbc,ASC381,G008,"Chillies, green - all varieties (Capsicum annum)",1.67,g
374ccd84-d774-4b3e-a2c0-8b4f048da587,BFP476,UK-17-062,"Sugar, icing",50,g
374dbd73-f15d-45c0-b911-f971f1e659b4,ASC118,G025,Cumin seeds (Cuminum cyminum),0.25,tsp
375a295b-b26c-4fc6-b072-c1ece9a9cffa,OSR152,G033,Turmeric powder (Curcuma domestica),0.1,tsp
375c0fe7-2709-463b-b0f8-d84fced79983,OSR115,G033,Turmeric powder (Curcuma domestica),0.25,tsp
37656595-67d7-4d6e-945a-96a159df18fb,BFP457,UK-17-367,Salt,0.125,tsp
376b8e7e-3f5d-4379-9837-a2766e08fc87,ASC257,D050,"French beans, hybrid (Phaseolus vulgaris)",25,g
3773460a-e73e-453b-ab49-ddf8dd2412c1,ASC036,UK-17-654,"Mayonnaise, standard, retail",1,tbsp
3774450f-3ac7-44ea-8674-a6bccbc4cbac,BFP127,UK-17-661,"Butter, unsalted",1,tsp
378c5d3c-0d81-454c-820d-8a74c6044204,BFP276,UK-13-873,Chilli powder,0.125,tsp
378f78bb-9015-45e8-aedb-d50a35b43bd3,ASC260,C025,Lettuce (Lactuca sativa),48,g
37923833-39ef-4b7b-a669-eb322ecd5a53,OSR138,UK-17-367,Salt,0.5,tsp
37a0fc28-9a56-4f49-b889-4e219c2ee148,ASC168,C033,Spinach (Spinacia oleracea),20,g
37a51066-6d6b-4022-8854-ecab6f64c33d,BFP482,US-173471,Vanilla extract,0.5,tsp
37b107a5-b36d-4eaa-93e6-cfe460c5a0fe,OSR080,UK-17-367,Salt,0.5,tsp
37b663b6-a9c5-4ba2-af30-ae3f6b51f016,ASC262,F006,"Potato, brown skin, big (Solanum tuberosum)",100,g
37b7c66b-23a3-4f4c-9db2-9a1cd4297369,BFP510,UK-17-355,Baking powder,0.17,tsp
37c26514-de4e-401c-bad5-207715fcf4dd,BFP210,UK-17-377,"Water, distilled",0.5,C
37c6b56d-48ad-49f7-9d31-26a170851662,BFP220,D033,"Capsicum, green (Capsicum annuum)",30,g
37d43f52-d7c0-45de-94a1-aeaaf6b1334d,OSR018,US-173471,Vanilla extract,1,tsp
37da634d-986b-4072-ad7d-b1eafdfcb9c5,BFP578,H012,Ground nut (Arachis hypogea),10,g
37daf163-fe13-4e84-b8b1-18b13ec800d8,ASC466,UK-17-063,"Sugar, white",30,g
37db14aa-b016-43c4-a0ac-938734470d58,ASC367,M001,"Egg, poultry, whole, raw",12.5,g
37e03fb8-6fea-4d58-87f7-025e968dc589,BFP492,UK-17-062,"Sugar, icing",55,g
37e9149d-a1a5-4d6a-af1b-ac6dc968c5e0,BFP453,D033,"Capsicum, green (Capsicum annuum)",10,g
37e9680f-8323-4162-b345-7bcf564ca26f,BFP430,UK-17-045,"Oil, sunflower",240,ml
37ecf77b-ec61-4a98-ab4e-9eb8b566e2a7,BFP539,A018,"Wheat flour, refined (Triticum aestivum)",37.5,g
37f77c61-796a-4756-9c13-28faf8fd1f98,ASC490,B013,Lentil dal (Lens culinaris),10,g
37f99aa5-7639-4669-bb56-ab64da6ce2f9,BFP217,UK-17-045,"Oil, sunflower",1.5,tsp
37fe0163-6163-418e-b782-c69451335a3f,BFP197,D075,"Tomato, ripe, hybrid (Solanum lycopersicum)",60,g
37ff2b2a-8057-4a5c-ad43-c72fb5b1cc45,ASC186,D033,"Capsicum, green (Capsicum annuum)",100,g
38025c27-8dd8-4767-84bd-0f16ef8cb8e5,ASC335,L004,Khoa,100,g
380baff4-4a8f-4c81-be04-29ac12ce3d57,ASC118,G017,"Onion, big (Allium cepa)",50,g
3811c5e8-e683-4511-b843-59601eeadc8e,BFP118,G008,"Chillies, green - all varieties (Capsicum annum)",1.67,g
3815d3e1-2d31-4e76-8251-5e830a19bcf5,BFP076,UK-17-661,"Butter, unsalted",5,g
3818341e-76f3-4e51-810b-8ed1ea4dc906,ASC246,S006,Rohu (Labeo rohita),100,g
381ff932-f4b1-4cf3-b115-0a4a97b5738b,BFP263,G033,Turmeric powder (Curcuma domestica),0.25,tsp
3820f4c0-cc62-4389-9d22-0fc5dba0ec67,OSR074,D075,"Tomato, ripe, hybrid (Solanum lycopersicum)",50,g
38252f4e-72c1-4644-bde0-f9363171d95b,ASC442,M001,"Egg, poultry, whole, raw",12.5,g
382b82c6-714e-47e8-9447-55f3fbd2fbcc,ASC513,US-172237,"Vinegar, distilled",1,tsp
38319233-dea6-4a73-8f95-a0ca51216250,ASC135,UK-11-716,"Pasta, white, dried, raw",50,g
383ab393-2974-4c02-82d4-277c6074d38d,ASC239,G031,"Pepper, black (Piper nigrum)",0.125,tsp
3843514e-287d-4bd0-9f55-9fb183878f5a,BFP320,G025,Cumin seeds (Cuminum cyminum),0.33,tsp
38504216-a2e6-4195-986b-2b35c31c4c5a,BFP439,G009,Coriander leaves (Coriandrum sativum),1,sprig
385126ce-5e3a-415d-8959-e6d0606772fc,BFP489,UK-17-661,"Butter, unsalted",55,g
385144ef-b9f3-488f-b622-7c2225ea6c2a,ASC412,G017,"Onion, big (Allium cepa)",15,g
3853e1ba-5c99-44a0-9c05-3c97aa40e24d,BFP229,G014,"Ginger, fresh (Zingiber officinale)",10,g
3858d226-6eab-422c-95aa-ea553619edda,BFP511,ANN-ING-0045,ALMONDS ESSENCE,0.5,tsp
386dfe3e-553e-488c-9d4a-1081abb01284,BFP460,G019,Asafoetida (Ferula assa-foetida),0.25,tsp
386e466a-6a4b-4d13-a243-d691d645df64,OSR073,G017,"Onion, big (Allium cepa)",100,g
386fef05-00db-48ea-957b-1cf6c40c2ac0,BFP413,I001,"Jaggery, cane (Saccharum officinarum)",60,g
38743fbb-deab-4a5e-8ed4-e1ddb533d02e,BFP362,UK-17-377,"Water, distilled",60,ml
38777f3b-23c3-48c7-8207-5b5503592953,BFP170,G014,"Ginger, fresh (Zingiber officinale)",5,g
38786969-1937-44ba-8ff0-20f3365f4328,BFP531,UK-17-367,Salt,0.25,tsp
3893444e-6d16-48ed-a096-885e6b8c348b,ASC137,UK-11-1045,"Flour, corn",0.25,tsp
3894b41b-af2b-4d32-9754-20820ff5f947,BFP529,E057,"Raisins, dried, black (Vitis vinifera)",1.32,g
38963ee3-12d2-4907-ab66-ad117b50a853,ASC345,UK-17-377,"Water, distilled",2,tbsp
38ab085f-adaa-4128-965c-b4b8763f28ba,ASC213,UK-17-367,Salt,0.5,tsp
38b02ee7-676e-4675-a740-6072b36cc2f4,BFP007,UK-17-171,"Tea, green, infusion",3,g
38b3625d-f0d1-42e6-9d0c-15d735373718,ASC209,UK-11-1145,"Bread, white, average",1,tbsp
38b3f707-2a66-4da7-bbac-4a00ab55e0da,ASC218,UK-13-829,Garam masala,0.25,tsp
38b4b17f-a13f-49f2-9a7e-2828538645e3,ASC092,N003,"Chicken, poultry, breast, skinless",40,g
38b4c25a-6067-463a-9950-722fb9117c8e,ASC379,G008,"Chillies, green - all varieties (Capsicum annum)",1.67,g
38c463b0-c73d-453a-bb1a-0298078759cd,BFP171,D075,"Tomato, ripe, hybrid (Solanum lycopersicum)",20,g
38c9fb4a-51c5-4165-8694-5c3814dcb806,ASC133,D075,"Tomato, ripe, hybrid (Solanum lycopersicum)",50,g
38cd2121-e962-4789-ba6f-9db0f8f2abd0,ASC380,A018,"Wheat flour, refined (Triticum aestivum)",1,tsp
38d3f017-1de8-401c-ba45-5a84bded5f38,ASC144,A014,"Rice, parboiled, milled (Oryza sativa )",60,g
38d5bda4-0ed4-4bc5-b73b-96df0919cdeb,ASC470,H012,Ground nut (Arachis hypogea),20,g
38daf99c-b6ea-48f8-bdd1-a0de5975d301,OSR145,UK-13-873,Chilli powder,1,tsp
38dbe71e-a846-4b22-b000-d22c966c9df0,ASC509,G014,"Ginger, fresh (Zingiber officinale)",30,g
38ddc732-f10e-4db2-b975-358403050d9d,BFP545,UK-17-367,Salt,0.25,tsp
38ed7c91-fac0-45dc-9852-aac0fe9bac40,ASC216,C033,Spinach (Spinacia oleracea),50,g
38edeb89-94f0-4de2-9e24-c5ed8632b047,BFP157,G017,"Onion, big (Allium cepa)",20,g
38f1154c-9eed-4bf4-ba18-dc6d005bc64f,ASC100,UK-17-377,"Water, distilled",4,tbsp
38f1e75d-596a-4425-ae69-0cf6ab603511,BFP284,M001,"Egg, poultry, whole, raw",50,g
38f38c62-7d4c-4c69-8ed8-bca6ac2800e0,ASC346,UK-17-063,"Sugar, white",25,g
38f3e0da-fc0b-48e9-8c12-81d912a7ac2b,ASC106,UK-17-377,"Water, distilled",4,tbsp
3901e5a8-122d-4daf-be11-dd7f253dbfa3,BFP421,UK-17-045,"Oil, sunflower",240,ml
3902cd95-bba8-4d17-870c-4bce905372b4,OSR104,A005,Jowar (Sorghum vulgare),40,g
3904a50a-e992-402f-9804-ca8e6c119424,BFP512,UK-17-377,"Water, distilled",1,tsp
39084194-19e8-4c24-9f32-f741c14ffd6e,OSR064,G012,"Garlic, small clove (Allium sativum)",0.5,tbsp
390c906e-a223-4c32-a52e-5e21c1d4edf2,ASC220,UK-12-184,"Yogurt, whole milk, plain",100,g
390e470d-5adb-42fb-973a-6b3c8b724801,BFP234,L002,"Milk, whole, Cow",120,ml
39139ed1-c3b5-4bda-a35d-f9d263b4ac48,BFP066,F002,"Carrot, orange (Daucus carota)",10,g
39151449-4caa-4101-97ca-61ef0b055005,ASC426,ANN-ING-0005,Red colour,0.25,tsp
391ac2f7-454e-412b-b0b7-0b9b0344a15b,ASC335,UK-17-062,"Sugar, icing",35,g
391cba64-f82f-4b98-bc8e-1466f0054a48,ASC046,UK-11-1045,"Flour, corn",5,g
3924d853-beda-4600-a03c-6a084dbbeb3d,BFP171,UK-17-640,"Ghee, butter",5,g
3925ad31-02de-40a6-a0d6-2c3ca10767d6,BFP334,UK-17-063,"Sugar, white",15,g
3926b6da-ee70-4c94-932f-44b58c2ccb4c,BFP062,UK-17-661,"Butter, unsalted",5,g
3928a602-6cdd-4c87-a951-af886044fa29,OSR144,UK-13-806,"Bay leaf, dried",1.2,g
39291c72-fb00-4d59-98ed-c430d82acc53,ASC208,F006,"Potato, brown skin, big (Solanum tuberosum)",50,g
392cc16b-c39d-4ecd-b807-9ba032a3be3f,BFP420,UK-17-377,"Water, distilled",45,ml
392e29f1-763c-40b7-abdc-4fff04b8c5aa,OSR001,UK-17-377,"Water, distilled",1300,ml
39327aa7-418c-4b41-8330-b33166c4aeac,BFP206,G033,Turmeric powder (Curcuma domestica),0.25,tsp
3932e947-f68d-49ab-b726-bcb288c6ce4a,ASC264,UK-13-352,"Spring onions, bulbs and tops, raw",25,g
39335eb7-7fc0-49d1-9280-c2f77455adc2,BFP232,P057,"Pomfret, white (Pampus argenteus)",125,g
393495b2-c706-426a-abf7-05be3dac18c6,ASC116,UK-13-806,"Bay leaf, dried",0.4,g
39402382-dd01-4664-9d9a-211ea2e45cbd,ASC091,G017,"Onion, big (Allium cepa)",80,g
3940c51f-df71-46ca-ad16-92554a210104,BFP325,E053,Pineapple (Ananas comosus),50,g
39439d07-2c81-45f7-8189-99b997bfa548,ASC222,UK-17-367,Salt,0.5,tsp
3949c7fb-4927-4333-8735-e3a08f1ea33f,BFP246,UK-17-367,Salt,0.17,tsp
394d5b48-a197-447d-b39f-cb92be3312d2,BFP042,G009,Coriander leaves (Coriandrum sativum),1,sprig
3955c818-f29a-4c82-b59f-31a49d4a9858,ASC328,M001,"Egg, poultry, whole, raw",25,g
395c4ae2-8e6b-4f2b-a9df-aa1fe23affae,BFP453,UK-17-367,Salt,0.17,tsp
3964ca34-81c8-4dad-9411-e144ac38573d,BFP329,E014,"Cherries, red (Prunus cerasus)",7.5,g
39686171-b085-4b5e-bed7-f8457471de7e,ASC293,H001,Almond (Prunus amygdalus),2.8,g
396d72c6-dad7-4813-a7cf-e431659b77d8,ASC210,UK-11-1045,"Flour, corn",0.25,tsp
396de6d8-2ac4-4ef8-b158-05fa7e9e409a,ASC377,UK-17-367,Salt,0.5,tsp
3975fd21-51c2-4982-8efc-3246b5a34b73,BFP373,UK-17-062,"Sugar, icing",50,g
3977731b-4a20-402e-81d7-5c04fbbaf603,BFP507,UK-17-158,"Coffee, powder, instant",0.5,tsp
398cbd8d-f5c5-4891-b858-898c194aba53,ASC229,UK-13-829,Garam masala,0.25,tsp
398fde7f-3c72-44b9-9457-d610c624ae69,ASC334,US-173471,Vanilla extract,0.5,tsp
39a0798c-1d01-47c8-9063-7356389411e7,ASC376,US-461985,MUSTARD SAUCE,1,tbsp
39a5d6f2-a0df-40aa-b7ac-4669187f1a58,ASC007,UK-17-377,"Water, distilled",1,C
39ad8592-67b0-449f-acc2-71a61bf9fd60,BFP138,G021,"Cardamom, black (Elettaria cardamomum)",0.25,tsp
39b6246a-7822-4552-9bb2-c254abf15fc5,ASC394,UK-17-661,"Butter, unsalted",30,g
39b74647-69a4-41c4-8e4d-7e569fd5bf75,ASC325,UK-17-661,"Butter, unsalted",1,tsp
39bbb2f2-fec8-4bf6-aa9d-aba9a723f486,ASC018,L002,"Milk, whole, Cow",0.75,C
39caf8b3-7173-4b57-a67a-fc0d4f661e38,OSR099,G025,Cumin seeds (Cuminum cyminum),1,tsp
39cf6f9c-10f1-42e6-ada6-e0c2bcec2730,ASC440,A018,"Wheat flour, refined (Triticum aestivum)",50,g
39d1efa0-ec7c-4546-86cf-f87fd91abf48,BFP485,UK-11-1045,"Flour, corn",1,tsp
39d5db31-2fcd-42ca-a584-ed07601ef49b,BFP194,UK-13-829,Garam masala,0.125,tsp
39dff88e-15f1-48a4-954a-f1467bc03040,BFP602,UK-13-873,Chilli powder,0.5,tsp
39e40561-c268-40f4-b822-ca6530e8deca,BFP506,UK-13-874,"Cinnamon, ground",0.17,tsp
39e703c4-0945-459a-9026-17e109b11881,ASC448,UK-17-640,"Ghee, butter",20,g
39f0f561-9309-4000-8585-166511af1bb7,ASC229,G021,"Cardamom, black (Elettaria cardamomum)",0.25,tsp
39fec9ba-8b26-4cb3-b5d3-0a12734639fc,ASC503,E047,"Orange, pulp (Citrus aurantium)",42.5,g
3a04ca38-e8a8-43f3-836e-ae46f43a0617,BFP450,B001,"Bengal gram, dal (Cicer arietinum)",60,g
3a092860-6e16-4544-a2e2-f7eca2f401bd,BFP502,UK-17-062,"Sugar, icing",15,g
3a09635a-ff23-4365-8654-447e820863a1,BFP420,US-806341,AJWAIN SEED WHOLE ORGANIC SPICES,0.125,tsp
3a17b408-fb3a-4f0d-9ed2-f9bf1e0dc528,BFP036,UK-17-063,"Sugar, white",15,g
3a1bfbc1-fce7-447f-a10e-60a342ac0d60,ASC149,G031,"Pepper, black (Piper nigrum)",0.25,tsp
3a1ff8c8-5128-4395-9363-e4d1785f839b,ASC227,G022,"Chillies, red (Capsicum annum)",3.33,g
3a232d65-3d07-449e-a2f8-fba41ddf084b,BFP393,UK-17-377,"Water, distilled",2,tbsp
3a3a1c8b-261e-47f5-a578-b22d3cd7251e,OSR006,UK-17-063,"Sugar, white",3.5,tbsp
3a3d7cec-208e-4a14-812d-502344dc7616,BFP521,A018,"Wheat flour, refined (Triticum aestivum)",60,g
3a4bfa67-ccc9-497e-8aa4-1359a8c4c03e,ASC461,UK-17-045,"Oil, sunflower",2,C
3a50f7af-34a1-49d7-b5f1-0703505eac88,ASC045,C025,Lettuce (Lactuca sativa),24,g
3a53e1eb-c24f-4a07-909a-6eacd772fb07,BFP039,G010,Curry leaves (Murraya koenigii),1,sprig
3a548685-6a19-4042-a9f1-df3f8395f249,ASC126,H013,Mustard seeds (Brassica nigra),0.125,tsp
3a59346f-7846-4ffc-ab4d-aefa2afc11df,ASC395,L002,"Milk, whole, Cow",120,ml
3a5e14fd-51ca-411f-ac9b-256668ddf3f4,OSR089,L002,"Milk, whole, Cow",0.5,C
3a63c853-e784-426b-8a07-38814aafde8a,BFP210,UK-17-045,"Oil, sunflower",240,ml
3a675995-c362-41c8-a416-f75930214894,OSR141,US-172337,"Oil, mustard",3,tbsp
3a6a26da-671f-477e-9924-275b7f6118bf,ASC447,G028,Nutmeg (Myristica fragrans),0.25,tsp
3a6f314b-8c16-45b6-b56d-6b76d40948f3,BFP483,UK-17-062,"Sugar, icing",2,tsp
3a73665c-0dfa-4173-9b57-ba3fd5c78431,ASC206,G033,Turmeric powder (Curcuma domestica),0.25,tsp
3a916ac6-537a-4051-82a9-fe58019409b9,ASC192,G033,Turmeric powder (Curcuma domestica),0.125,tsp
3a992c47-5ce0-4c55-b9cc-97453f8d12b7,ASC193,UK-13-829,Garam masala,0.25,tsp
3a9a303a-3fd2-4243-b3f0-cf8468db932f,ASC219,G025,Cumin seeds (Cuminum cyminum),0.25,tsp
3aa10dcd-ecda-4b31-bc56-6deddf78cc27,BFP280,G017,"Onion, big (Allium cepa)",15,g
3aa45b44-fa16-4a54-9c69-74010354f2bd,BFP172,G014,"Ginger, fresh (Zingiber officinale)",5,g
3aa60823-dce5-42fb-b87f-a068c4fe3267,ASC178,UK-17-367,Salt,0.25,tsp
3abc79ad-0a8b-455c-b592-ec4492deeaad,BFP380,UK-11-1045,"Flour, corn",1,tsp
3abe6c2b-f161-4191-a255-e8261bab02e7,BFP576,B001,"Bengal gram, dal (Cicer arietinum)",25,g
3abf4ea3-f8d5-469c-be55-a53432e26b8c,ASC007,UK-17-377,"Water, distilled",0.5,C
3aca0a66-0f63-4b17-ba1d-17c69aef15c2,ASC025,UK-17-367,Salt,0.25,tsp
3acb9d91-342e-4296-83fe-bed695ff18a4,OSR108,UK-13-873,Chilli powder,0.5,tsp
3adde312-afe2-4776-bee1-003eb38e8d9b,BFP242,G017,"Onion, big (Allium cepa)",30,g
3ae023ba-bc24-422f-9498-803ba5decb6b,ASC509,G017,"Onion, big (Allium cepa)",100,g
3ae300d5-d959-436a-9ab0-36a5f1f46cbf,ASC251,UK-13-873,Chilli powder,0.25,tsp
3ae455d2-3565-4eba-910b-712a7273395a,ASC428,UK-17-062,"Sugar, icing",50,g
3aec8243-e514-476a-a2f8-15a9153b48e5,OSR086,G031,"Pepper, black (Piper nigrum)",0.25,tsp
3aecb8b4-7638-425b-99ba-438df3c0489a,BFP358,UK-12-333,"Cream, fresh, whipping",20,g
3af4db10-fbd4-44c7-9987-cdf93feea3db,OSR033,US-173471,Vanilla extract,1,tsp
3afb8d63-9662-448d-9fb3-9c562df53e70,OSR143,D075,"Tomato, ripe, hybrid (Solanum lycopersicum)",180,g
3aff1eb3-ffab-466e-aba8-bccf3a464af0,BFP363,UK-12-333,"Cream, fresh, whipping",45,g
3b10e4f6-5fee-4a16-b8f4-611dc89326ef,BFP273,UK-17-367,Salt,0.5,tsp
3b178954-8354-4731-8ba5-c8ae9f39f047,ASC006,UK-17-377,"Water, distilled",0.5,C
3b1da1a8-7975-4884-9bde-73bd8a69c3db,BFP154,UK-17-377,"Water, distilled",1,tbsp
3b20862a-781d-4e25-be44-42d83d60563b,ASC246,G014,"Ginger, fresh (Zingiber officinale)",3.17,g
3b23f3f5-73b3-49c2-bd09-f7f3ef8ee20d,ASC331,E001,"Apple, big (Malus domestica)",250,g
3b295f8e-0bdf-40cd-bb33-75abda55e791,ASC400,UK-11-1045,"Flour, corn",2,tsp
3b2a4952-0f13-4534-b3ea-4302f677549f,BFP492,UK-17-062,"Sugar, icing",1,tsp
3b2d33a6-c39f-47e9-85c8-3ff34cec32b8,BFP452,G014,"Ginger, fresh (Zingiber officinale)",5,g
3b31ad33-c18d-45cf-8c2b-a312a813b175,BFP190,G017,"Onion, big (Allium cepa)",30,g
3b354e10-e711-4c4e-bf58-008cd4c634cb,BFP348,UK-17-360,Gelatine,0.25,tsp
3b3a08ca-30e3-48e6-96fe-741efc954230,ASC365,UK-17-045,"Oil, sunflower",1.5,tbsp
3b41216e-2ccc-4675-9200-511ee88a7e2c,BFP258,G025,Cumin seeds (Cuminum cyminum),0.25,tsp
3b44bf6d-2e7c-4801-afa2-7dbd1092d735,ASC395,A018,"Wheat flour, refined (Triticum aestivum)",60,g
3b477c73-eaf1-4100-9289-386b6d5c69aa,OSR118,H006,"Coconut, kernal, dry (Cocos nucifera)",2,tbsp
3b47e3be-e933-49f1-9a57-f1eb628ff3db,OSR146,C015,"Cabbage, green (Brassica oleracea var. capitata f. alba)",44.5,g
3b4b13f9-e599-4e78-99fe-28f3af8c460f,ASC211,UK-17-367,Salt,0.5,tsp
3b58ab47-d3f1-49b9-bfc0-89ee28537a18,ASC001,UK-17-063,"Sugar, white",2,tsp
3b5c53be-3cdd-4c13-a39b-18a734bdd0d0,ASC089,C015,"Cabbage, green (Brassica oleracea var. capitata f. alba)",20,g
3b63e4c9-6b0f-4d52-8d39-0512f7a3742a,OSR065,N003,"Chicken, poultry, breast, skinless",250,g
3b64a83f-3b7c-4841-bdca-9d56158525e6,ASC199,G033,Turmeric powder (Curcuma domestica),0.25,tsp
3b73b163-cc86-440e-aaca-5039cd1e5c79,BFP352,UK-17-661,"Butter, unsalted",5,g
3b797774-dc45-4208-802b-bf654185d6ca,ASC294,UK-17-640,"Ghee, butter",20,g
3b834795-af6c-4557-8951-93e6db0b5327,ASC094,G012,"Garlic, small clove (Allium sativum)",0.31,g
3ba3cb84-29b0-4f10-ac29-4b36460a2562,ASC208,UK-12-527,"Cheese, processed, plain",25,g
3bb9f3f9-9563-4d36-b832-4484425c9949,OSR023,UK-17-661,"Butter, unsalted",3,tbsp
3bbdaab9-eb84-4408-a83d-5dd8571e34a6,BFP242,G009,Coriander leaves (Coriandrum sativum),1,sprig
3bbfbb03-f902-4b2b-b733-00c3aecf0694,ASC032,UK-17-362,Mustard powder,0.25,tsp
3bc67b91-0096-42bc-8cf6-c1e9196e1514,BFP334,H001,Almond (Prunus amygdalus),2.2,g
3bc76867-5fc0-4d57-adda-caa3c6b2ac63,ASC038,E009,"Banana, ripe, montham (Musa x paradisiaca)",40,g
3bccc085-0302-4a06-95f7-907e534a2df3,BFP352,US-173471,Vanilla extract,0.5,tsp
3bccdafc-3fea-4f34-aa6e-d31a3678f5a0,ASC341,L004,Khoa,25,g
3bd6428e-2712-4a75-9a5e-8021a306c38c,OSR122,A019,"Wheat flour, atta (Triticum aestivum)",180,g
3bdcd9f8-5077-4115-903f-6bb87acd2ab2,BFP041,H013,Mustard seeds (Brassica nigra),0.25,tsp
3bf3e7bf-c9cd-4a0d-8d31-0d126235ce7c,ASC218,G024,Coriander seeds (Coriandrum sativum),0.25,tsp
3bf422ba-1286-4935-a517-5e90d8827bc3,ASC160,UK-17-045,"Oil, sunflower",1,tbsp
3bfa74c8-c943-4d1f-acf5-8c602ad0e447,ASC421,UK-17-661,"Butter, unsalted",35,g
3c071b34-e1d0-4189-bf95-23182f42d6f0,BFP203,M003,"Egg, poultry, yolk, raw",2,tsp
3c1487b9-92da-440c-af0f-e5d28c5f10f0,BFP233,UK-17-661,"Butter, unsalted",10,g
3c2b5422-d1d7-49a2-9759-991bd5445ed6,ASC238,UK-12-184,"Yogurt, whole milk, plain",1,tsp
3c2d034e-ea90-4ce3-be35-f2e79e2069f4,BFP142,UK-13-852,Saffron,0.005,g
3c2dcf98-bdd4-4709-8648-37a0f2d02af3,OSR074,G008,"Chillies, green - all varieties (Capsicum annum)",6.67,g
3c39168a-803c-425e-982d-dff10c2db0ce,ASC108,A019,"Wheat flour, atta (Triticum aestivum)",80,g
3c3b50ea-3791-47a2-9ce5-ff96575044e7,ASC329,UK-17-377,"Water, distilled",2,tsp
3c427ac5-96f6-406c-9fba-3f48152df7e2,ASC039,UK-17-367,Salt,0.25,tsp
3c439ada-ba4f-46aa-824c-b0b25a2beef5,BFP466,UK-12-527,"Cheese, processed, plain",30,g
3c4775ec-3bc8-44f8-a146-2d2d2eebcab5,BFP273,G012,"Garlic, small clove (Allium sativum)",0.63,g
3c47aa16-5b12-49e7-9534-5956cc4b3eb9,OSR101,G019,Asafoetida (Ferula assa-foetida),0.25,tsp
3c49c8f7-de69-4ab4-9239-4c99072a7631,OSR114,UK-17-045,"Oil, sunflower",2,C
3c4b4d5c-e296-43dd-a889-8cba7ac9f04f,ASC093,F002,"Carrot, orange (Daucus carota)",20,g
3c4bb795-1523-4be0-a1c1-cc526cb882ea,BFP114,UK-17-377,"Water, distilled",2.5,tbsp
3c4f8677-0b36-441d-a97a-8f2933ac38d7,ASC223,C020,Fenugreek leaves (Trigonella foenum graecum),1,tbsp
3c591403-8953-461a-a3ea-0d3edcadcda3,ASC016,UK-17-063,"Sugar, white",1,tbsp
3c594631-0b20-4ed4-a326-af72c1949d31,ASC193,G012,"Garlic, small clove (Allium sativum)",1.25,g
3c5a1c19-ccfd-43d2-8e13-7cd6ff0fc3b8,ASC144,B003,"Black gram, dal (Phaseolus mungo)",20,g
3c62f8fe-ec1e-4564-8486-8c7816be2de1,ASC321,L002,"Milk, whole, Cow",250,ml
3c6517f8-eee1-475e-a216-9ed1debc7a87,BFP153,UK-17-367,Salt,0.17,tsp
3c6afc70-2cb0-4402-a312-0164a37d6609,BFP286,UK-17-661,"Butter, unsalted",15,g
3c75a970-179a-4e5c-9912-2d1606e00899,OSR015,UK-17-640,"Ghee, butter",4,tsp
3c85daf8-6847-4b8f-a33d-ace4d6e8ba0c,BFP428,G031,"Pepper, black (Piper nigrum)",0.125,tsp
3c8680c0-f553-480e-967c-3fd9bfe939ff,BFP074,D037,Celery stalk (Apium graveolens),17,g
3c92ef06-2dc1-4be3-ac35-de431b838a13,ASC360,UK-17-367,Salt,0.25,tsp
3c96efde-6f5a-482c-bd7d-137f2bf2681c,BFP580,UK-17-045,"Oil, sunflower",5,g
3c986d21-0383-4819-a89b-48a80d093884,BFP539,UK-17-367,Salt,0.125,tsp
3ca42f3f-bc2b-4e19-ad0c-8a951ff25bca,OSR087,UK-11-716,"Pasta, white, dried, raw",227,g
3cb981c5-194c-434a-88f8-bc125fbe98b3,BFP190,G014,"Ginger, fresh (Zingiber officinale)",7,g
3cbbdde6-e0a2-4026-a073-ea6a55d8a269,ASC065,UK-50-1173,"Tomato sauce, homemade",0.5,tbsp
3cbe3289-6bf5-4201-aeff-fff09b5757ab,BFP609,E047,"Orange, pulp (Citrus aurantium)",80,g
3cc13794-0902-485a-bac0-d9dfcae6e3f9,BFP222,G024,Coriander seeds (Coriandrum sativum),0.33,tsp
3cc65a11-47af-4e60-a5ff-3eb61ba49196,ASC119,UK-17-377,"Water, distilled",160,ml
3ccb5979-4351-4c9e-b02a-08f6d9d416e5,OSR081,G014,"Ginger, fresh (Zingiber officinale)",48,g
3ce2a9f2-8a39-4e55-92c7-c17ba4b7e8ba,BFP187,UK-17-367,Salt,0.25,tsp
3ce73bee-0c77-46ae-94c7-7568f65bf412,ASC423,UK-17-355,Baking powder,0.5,tsp
3ce88bb5-702a-4428-ae44-92c6c6ee55c9,ASC319,UK-11-1138,Custard powder,1.5,tsp
3cf75f4f-c7a3-46ff-a499-fe970ee6510c,ASC130,G012,"Garlic, small clove (Allium sativum)",1.25,g
3d1c54f8-8351-4617-ae12-fbf57ab64116,OSR124,UK-17-063,"Sugar, white",200,g
3d1dfd87-caba-49d3-893b-16c9cd714968,BFP217,UK-17-367,Salt,0.17,tsp
3d299af3-3473-438e-8097-90b973de6a84,ASC252,G017,"Onion, big (Allium cepa)",50,g
3d2bf707-223f-41a1-ac62-edab29263785,BFP154,UK-17-661,"Butter, unsalted",1,tbsp
3d35708e-0de2-4f39-b7a6-48ddf2e82253,ASC448,G009,Coriander leaves (Coriandrum sativum),1,sprig
3d4ff7ab-3387-4b98-9e02-bf2101066521,ASC158,UK-13-873,Chilli powder,0.25,tsp
3d577114-4189-4f44-948b-fb42c5134a48,OSR076,G010,Curry leaves (Murraya koenigii),1,sprig
3d59f976-29a0-4fe4-8771-765b06b3c27b,OSR116,G017,"Onion, big (Allium cepa)",2,tbsp
3d5c8c6d-a904-4a23-ab38-8f36cff3acd2,ASC396,UK-14-130,"Lemons, flesh only, raw, weighed with peel and pips",30,g
3d644c65-f418-411e-9ebc-da842cb244c8,ASC207,UK-13-873,Chilli powder,0.125,tsp
3d657767-e237-4dc9-9913-66aa844a236c,OSR065,UK-17-721,"Soy sauce, light and dark varieties",1,tbsp
3d6fd497-9958-4ee4-987f-041670563dc6,OSR148,UK-17-045,"Oil, sunflower",2,C
3d7cd53a-f968-4d82-b87a-01c2d54bc39b,OSR074,UK-17-045,"Oil, sunflower",2.5,tbsp
3d7df6d6-0392-4284-b3a8-963d5fa2ab6c,ASC224,US-711552,MSG MONOSODIUM GLUTAMATE,0.25,tsp
3d82c792-e0a1-4abe-9a36-1146cb7f6e35,ASC398,UK-17-661,"Butter, unsalted",30,g
3d87488d-417e-4211-b753-4d859d156387,OSR069,M001,"Egg, poultry, whole, raw",400,g
3d8c5a97-eeb0-4663-853e-dd05f3f0ca69,ASC042,UK-13-873,Chilli powder,0.125,tsp
3d9d32d1-4a47-4206-8366-1f47b9266b6f,OSR146,F002,"Carrot, orange (Daucus carota)",32,g
3da31648-bc4a-4b02-a445-90eb320451f8,BFP447,US-604150,DRIED MANGO,15,g
3dbad75c-e684-4e9a-acd0-60e97327902d,BFP196,G023,Cloves (Syzygium aromaticum),0.25,tsp
3dbca27c-974e-4758-ab70-3da57ff8cafd,ASC511,G019,Asafoetida (Ferula assa-foetida),1,g
3dbcc95d-a4b6-4c27-b197-e0b1e33f9e5b,BFP406,G033,Turmeric powder (Curcuma domestica),0.25,tsp
3dbdf0a8-9ba5-43ad-a33a-6421e20b409f,OSR011,UK-17-063,"Sugar, white",100,g
3dc2c6e1-dac4-4bf3-bb1f-155ad60552bd,BFP430,UK-11-1145,"Bread, white, average",15,g
3dc69d57-3201-42e5-acce-646aec0f800b,ASC411,UK-50-1173,"Tomato sauce, homemade",1,tsp
3dc74830-8bb5-4d03-8af0-b7f431b22cb8,BFP440,UK-17-063,"Sugar, white",2,tsp
3dcb8ab8-6aa4-494e-8f70-b29c90b4841a,ASC239,UK-17-367,Salt,0.5,tsp
3ddb0a98-db95-4201-9a76-aa6128cb0586,OSR143,G033,Turmeric powder (Curcuma domestica),0.5,tsp
3ddfcd66-7aa4-417e-a055-4ca97d2e3eef,ASC424,E033,"Lemon, juice (Citrus limon)",0.5,tsp
3de17689-375b-4b93-882d-6776a850a997,BFP261,UK-17-367,Salt,0.17,tsp
3de8b2dc-b4e7-4f0a-9cea-dc8858c511a0,BFP073,UK-17-367,Salt,0.25,tsp
3deac589-a313-4f17-9fc9-a247b9c85d4b,ASC135,G008,"Chillies, green - all varieties (Capsicum annum)",3.3,g
3dfcd436-46ca-4f28-b82a-c0e12324b9e9,ASC242,UK-12-332,"Cream, fresh, single",0.5,tbsp
3e0c55b0-18ff-4248-8206-979256feb69e,BFP155,UK-18-481,"Lamb, mince, raw",40,g
3e1203cd-4593-4015-b809-366808b5cc17,BFP522,UK-17-064,"Syrup, corn, dark",60,ml
3e2393b7-687d-4f75-9282-6a67dc499ac2,BFP489,E033,"Lemon, juice (Citrus limon)",1,tbsp
3e24f757-64f8-4432-822c-f2e19d2c10a1,ASC046,UK-17-709,Tomato ketchup,2,tsp
3e253874-13b0-4f2a-b7c4-901239004206,ASC270,G008,"Chillies, green - all varieties (Capsicum annum)",1.67,g
3e2d76ad-0c19-4e66-a428-e4eb2916f2af,BFP114,UK-17-367,Salt,0.25,tsp
3e3b96d8-4311-4c71-a1ef-ff4723e5a9ab,BFP427,UK-17-377,"Water, distilled",2,tsp
3e4a40f8-c3c9-4c5c-b717-b8cc2a0a4555,OSR063,UK-17-355,Baking powder,0.5,tsp
3e4fd333-a8b9-4ad7-a2ec-4890c4e3cc6b,ASC404,UK-17-062,"Sugar, icing",10,g
3e6bdecd-13f1-44f0-8ea2-e33e9749aff4,BFP367,ANN-ING-0032,ORANGE COLOUR,0.25,tsp
3e6d1f5c-dcd8-487c-9885-8ef614962864,BFP132,D031,Brinjal - all varieties (Solanum melongena),100,g
3e6f95b9-dc41-4590-9c65-54c26102cd53,BFP249,G012,"Garlic, small clove (Allium sativum)",1.25,g
3e829c73-a2bb-4c03-bbdd-f8c57ffe026b,BFP523,E047,"Orange, pulp (Citrus aurantium)",60,g
3e858232-557b-4143-a18b-08488cef5a22,ASC287,UK-17-063,"Sugar, white",1,tbsp
3e9116eb-cbf3-48b4-92d5-f2702459b51d,ASC337,UK-17-640,"Ghee, butter",2,tbsp
3e98a77f-255f-46c0-9823-6b5f17fa76a4,ASC256,D075,"Tomato, ripe, hybrid (Solanum lycopersicum)",50,g
3e99ba3c-3db2-4aa0-97aa-09bbb3452127,OSR141,D075,"Tomato, ripe, hybrid (Solanum lycopersicum)",50,g
3e9cff80-8794-4d1b-9ae4-1457d59203f5,OSR105,UK-17-377,"Water, distilled",2.5,C
3ea13c7d-881f-4a8f-993a-a096635d0169,BFP565,H011,"Gingelly seeds, white (Sesamum indicum)",15,g
3ea99856-7595-4cab-9f67-f8d23edfe224,ASC140,UK-17-367,Salt,0.5,tsp
3eabe5b5-9da9-4dde-a532-94f625648d42,ASC059,L002,"Milk, whole, Cow",1,tbsp
3ec67821-8273-40ad-923c-4cc3fb1bb23e,OSR075,G012,"Garlic, small clove (Allium sativum)",0.25,tsp
3eca01ab-e2db-4070-a115-14de7a2b167c,OSR112,G008,"Chillies, green - all varieties (Capsicum annum)",1,tsp
3ed44a64-fa14-4aa6-b7ef-c99d6f68eb37,ASC377,UK-13-873,Chilli powder,0.125,tsp
3ed77915-46ee-4273-b1e0-69cec64ae525,ASC157,UK-13-829,Garam masala,0.25,tsp
3edd3aeb-b564-40b9-ba93-ef7ed3df0b12,ASC100,G009,Coriander leaves (Coriandrum sativum),1,sprig
3edfe81d-82cf-43f7-9e05-10e76ed95200,ASC419,UK-17-355,Baking powder,0.75,tsp
3ee4c1af-1179-4738-b501-68ec74f6ac59,BFP485,UK-12-545,Cocoa powder,10,g
3ee846d8-ddbe-4567-b24f-04cf48275e4c,ASC423,M001,"Egg, poultry, whole, raw",100,g
3ef0184e-c8fd-4ac6-88f3-43da0d9b72a2,OSR116,UK-17-377,"Water, distilled",0.5,C
3ef77a04-d7d0-4cb1-bab3-eafd13b577d7,OSR079,UK-17-063,"Sugar, white",0.5,tsp
3f01dc62-f796-4fc9-9663-a59d1179cc62,ASC215,C033,Spinach (Spinacia oleracea),150,g
3f11ef00-a5cf-4545-9f84-c62bcc2520c1,OSR100,G008,"Chillies, green - all varieties (Capsicum annum)",0.58,tsp
3f13f2a7-9935-4fe2-8eb5-c8e65d821a07,ASC086,UK-17-045,"Oil, sunflower",2,tbsp
3f1643d9-f8b6-429e-887d-63bfb8e84f0c,ASC036,UK-11-1145,"Bread, white, average",60,g
3f179114-a06e-4d3a-a909-cb4cf0122b19,ASC375,UK-13-873,Chilli powder,0.125,tsp
3f1a0952-8e43-4a39-a523-13470e2088d8,ASC452,UK-17-062,"Sugar, icing",30,g
3f254f39-956c-4375-bfef-dfacaebea754,OSR032,UK-17-355,Baking powder,0.25,tsp
3f27aad2-9eaf-404c-ab25-828419b480a1,BFP527,E036,"Mango, ripe, banganapalli (Mangifera indica)",8.3,g
3f28e38d-56a8-42bc-af93-3cec68a0969e,BFP363,UK-17-063,"Sugar, white",30,g
3f2a4501-535e-47c6-8389-8a83cbe9696c,BFP518,UK-12-527,"Cheese, processed, plain",15,g
3f39429a-cce4-4fb1-8720-5a9a24751cf5,ASC487,F002,"Carrot, orange (Daucus carota)",25,g
3f3eff7b-6526-4cef-a582-e729f706df49,ASC276,G008,"Chillies, green - all varieties (Capsicum annum)",1.67,g
3f41d721-84a7-472a-ab13-fb06ae28f3b3,BFP466,UK-17-362,Mustard powder,0.25,tsp
3f488c68-555d-42e6-be06-c782d5860ce2,BFP280,H006,"Coconut, kernal, dry (Cocos nucifera)",5,g
3f49ab82-6080-496c-843b-93aa3fb4fb97,OSR058,UK-17-063,"Sugar, white",3,tbsp
3f517201-91f6-4637-9055-7a5e403963cc,BFP250,G033,Turmeric powder (Curcuma domestica),0.125,tsp
3f5cf70e-ea08-43ed-aa3c-840beb9b6a96,BFP142,UK-17-377,"Water, distilled",120,ml
3f5e7ad4-196f-4b3a-b6b9-9305e97014b8,BFP431,G008,"Chillies, green - all varieties (Capsicum annum)",3.33,g
3f655b67-8caf-47df-845b-2425931332fd,ASC100,US-400113,"SIVA'S, AMHUR POWDER (DRY MANGO POWDER)",0.5,tsp
3f657ba0-fc13-4065-a063-4bf7a87a5cac,BFP178,G033,Turmeric powder (Curcuma domestica),0.17,tsp
3f6de8c7-ec0f-48c2-9678-b8c50516d427,ASC260,UK-17-367,Salt,0.25,tsp
3f700dae-93dc-4437-a7f0-d77d93a09183,ASC169,G017,"Onion, big (Allium cepa)",30,g
3f747db7-1d0a-4eae-8bc7-be2796d459c7,ASC319,UK-17-062,"Sugar, icing",1,tsp
3f7e1bc1-30d7-4624-9dff-b192f0365afc,ASC409,UK-17-367,Salt,0.25,tsp
3f816d2a-65b5-4cb3-b077-a57452846939,BFP312,UK-17-362,Mustard powder,0.5,tsp
3f8c788c-a4a9-481f-a71c-3a21f948a3b0,ASC047,US-473921,CRACKED WHEAT,20,g
3fa08f4d-fef9-4a33-affa-8f348ad9fab0,BFP313,E033,"Lemon, juice (Citrus limon)",0.5,tsp
3fa6759b-5ef2-4a0a-bb0e-518789409583,OSR069,G031,"Pepper, black (Piper nigrum)",0.25,tsp
3fa850b7-8530-4cc3-87e1-33f359e55758,ASC109,UK-17-045,"Oil, sunflower",480,ml
3fa88826-0ef0-4da8-830d-f413b7cb9f96,BFP262,G012,"Garlic, small clove (Allium sativum)",0.63,g
3fb3ba79-d72f-4986-a753-31d76c5f9b3d,BFP046,G025,Cumin seeds (Cuminum cyminum),2,g
3fb61a5c-f85c-4b22-9366-3dedef37d383,BFP483,ANN-ING-0027,STRAWBERRY ESSENCE,0.5,tsp
3fb71434-c8fa-4a92-a248-af7149517a9c,OSR062,H005,Cashew nut (Anacardium occidentale),25,g
3fb8b13c-f946-4b49-9fdd-3f5481e86797,BFP511,UK-17-661,"Butter, unsalted",15,g
3fb99742-dde0-4200-a713-f744a08327de,BFP401,UK-13-852,Saffron,0.25,tsp
3fc89036-1cdc-4685-bbe5-a9a90ab97c17,BFP249,M001,"Egg, poultry, whole, raw",1,tsp
3fdca74d-6710-4895-bfd2-04d4f57413be,BFP152,UK-17-367,Salt,0.5,tsp
3fdf91d2-21ed-4ff9-aad1-3bf3ed8851e2,ASC177,G017,"Onion, big (Allium cepa)",50,g
3fe7d51b-932e-4fa2-b99e-fae3e2419151,BFP430,A018,"Wheat flour, refined (Triticum aestivum)",2,tsp
3fec8721-9934-494e-a324-6eea43125827,BFP232,F006,"Potato, brown skin, big (Solanum tuberosum)",100,g
3ff054ce-d6bf-4e69-a7a6-ec04d76fb7bb,BFP136,UK-13-806,"Bay leaf, dried",0.4,g
3ff2caf5-7a31-446f-803d-d85671a28e27,BFP457,G031,"Pepper, black (Piper nigrum)",0.125,tsp
3ff2ff77-84ef-455b-bff0-66ad99136d77,OSR130,UK-12-527,"Cheese, processed, plain",1.5,tsp
3ff3b679-5292-4217-8fe0-9fc2580d4be2,ASC311,UK-12-332,"Cream, fresh, single",80,g
4005f519-4857-4b2c-899e-866194e03f17,ASC384,G022,"Chillies, red (Capsicum annum)",3.33,g
4011479e-22f4-44f3-90b8-7955b9622100,BFP415,UK-17-045,"Oil, sunflower",0.5,tsp
40118670-c8c5-45c7-8663-4e95164e29fc,OSR052,G012,"Garlic, small clove (Allium sativum)",68,g
401be100-82ea-4897-a1a8-f1073c163ffc,BFP024,E064,"Tamarind, pulp (Tamarindus indica)",30,g
40207d24-85ae-4f67-9a92-5704b88768fa,ASC468,UK-17-045,"Oil, sunflower",1,tbsp
402257e2-a809-4c7c-9ff1-cdc7f6f2c144,ASC351,UK-13-873,Chilli powder,0.25,tsp
40251dc9-470f-46be-ad55-3b1eaf95561b,BFP609,L002,"Milk, Cow",360,ml
40279ae0-f775-470a-bfd6-ec96159ff638,ASC480,D061,"Peas, fresh (Pisum sativum)",25,g
402a5de7-7cbe-45ab-a3c6-96f5e35ca0c7,OSR102,A019,"Wheat flour, atta (Triticum aestivum)",130,g
402fd3e9-5dec-4d25-b1d7-25e3b0a66b34,ASC396,ANN-ING-0031,Yellow colour,0.25,tsp
40321855-5796-4acb-844b-38bf9d733a3c,BFP250,G012,"Garlic, small clove (Allium sativum)",1.25,g
403678d5-8e01-4961-8378-d641a25ae64c,BFP152,G010,Curry leaves (Murraya koenigii),4,sprig
404132b4-8130-472d-bafa-55150f6cd772,BFP147,H013,Mustard seeds (Brassica nigra),0.25,tsp
4041f72c-fa09-4740-9482-5fd707ea2cbe,BFP277,G022,"Chillies, red (Capsicum annum)",3.33,g
40422516-bf40-49af-80e7-32cd58ad3542,ASC074,UK-13-873,Chilli powder,0.25,g
404730b2-b43a-4857-b13e-af77e8a876be,ASC412,UK-17-045,"Oil, sunflower",1,tsp
404aace0-b276-4e48-93d0-00ea8fae2e7a,ASC222,G017,"Onion, big (Allium cepa)",50,g
404e75f3-cba8-4bc3-83b5-8ff59cd03e04,BFP270,UK-11-896,"Flour, gram",20,g
405decd2-b512-4b57-a882-1d33ba5a6559,ASC205,G017,"Onion, big (Allium cepa)",50,g
405f69f7-af3f-42a5-b208-6c78b3d59062,BFP096,UK-17-723,Worcestershire sauce,10,ml
406430db-e8f2-4aa7-a142-17e3942de74e,ASC343,UK-17-640,"Ghee, butter",30,g
406929b4-b2a2-4f6f-b763-260907cc087f,ASC146,G022,"Chillies, red (Capsicum annum)",3.33,g
406d4538-db3e-49fe-b6e2-73ebf2adcb98,ASC511,UK-14-130,"Lemons, flesh only, raw, weighed with peel and pips",1000,g
4077cfcf-7073-4958-9ad2-90f7edc3e662,ASC200,L003,Paneer,75,g
407cf371-4527-432f-9ca9-f03c3e49b8f5,ASC247,UK-17-367,Salt,0.125,tsp
40822245-f860-4a59-8c74-7cb384279a35,BFP507,A018,"Wheat flour, refined (Triticum aestivum)",30,g
408de802-f361-4682-a846-f3923c91b1a9,BFP479,ANN-ING-0030,LEMON ESSENCE,0.5,tsp
40977f4c-baaf-44f7-bc6d-6f5b4029611d,OSR133,UK-13-352,"Spring onions, bulbs and tops, raw",3,sprig
409d2284-a315-4335-88fe-42a0e8670465,ASC322,UK-17-355,Baking powder,0.25,tsp
40a8b0c8-0ec9-4a4c-8dcc-f7145bb4b177,ASC414,UK-17-367,Salt,0.25,tsp
40ae2144-a02f-4ad3-a549-feae1f120d5a,BFP257,C033,Spinach (Spinacia oleracea),150,g
40b18690-2058-4cad-be35-e6a45c3751a0,ASC134,G008,"Chillies, green - all varieties (Capsicum annum)",3.33,g
40b630e9-9a66-4b70-bbe4-44dacf7a9f45,ASC233,UK-13-806,"Bay leaf, dried",0.4,g
40bebaa7-8611-4a87-902b-e4a4fab361c8,BFP147,B003,"Black gram, dal (Phaseolus mungo)",1,tsp
40c14fb0-e36b-429a-9298-1173eab20632,OSR115,UK-13-832,"Ginger, ground",6.33,g
40c3291a-3443-4716-a682-b84184e29d54,BFP442,G014,"Ginger, fresh (Zingiber officinale)",5,g
40cd8f61-1cf2-4124-b0b3-8e244b13a095,BFP239,G008,"Chillies, green - all varieties (Capsicum annum)",3.33,g
40cf39cd-b4b8-480b-8ea0-dafa1f2154cc,ASC253,L003,Paneer,30,g
40d5afe2-0a08-4693-af37-2646fdadd70d,OSR064,G031,"Pepper, black (Piper nigrum)",1,tsp
40d9681d-cd28-406b-a487-fe81a8127650,ASC340,UK-17-377,"Water, distilled",1.5,tsp
40e1feff-441a-452c-aa51-af7ef85cdd93,BFP406,A019,"Wheat flour, atta (Triticum aestivum)",25,g
40e5a94f-168f-4b3a-9cb4-2e4ac7b17654,OSR147,UK-17-377,"Water, distilled",0.5,C
40e9b352-bd93-4b30-b542-33e97681f263,BFP122,UK-17-517,Yeast extract,3,g
40eb25e4-5d52-412e-a789-62cc2f0eae5e,ASC210,D075,"Tomato, ripe, hybrid (Solanum lycopersicum)",50,g
40f38d15-2d3a-4bcd-922c-4c0a11a19dd0,BFP386,UK-12-184,"Yogurt, whole milk, plain",1.5,tbsp
40f85eea-9c53-4c59-9154-b16d6752431c,OSR089,UK-13-873,Chilli powder,0.5,tsp
40fa8dd4-ab97-495e-8c38-8bd84c49b824,BFP138,B001,"Bengal gram, dal (Cicer arietinum)",25,g
410344b3-862d-4141-a0b9-cc4695b191e8,BFP239,G033,Turmeric powder (Curcuma domestica),0.25,tsp
411492f8-b484-44db-9d89-6b8573691f46,BFP073,G031,"Pepper, black (Piper nigrum)",0.25,tsp
4127943b-1e64-4d7c-bc0d-3ae2c0bd98bb,BFP091,G017,"Onion, big (Allium cepa)",30,g
4130d4b0-fc76-43d1-b470-a53b2ce0b11a,ASC487,UK-17-367,Salt,0.25,tsp
41322695-492b-4fc7-bd67-c31d02f414c8,ASC227,UK-13-829,Garam masala,0.25,tsp
4145ba2c-d6aa-451b-b309-879b3ffa6be4,ASC043,D033,"Capsicum, green (Capsicum annuum)",20,g
4149451c-309d-4be2-a5af-9077cfa5e750,BFP241,D061,"Peas, fresh (Pisum sativum)",100,g
414c90f8-6b21-48ec-b380-435844a671a0,BFP221,M003,"Egg, poultry, yolk, raw",2,tsp
415a74c8-3220-445d-a8fe-a99ed6265a58,BFP305,D037,Celery stalk (Apium graveolens),17,g
415e3717-907d-4d89-9ee7-6e100f400655,ASC443,UK-17-062,"Sugar, icing",30,g
415ea45f-b260-4b59-9bf0-f23fb4acbed7,BFP443,G031,"Pepper, black (Piper nigrum)",0.125,tsp
41618630-4f43-47d9-881c-6d95246bef7c,BFP197,UK-13-829,Garam masala,0.125,tsp
416cf78d-fa73-4791-b1b5-a97e27e4a154,ASC180,UK-17-367,Salt,0.5,tsp
4178a32a-37e8-4736-99b9-6170947cbad7,ASC430,M001,"Egg, poultry, whole, raw",100,g
417d0fbc-e78e-43d4-a456-2c3c64c0d843,ASC400,UK-17-367,Salt,0.25,tsp
418a4c6e-30ab-4798-a31f-8896a764bde2,ASC219,G008,"Chillies, green - all varieties (Capsicum annum)",6.67,g
418d5aa2-fd01-4c41-aec3-fc28884b4701,OSR052,G025,Cumin seeds (Cuminum cyminum),0.5,tbsp
418d7a87-2a0d-49d7-abcd-790e2acb6647,BFP585,UK-17-063,"Sugar, white",1000,g
418d8ac7-7d9e-4a71-9ea4-ce8982b3c910,BFP072,UK-12-332,"Cream, fresh, single",15,g
4194bf5e-d8a1-4088-8822-64f9cb7fc161,ASC108,UK-17-045,"Oil, sunflower",480,ml
41ab5462-c27d-4f15-b552-05d0df77f868,ASC183,G010,Curry leaves (Murraya koenigii),1,sprig
41ab6417-8c34-495a-bd1b-b11ba16090ec,ASC210,UK-12-527,"Cheese, processed, plain",15,g
41b068b6-88cc-47ee-b3f4-ada0ce71ccc0,BFP172,UK-17-640,"Ghee, butter",5,g
41b523b2-8e95-4b5e-a4f9-53d2c5c054c1,BFP484,UK-11-1045,"Flour, corn",1,tsp
41b8b250-61d9-4f33-a7fb-36c3cab4b5b5,OSR111,UK-17-045,"Oil, sunflower",2,C
41bac560-4076-4bc7-acaa-12e5dfcc41c5,OSR065,G014,"Ginger, fresh (Zingiber officinale)",1,tsp
41bfad63-1d3b-4980-9718-b587a3057824,BFP535,A018,"Wheat flour, refined (Triticum aestivum)",4,tsp
41c091b5-f6a7-47e4-bd73-28ef9e70bad4,BFP431,UK-17-367,Salt,0.5,tsp
41c0d69c-424f-497b-87b2-af90cbb9b234,BFP074,UK-13-389,"Turnip, flesh only, raw",20,g
41e26573-7546-465c-9706-ac9d9404e533,BFP179,B004,"Black gram, whole (Phaseolus mungo)",25,g
41e34948-0af9-401c-88d8-e27533b77daf,ASC442,UK-17-661,"Butter, unsalted",25,g
41e618d3-363f-4aa1-932d-9f8cdf9d7409,BFP216,G024,Coriander seeds (Coriandrum sativum),0.75,tsp
41e8a18d-a7bb-48f1-bf4c-f49833f74710,ASC267,M001,"Egg, poultry, whole, raw",25,g
41f19a67-4b94-4d1f-a5fd-56e254f44d2c,BFP262,C015,"Cabbage, green (Brassica oleracea var. capitata f. alba)",60,g
41f3b0b0-5053-4405-aacb-c50aa9a92258,BFP201,UK-13-829,Garam masala,0.125,tsp
41f4db99-4a00-468c-bf1c-b75be18f3bfe,BFP404,H018,Pistachio nuts (Pistacla vera),5,g
41f7a48e-06bc-4277-9ca7-3114b58d35ae,BFP137,UK-13-806,"Bay leaf, dried",0.4,g
41fbb4bb-d5fc-4d1b-8642-3395c2ed03c1,ASC179,H007,"Coconut, kernel, fresh (Cocos nucifera)",20,g
41ff8098-b94e-41c8-805e-d188c9734b1e,BFP579,UK-12-184,"Yogurt, whole milk, plain",75,g
42125013-1227-4227-bda2-ad0a763d4a0a,BFP206,UK-17-377,"Water, distilled",5,ml
421381c3-1c61-404b-978c-24e29244045e,ASC353,UK-13-873,Chilli powder,0.125,tsp
4219a57a-1881-4ec8-85d5-7afab9c289a1,ASC103,UK-17-045,"Oil, sunflower",2,tbsp
4222e1fa-fca0-472f-b469-272fb66e6b1f,BFP523,UK-11-1045,"Flour, corn",10,g
422430de-34b1-41c2-96dd-8200ffbceb19,BFP568,UK-11-896,"Flour, gram",50,g
4229fada-f5e8-43f3-8133-7efb64ce30f4,BFP161,C028,Parsley (Petroselinum crispum),1,sprig
42366a7a-7ea0-42c6-b9b9-286a7817c371,BFP277,F006,"Potato, brown skin, big (Solanum tuberosum)",20,g
42391462-7347-46f6-a3dd-9e3b9480db83,ASC381,UK-17-045,"Oil, sunflower",1,tsp
423f556c-4893-459c-8bea-fe7605f0767a,ASC211,F006,"Potato, brown skin, big (Solanum tuberosum)",100,g
4246081b-fbcf-42b9-b860-c641f8be3b4f,ASC204,UK-13-829,Garam masala,0.25,tsp
4246da67-4d00-4830-b777-b03f1d539e30,BFP352,UK-12-545,Cocoa powder,5,g
42471a3f-0410-4517-826a-dbdc2219c0ee,OSR090,G009,Coriander leaves (Coriandrum sativum),1,tbsp
424b1eaa-0c04-43e7-b718-9b1d6139eeb5,OSR104,G033,Turmeric powder (Curcuma domestica),0.5,tsp
424df5f6-6181-46f7-9975-a5837600fe06,OSR133,UK-17-377,"Water, distilled",3.25,C
424f2595-1516-4fb1-97a4-b1468d1894bc,BFP363,UK-17-360,Gelatine,5,g
424fb981-8842-4b5d-b732-636955369319,ASC177,UK-17-367,Salt,0.5,tsp
4253b282-b46c-4f2d-b88d-63bda7947531,ASC109,A019,"Wheat flour, atta (Triticum aestivum)",80,g
42650832-1961-40e6-abc4-9d82536a2ee2,BFP274,D075,"Tomato, ripe, hybrid (Solanum lycopersicum)",30,g
4267a22c-0c91-45f8-bfc3-856e4f8b9e60,ASC034,UK-17-367,Salt,0.125,tsp
426a997c-4e57-45a2-9b44-68c7d5aeaf50,ASC247,UK-17-367,Salt,0.5,tsp
426ae5b0-1d75-4a59-8143-77a7b75b3656,BFP278,G014,"Ginger, fresh (Zingiber officinale)",0.25,tsp
426d512c-585d-4dbb-901f-9bba5afaf90f,BFP190,G023,Cloves (Syzygium aromaticum),0.25,tsp
4270c3dd-fcd2-416d-ac06-09b4f5be585b,ASC375,UK-17-367,Salt,0.5,tsp
42778725-5af6-4ef2-9928-4cb07f22e82a,BFP127,N003,"Chicken, poultry, breast, skinless",100,g
42794a28-429d-4e0f-a9cd-0470827ae2cf,OSR143,G017,"Onion, big (Allium cepa)",100,g
427d1c57-f431-42a5-a738-6606709e2e99,BFP046,G019,Asafoetida (Ferula assa-foetida),0.25,tsp
4282a97e-3cba-42b5-ac71-eda4aa36fb78,BFP450,B003,"Black gram, dal (Phaseolus mungo)",1,tsp
42a26da3-0782-4546-8299-9209a580309a,ASC507,US-468991,"SWEET SUNNAH, WHOLE BLACK SEEDS NIGELLA SATIVA",10,g
42a7a34d-b3cb-48f1-b0f6-2689fe86a87c,ASC146,UK-17-367,Salt,0.5,tsp
42b16f4f-dc1f-4156-a38a-142a9688b226,ASC084,G031,"Pepper, black (Piper nigrum)",0.375,tsp
42b28829-8c8a-4708-a7d3-8a5d6c15eac6,OSR125,UK-17-050,Honey,169.5,g
42b33688-a3aa-490f-89e2-67bcb10e7dbf,OSR068,UK-17-038,"Oil, olive",1,tbsp
42b9c57e-1abb-4c30-bb32-024cfb76653f,BFP065,M002,"Egg, poultry, white, raw",25.5,g
42bbcd41-972c-4e5b-9910-b570ab4b11ec,ASC069,UK-17-377,"Water, distilled",3,C
42bf681c-8967-4f9f-a239-0eb778096534,ASC062,G017,"Onion, big (Allium cepa)",25,g
42c7c643-08ba-434a-923c-6292fba02c4f,ASC250,UK-14-130,"Lemons, flesh only, raw, weighed with peel and pips",17.5,g
42c85c12-9a12-4f24-846a-d3028d48b99e,BFP597,UK-17-367,Salt,120,g
42cd5bf7-7724-4197-bbbf-2bbd51b3b41f,ASC372,UK-17-367,Salt,0.25,tsp
42cf8637-d9ff-4767-88e0-424374a0e7f2,OSR112,G023,Cloves (Syzygium aromaticum),0.25,tbsp
42d7f410-fb8f-4a8c-891b-81815c1681a7,BFP150,UK-17-661,"Butter, unsalted",1,tbsp
42e189e2-9e72-44a1-9654-10539354e62a,ASC160,G012,"Garlic, small clove (Allium sativum)",1.25,g
42e820b2-8678-4b0c-8a75-35955c8b507b,BFP602,G031,"Pepper, black (Piper nigrum)",2.5,tsp
42f64657-9183-421f-8699-101aa43093e1,ASC214,G028,Nutmeg (Myristica fragrans),0.25,tsp
42fc8cfe-1088-4512-8418-72e83d25fc2a,ASC244,UK-17-721,"Soy sauce, light and dark varieties",0.5,tsp
4315cb59-e92c-4f23-8395-f2d23b5c41b3,ASC512,G020,"Cardamom, green (Elettaria cardamomum)",2.5,g
432ce476-91a5-41f7-8e73-7001c1e90f3d,BFP151,G017,"Onion, big (Allium cepa)",50,g
433183e2-7f25-42f4-843d-9fb72f3949f4,BFP137,F002,"Carrot, orange (Daucus carota)",50,g
434cf6f0-8c45-48d2-8911-da4f4d35ba32,OSR108,G019,Asafoetida (Ferula assa-foetida),0.25,tsp
435c47c7-cb19-48d1-84b2-7ac1eba7bead,ASC370,UK-11-1145,"Bread, white, average",15,g
4364c1d0-72c3-43bf-8227-eebf11915556,ASC169,UK-17-356,Bicarbonate of soda,0.25,tsp
436ad512-8fb3-41c9-99d5-c2588300a87c,ASC164,UK-13-829,Garam masala,0.25,tsp
437568f9-5513-473f-ac4e-7ba5ab2a9899,ASC236,UK-13-873,Chilli powder,0.25,tsp
43774f0d-53e5-486d-9dfa-3d4aaba8e417,OSR098,G014,"Ginger, fresh (Zingiber officinale)",4.75,g
4381897b-f5b7-4fad-9e6a-3b9f64006a5f,OSR139,G014,"Ginger, fresh (Zingiber officinale)",1,tsp
43887ee3-41b1-46b9-bef6-f80e67818474,BFP039,UK-13-873,Chilli powder,0.17,tsp
4388d4bd-9a26-4e3d-a2b2-213036ef7f1b,ASC104,UK-17-377,"Water, distilled",4,tbsp
438b63a6-088f-463f-b1fa-ecab18ad7785,ASC206,UK-13-873,Chilli powder,0.25,tsp
438dfda8-f8cf-4899-9094-1ba9aafd0abb,ASC221,G017,"Onion, big (Allium cepa)",30,g
43900a47-dba9-4664-b639-a7c6b24e4846,ASC219,F002,"Carrot, orange (Daucus carota)",25,g
4392c24e-5d3c-4d7e-b116-2b27e239cc62,OSR103,G008,"Chillies, green - all varieties (Capsicum annum)",6.67,g
439370f1-9e42-4234-af8f-7e5483840d8e,BFP042,UK-11-1145,"Bread, white, average",40,g
4393cd7a-25b5-4063-a987-18d46d46c0d2,ASC297,H001,Almond (Prunus amygdalus),2.22,g
439489d3-47ac-497a-b8ba-0ac301a4b80a,ASC329,UK-17-062,"Sugar, icing",25,g
4395f05f-caf0-4153-b484-12f545d83d1a,BFP413,A012,Rice puffed (Oryza sativa ),15,g
43984572-a7f7-49e4-910d-26d844ee7425,ASC413,G031,"Pepper, black (Piper nigrum)",0.125,tsp
439a2011-7d29-4f1c-b845-4b3401896407,BFP571,UK-17-377,"Water, distilled",15,ml
43a36bc6-c5da-4513-8ad6-0a0f598836e2,ASC113,UK-17-377,"Water, distilled",200,ml
43a79f3c-638f-4446-92ae-4830a7985973,OSR134,C015,"Cabbage, green (Brassica oleracea var. capitata f. alba)",44.5,g
43ae4657-00a9-4eb5-a1ee-191c974796d8,ASC240,G014,"Ginger, fresh (Zingiber officinale)",10,g
43b833a5-f207-4ecc-974d-f37d613b584b,ASC137,G031,"Pepper, black (Piper nigrum)",0.25,tsp
43b85360-bd0e-4b8a-be2d-7fe2f5820d6e,BFP136,UK-13-874,"Cinnamon, ground",0.5,tsp
43be7988-a617-47ae-8358-0b617d787738,ASC430,UK-12-332,"Cream, fresh, single",100,g
43c04265-c9a4-40e2-9139-3ddb47e1e820,OSR058,H013,Mustard seeds (Brassica nigra),1,tsp
43c10677-68d0-47f2-9f66-d25425bdef63,ASC281,I001,"Jaggery, cane (Saccharum officinarum)",50,g
43cad377-b67f-4c80-b01a-94b448d20d75,ASC439,UK-17-640,"Ghee, butter",25,g
43d8cf07-27de-4bfa-a09f-1adf7fc86ee4,OSR041,UK-12-520,"Milk, condensed, whole, sweetened",152,g
43dc2e81-7642-4aea-a826-e87146745483,ASC237,UK-18-481,"Lamb, mince, raw",100,g
43ec2f8b-9637-41e3-8739-00bc174c9e71,BFP307,D075,"Tomato, ripe, hybrid (Solanum lycopersicum)",100,g
43f6c123-9477-4534-a023-58e5560ca57a,ASC169,G021,"Cardamom, black (Elettaria cardamomum)",0.25,tsp
43f7cd57-130e-42d7-896e-3bfa03e42be9,BFP212,G031,"Pepper, black (Piper nigrum)",0.25,tsp
43fc8f56-258d-42e1-ac04-0e337b071408,OSR095,G017,"Onion, big (Allium cepa)",60,g
43fdb7ae-77de-41cd-9569-657848029429,OSR094,L002,"Milk, whole, Cow",1,C
44095796-82e0-476d-afdc-5186a1dde9e7,ASC370,UK-17-045,"Oil, sunflower",480,ml
440d7419-2160-4be9-be0c-ac136a3407e0,BFP090,G023,Cloves (Syzygium aromaticum),0.5,tsp
440f5076-9a24-4f6d-affb-0a86201c40f3,BFP137,UK-17-377,"Water, distilled",160,ml
4418d4df-a4db-4fd6-9f0b-8b3d608a5f3c,ASC168,UK-13-829,Garam masala,0.33,tsp
442208c4-38b7-48e1-b041-416030b4b4c1,BFP204,UK-12-184,"Yogurt, whole milk, plain",75,g
4423c805-557d-4faf-b818-6d165c2d0da3,BFP483,M001,"Egg, poultry, whole, raw",100,g
4426a9e5-d1e9-48f7-a2a9-03106e7db80d,BFP440,G009,Coriander leaves (Coriandrum sativum),1,sprig
4428db33-1fc3-4a90-a862-555d6110d087,ASC120,UK-17-367,Salt,1.5,tsp
4433400c-c11c-411c-adb7-ae58971ffd21,BFP507,UK-17-661,"Butter, unsalted",15,g
443416f7-a1e0-40dc-ab5b-c7e2bdfa3665,BFP204,G017,"Onion, big (Allium cepa)",40,g
443bc5d8-28e5-44de-bb33-845f2695f234,BFP210,UK-12-332,"Cream, fresh, single",1,tbsp
44435de0-7315-4d8f-9b8b-7a35a3326217,ASC472,UK-11-896,"Flour, gram",20,g
444491e0-ab8a-459f-b13f-e5234ef6e4df,OSR107,G009,Coriander leaves (Coriandrum sativum),1,sprig
444685b8-7384-496b-bcf0-712c2fd97bea,ASC298,UK-17-640,"Ghee, butter",1.5,tsp
444b1a93-6a07-490c-97ef-22d2a0f1b7dc,ASC227,UK-17-367,Salt,0.5,tsp
4450dc41-1205-4bd0-af21-ff9420e3fdf3,ASC259,UK-17-367,Salt,0.25,tsp
445c440e-f207-46c1-a6ec-73f71ff117c1,OSR085,G022,"Chillies, red (Capsicum annum)",11.66,g
445e1558-9045-4fe0-ae8a-94c93e1cb324,ASC348,L004,Khoa,100,g
4463e2f1-f56e-4e26-a7e5-acffa4cd6a00,BFP233,UK-11-1145,"Bread, white, average",45,g
44645cff-8599-4fed-a3f2-10cd56b828fc,OSR124,UK-17-063,"Sugar, white",50,g
44659127-41c2-4b9b-b4db-c54af291d469,ASC412,UK-17-045,"Oil, sunflower",5,g
4474f1b7-ffef-47d8-81f5-2e291ee77e14,ASC195,L003,Paneer,75,g
44790764-18d0-4883-a0be-c3b13718da53,BFP187,G009,Coriander leaves (Coriandrum sativum),1,sprig
44905a56-da10-4099-8be1-a540ae553771,BFP052,G031,"Pepper, black (Piper nigrum)",0.125,tsp
449953f2-3357-44f9-9d69-57f15a02b052,ASC361,A018,"Wheat flour, refined (Triticum aestivum)",60,g
449bfab7-6758-4b7e-a466-6300e616a8f5,BFP280,F006,"Potato, brown skin, big (Solanum tuberosum)",30,g
449ea06f-9169-425b-9750-771a07ff4bbc,ASC034,UK-11-1136,"Bread, brown, toasted",60,g
449f11ec-0d28-421d-a5d7-0ea7a8fc422b,ASC347,UK-17-045,"Oil, sunflower",480,ml
44a839c8-45e7-477d-ba21-025cdf751ac3,BFP535,UK-12-332,"Cream, fresh, single",120,g
44aa51c8-ffcb-4d5f-a90e-0566f6a83d13,BFP284,G009,Coriander leaves (Coriandrum sativum),1,tsp
44b446ca-ccec-4174-a839-dcaf00005b92,ASC315,UK-17-360,Gelatine,1.5,tsp
44bcedfb-264b-4a5a-acb8-df95f2e54397,OSR115,H013,Mustard seeds (Brassica nigra),0.5,tsp
44c11b1a-f936-4318-b8a0-bee71852c8a9,OSR143,UK-17-045,"Oil, sunflower",1,tbsp
44c176ee-7221-44a9-bff9-f1ade86b632f,OSR114,UK-17-045,"Oil, sunflower",1.5,tbsp
44c1b42b-2a00-4c15-abdb-e911ea9e71b4,OSR083,B001,"Bengal gram, dal (Cicer arietinum)",2,tsp
44d205c4-b4b0-4f32-9e29-6fe08309d48e,BFP599,US-172337,"Oil, mustard",50,g
44d5fcb3-e673-41a0-9bda-260b8c5c67e0,BFP214,G017,"Onion, big (Allium cepa)",50,g
44dd9456-da46-4538-aeca-528d6762d80b,OSR137,UK-11-1045,"Flour, corn",2,tsp
44ddfe40-1f4f-4540-aff0-295fe8837b2f,OSR064,C020,Fenugreek leaves (Trigonella foenum graecum),1,tbsp
44ec7ec9-4781-402a-9fe0-f23c646b64c4,BFP336,H001,Almond (Prunus amygdalus),2.2,g
44ecb437-dbee-48cb-bd9b-f26e5dce5ce1,ASC402,G012,"Garlic, small clove (Allium sativum)",10,g
44f5f6e3-4dea-43e8-8efa-35170a64f20b,OSR021,H001,Almond (Prunus amygdalus),47.19,g
45034429-573f-41e6-93b3-e61e84991dc8,ASC281,G025,Cumin seeds (Cuminum cyminum),0.25,tsp
4505cf4c-e431-467b-beed-24bad93bbc06,BFP196,UK-17-367,Salt,0.5,tsp
451543fb-0b7f-4665-a12f-de90167aabc8,BFP313,UK-12-184,"Yogurt, whole milk, plain",100,g
45187098-e2ab-409e-9d65-74f6c1e137f7,BFP151,B003,"Black gram, dal (Phaseolus mungo)",1,tsp
45281938-ae1f-4882-b961-9f4a699254d5,ASC425,UK-17-063,"Sugar, white",25,g
45317853-4ac6-4372-a445-a9671eceed54,BFP110,A019,"Wheat flour, atta (Triticum aestivum)",80,g
453e88b0-a75e-4ca2-b8d8-05d2c1d47b23,ASC210,G008,"Chillies, green - all varieties (Capsicum annum)",1.67,g
453fb08b-0312-4cf2-8d43-fe8c16126224,BFP153,UK-17-517,Yeast extract,0.5,tsp
45495ec9-b7f1-40b0-a483-3cadbbccfd75,ASC328,UK-17-063,"Sugar, white",1,tsp
455330f8-6f12-4b61-996e-c3b921407766,OSR088,G008,"Chillies, green - all varieties (Capsicum annum)",3.3,g
455f39eb-12b9-494a-b71a-f6a23b78d8b2,OSR085,UK-17-045,"Oil, sunflower",1,tsp
4560d916-befc-45fa-9408-93c1cefb1e89,BFP178,UK-17-377,"Water, distilled",180,ml
45687eff-e75c-483b-b516-60dd10ecfe8d,ASC412,G031,"Pepper, black (Piper nigrum)",0.25,tsp
456cc0bb-f690-4838-8985-0d3166e97190,ASC230,G033,Turmeric powder (Curcuma domestica),0.25,tsp
456eccac-683b-47d8-98c4-e361881449e1,BFP242,G014,"Ginger, fresh (Zingiber officinale)",5,g
45708ad2-cf36-4015-9aa5-f30e2f7f84b9,ASC029,D075,"Tomato, ripe, hybrid (Solanum lycopersicum)",25,g
45734c9d-78c1-455f-9cc6-41e8e8612325,ASC169,G009,Coriander leaves (Coriandrum sativum),1,sprig
45784664-e14e-4afe-9b67-b3eeec5c0537,ASC308,M001,"Egg, poultry, whole, raw",50,g
457da61a-d6d6-44a0-8efe-06569c71c962,OSR025,UK-17-063,"Sugar, white",7.5,g
45808bd1-fa3a-4939-8a6c-9506180667c8,BFP583,E001,"Apple, big (Malus domestica)",1000,g
458151bb-3ec4-4376-a6b6-fc940be99a29,BFP427,G009,Coriander leaves (Coriandrum sativum),1,sprig
458885bd-639d-4e52-91d5-b14251942f22,BFP075,F002,"Carrot, orange (Daucus carota)",10,g
458b9f79-6cd1-46ad-9182-991812210a58,BFP386,L002,"Milk, whole, Cow",1,tbsp
458c7481-6966-437c-81c0-20c23bdca036,ASC421,A018,"Wheat flour, refined (Triticum aestivum)",55,g
458eef3a-4f99-41f3-ab38-6dfbbc6da67f,OSR137,G009,Coriander leaves (Coriandrum sativum),4,g
458fd260-77e5-49a6-ba20-e43b4711de55,ASC213,UK-17-045,"Oil, sunflower",2,tsp
45993067-4c9f-436e-9814-cb327b352bd8,ASC226,UK-13-873,Chilli powder,0.25,tsp
45a658fb-23c9-4820-8b1f-0829020c37bc,BFP289,UK-19-496,Ham,30,g
45af16de-0e6e-48cb-bd06-056ecc69c763,BFP162,UK-13-806,"Bay leaf, dried",0.4,g
45b02e21-5a2d-41cd-9000-a6cda8cd624e,ASC449,M001,"Egg, poultry, whole, raw",12.5,g
45b0529c-910b-48a9-a544-6b76a2511c1b,ASC223,UK-17-367,Salt,0.5,tsp
45b2a8e2-3ee1-4bec-a443-2d4e9cf2b6f2,BFP421,UK-17-339,Vinegar,1,tsp
45b3534f-1f88-4c15-bdf8-e64cec0ea896,ASC167,D046,Drumstick (Moringa oleifera),30,g
45bedc99-d916-40d1-8b04-0a342d7c031d,BFP498,UK-12-545,Cocoa powder,2,tbsp
45bf30e7-fcb4-4ab1-b3c8-ebb1e994c31a,ASC318,UK-17-062,"Sugar, icing",30,g
45bfc8c0-b3d4-4aa6-b1b6-4482356cf104,ASC352,UK-17-045,"Oil, sunflower",0.5,tsp
45c14abe-3d3a-4103-a863-0c975f5d0564,BFP157,UK-11-1145,"Bread, white, average",1,tbsp
45c87e74-8c0a-40ca-9f5f-6712b5bc0a30,ASC004,UK-17-377,"Water, distilled",0.75,C
45d4ad35-e032-4fed-bb58-07868ec3eeef,ASC469,G017,"Onion, big (Allium cepa)",30,g
45dab5b6-271c-4edc-ad1d-f668628b3d2e,ASC141,UK-13-352,"Spring onions, bulbs and tops, raw",30,g
45df4216-d523-48ee-8107-69cb21f7e1df,ASC084,UK-17-661,"Butter, unsalted",2,tsp
45e35934-1a55-41d5-8071-b1d8c4c73be0,OSR083,G017,"Onion, big (Allium cepa)",120,g
45e406cd-9740-4396-9dfc-f5ffad17eb14,OSR068,UK-14-130,"Lemons, flesh only, raw, weighed with peel and pips",30,g
45ec0fc4-2a3f-498f-9c71-1f197efc8296,BFP264,UK-17-367,Salt,0.17,tsp
45f1acc5-4bd1-4090-81ca-0a6c3b18d730,ASC167,G010,Curry leaves (Murraya koenigii),1,sprig
45fad985-9c75-4561-b021-db6c6d9ca3e1,ASC326,E014,"Cherries, red (Prunus cerasus)",5,g
4602f078-a0d3-4a1a-a6bb-c0d0f446b31c,ASC467,B001,"Bengal gram, dal (Cicer arietinum)",40,g
460b4c4b-210b-494d-8d20-dd0371aae8fd,BFP258,G017,"Onion, big (Allium cepa)",20,g
4615aee5-6ffc-4ca4-99df-64399eac25ac,BFP606,M001,"Egg, poultry, whole, raw",50,g
461ffb1c-0b32-401a-bbe3-3b9ce7793068,ASC146,G017,"Onion, big (Allium cepa)",75,g
462ca99d-6f17-4b54-970b-9d541650ab47,ASC224,A018,"Wheat flour, refined (Triticum aestivum)",0.5,tbsp
462f8a30-df41-4fbf-b744-b920ab97f79e,ASC224,UK-17-045,"Oil, sunflower",1,tsp
46306ec4-ee64-4785-add8-85de443b0844,BFP273,D006,"Bitter gourd, jagged, smooth ridges, elongate (Momordica charantia)",80,g
463a4261-b4b9-4881-a1b1-ae3194dd9a17,BFP365,UK-17-377,"Water, distilled",2,tbsp
4641f9c4-ea24-4d4d-b365-907607d2fbbf,BFP176,E064,"Tamarind, pulp (Tamarindus indica)",3,g
4645bd96-9bc0-42c2-b00a-445ac6c7f211,BFP437,G017,"Onion, big (Allium cepa)",20,g
464cc3ec-f920-4c48-9528-0e8ab05b2d71,BFP158,G017,"Onion, big (Allium cepa)",50,g
465665d9-4f17-4634-bdab-cc566ae9258e,OSR033,M001,"Egg, poultry, whole, raw",50,g
465738fe-2db7-46bf-9b09-a0ff70e8c50f,BFP604,G033,Turmeric powder (Curcuma domestica),0.125,tsp
466c2cae-f94e-4b83-8ddd-47b034ddb4c7,ASC265,UK-14-335,"Cherries, glace",10,g
467f2eca-2af3-438e-bbc2-2904478d88de,ASC175,UK-17-045,"Oil, sunflower",1.5,tsp
46816cf8-a933-4ce7-b328-5570ad6f337c,BFP257,D075,"Tomato, ripe, hybrid (Solanum lycopersicum)",50,g
468510ab-2fcc-402a-af19-3725a58756de,ASC203,UK-13-873,Chilli powder,0.125,tsp
468b24a7-71bd-4ad3-af0d-c9f6c18198af,BFP127,L002,"Milk, whole, Cow",60,ml
468b46ba-2e2b-441f-8ae6-cf670fe0b18d,ASC257,UK-14-335,"Cherries, glace",10,g
46905f67-4abd-4f5e-a69d-8f85b1554959,ASC222,UK-17-661,"Butter, unsalted",1,tsp
469976b8-89a0-48e9-af65-ef3caa998833,ASC200,UK-13-829,Garam masala,0.25,tsp
46a00fd1-a39c-4a9d-b205-4451314b370a,ASC138,UK-17-367,Salt,0.5,tsp
46aac875-ce84-4129-8489-910beb449a2e,ASC322,UK-14-369,"Orange juice, freshly squeezed",2,tsp
46b50d93-f5bf-4302-b87a-fb17c455a87a,ASC185,UK-13-873,Chilli powder,0.25,tsp
46b9936a-312d-438c-8dcf-e96695633b6d,OSR018,UK-17-050,Honey,4,tbsp
46d29b55-b17e-4d64-8509-05b9d575cd66,BFP122,D034,"Capsicum, red (Capsicum annuum)",20,g
46e0834b-8d87-49ef-afe8-e5dec7dab148,BFP347,L002,"Milk, whole, Cow",150,ml
46e18d99-a94c-4a7c-9ea5-9ee1ee00ca1b,BFP052,D075,"Tomato, ripe, hybrid (Solanum lycopersicum)",30,g
46e9d943-ac49-48d6-b246-75fcb713a7d1,OSR077,H005,Cashew nut (Anacardium occidentale),16.7,g
46ead8e8-89a6-4da5-9470-9908f6343a5c,ASC355,UK-17-367,Salt,0.25,tsp
46fa2b96-66d8-448d-92fa-233f6580d25b,BFP468,D033,"Capsicum, green (Capsicum annuum)",20,g
46fabe5a-ae98-4a0a-9037-3681b7c38bbb,BFP082,L002,"Milk, whole, Cow",80,ml
46fc7912-7837-4c0f-8806-9f1c854c55f8,ASC397,A018,"Wheat flour, refined (Triticum aestivum)",60,g
46fd7988-e55f-4afc-ac1f-6b7ba207c9d9,BFP067,A024,"Wheat, vermicelli, roasted (Triticum aestivum)",1,tbsp
47093d68-2f4a-492a-acf5-7dee93899fb4,ASC153,G008,"Chillies, green - all varieties (Capsicum annum)",3.33,g
470e6589-0bab-4e2d-9e03-b71623b1bd8c,OSR060,UK-17-367,Salt,0.5,tsp
4714cbd6-bed4-409e-b752-d37c0bdfaf32,BFP045,UK-13-873,Chilli powder,0.25,tsp
4716159a-3f44-44f0-ba12-237e0141940e,ASC031,C015,"Cabbage, green (Brassica oleracea var. capitata f. alba)",25,g
47174834-d137-4523-994d-f25529ad7bcf,BFP292,L002,"Milk, whole, Cow",100,ml
473a3a6d-e62c-4a5d-be50-57f8d96479a7,ASC376,UK-17-063,"Sugar, white",0.25,tsp
473c0e70-9e44-48d4-855f-f4ec5200337b,BFP279,UK-17-377,"Water, distilled",0.75,C
473e1e8f-d4be-40b0-b7f1-5da300843125,BFP210,G033,Turmeric powder (Curcuma domestica),0.125,tsp
474364a2-bfac-4f1e-bc74-cd6da90a0777,ASC128,D033,"Capsicum, green (Capsicum annuum)",15,g
47463e41-d20f-4b70-b11d-062bd8585478,BFP280,G012,"Garlic, small clove (Allium sativum)",0.63,g
474972db-6819-40b1-9ae0-abc89ce356cd,OSR115,UK-17-356,Bicarbonate of soda,1,tsp
4754d13b-9fff-4739-ae87-b6e2fe1ac13f,BFP446,G008,"Chillies, green - all varieties (Capsicum annum)",3.33,g
47556926-bdb1-4ffc-94e3-21ce89d8f987,OSR038,UK-17-661,"Butter, unsalted",113.5,g
475e8367-e109-42b6-8290-a52a06c6fce5,BFP362,UK-17-360,Gelatine,5,g
47601143-4ccb-4df9-a209-f49751c2a92e,ASC115,UK-13-806,"Bay leaf, dried",0.4,g
477360f2-90af-4c54-877f-e41b05f70e13,ASC203,UK-11-896,"Flour, gram",2,tbsp
477a6c3e-32d8-47aa-a01f-70aaf1481655,ASC261,UK-13-881,"Pepper, white",0.125,tsp
4782842a-8a6d-4be1-b59b-6efaa7ad260f,ASC245,G009,Coriander leaves (Coriandrum sativum),1,sprig
478535a4-7d43-4579-b2af-0abe8fee5869,ASC365,G025,Cumin seeds (Cuminum cyminum),0.25,tsp
47894af9-42b1-41b4-ac13-ac9f3b673cce,BFP568,H011,"Gingelly seeds, white (Sesamum indicum)",15,g
4794c113-2a20-4e93-a292-bd3748eb8eb0,BFP580,G009,Coriander leaves (Coriandrum sativum),1,sprig
479d1f17-7768-4529-b87e-bef5c7be3c75,OSR100,UK-17-377,"Water, distilled",0.58,C
479ff696-d247-494f-923e-4e40d9ca54f3,BFP534,UK-17-062,"Sugar, icing",1,tbsp
47a1067b-3688-46c8-90c2-c9e9b2cd5ae2,ASC494,ANN-ING-0019,Yellow color,1,tbsp
47a109c8-ffc0-4392-8111-7fe7e3bed8e5,ASC205,G012,"Garlic, small clove (Allium sativum)",1.25,g
47a558e5-5c6b-476e-af1c-014b14d7073f,OSR120,A019,"Wheat flour, atta (Triticum aestivum)",130,g
47aa1dbc-41b4-4617-baec-8b1d2d14e052,ASC035,UK-11-1145,"Bread, white, average",60,g
47aec98d-8162-42c6-befb-ca509666152c,ASC267,UK-17-367,Salt,0.5,tsp
47b77f68-37ce-4ff2-a528-80af7d338093,BFP276,D075,"Tomato, ripe, hybrid (Solanum lycopersicum)",25,g
47bef97b-a796-41c7-82c4-2031943e37f5,ASC005,UK-17-063,"Sugar, white",3,tbsp
47c0060f-8b36-4662-856b-b505670c4aab,ASC140,UK-11-716,"Pasta, white, dried, raw",60,g
47c7153c-918f-47b8-837f-8e5744b2b96b,BFP216,G009,Coriander leaves (Coriandrum sativum),1,sprig
47c790d6-f7df-4df0-8f44-8506a0474799,OSR026,UK-17-063,"Sugar, white",7.5,g
47cb10f1-8558-48ee-96b9-97cdc53382a7,BFP284,G017,"Onion, big (Allium cepa)",50,g
47d10c34-90dd-4e6b-8959-4afee07bdc56,OSR095,N003,"Chicken, poultry, breast, skinless",190,g
47d1b287-40c4-420d-b1b3-e9e3b08a6d8a,OSR025,G020,"Cardamom, green (Elettaria cardamomum)",0.25,tsp
47d47795-a03b-46fa-b099-1e87734d3622,ASC430,UK-17-062,"Sugar, icing",50,g
47d99406-4135-440b-8342-7302c51acb54,OSR135,G017,"Onion, big (Allium cepa)",60,g
47e9816c-1f65-494b-88ba-07af7b5571d5,BFP284,UK-18-481,"Lamb, mince, raw",100,g
47ea7203-ba30-4a2e-91d1-998d8fb7ce94,ASC178,UK-17-045,"Oil, sunflower",1,tsp
47ecd2d6-08de-4fed-a975-1c160318176f,OSR107,D061,"Peas, fresh (Pisum sativum)",72.5,g
47ee3803-7014-4c41-aadf-1e234cb1e4a9,BFP368,ANN-ING-0034,PINEAPPLE ESSENCE,0.5,tsp
47f7c7a0-b646-48fb-aeb0-2b6d3a5ab3cb,BFP491,UK-17-355,Baking powder,0.5,tsp
47f7f44c-58bc-47e5-9aa3-3f43d14b25b0,ASC186,UK-13-873,Chilli powder,0.25,tsp
47fa706e-f238-447f-8f2a-949dc4cdf853,OSR068,UK-17-661,"Butter, unsalted",3,tbsp
47fd1e88-d702-4ac9-a622-09568e689307,ASC137,UK-17-367,Salt,0.5,tsp
47ffbf54-0bae-4e21-b1d8-4abcd694cefa,OSR055,UK-17-367,Salt,3,tbsp
4804ecb0-bee6-40d6-b32b-e9874a6a2cd3,ASC442,A018,"Wheat flour, refined (Triticum aestivum)",50,g
48070e86-a539-4c39-81e6-75fafc3b997e,OSR027,UK-17-654,"Mayonnaise, standard, retail",1,tbsp
48073a24-2ab0-45e3-af46-3a3b9876e9d6,ASC261,UK-12-184,"Yogurt, whole milk, plain",30,g
480a616c-1b05-47b4-aedf-756bbd25be28,BFP491,UK-17-661,"Butter, unsalted",40,g
4812e1ae-08d5-40dd-bae2-5c6df40dc114,BFP276,G033,Turmeric powder (Curcuma domestica),0.125,tsp
481a0065-c68a-4192-b15a-b0e462505a44,BFP013,UK-17-063,"Sugar, white",45,g
481fe115-8867-4509-b16b-aea84e524a89,OSR005,UK-17-377,"Water, distilled",18,tbsp
48274afd-87ab-4f26-8cc4-1742b5dc54d8,BFP280,B001,"Bengal gram, dal (Cicer arietinum)",1.125,g
482c1988-1fc2-4e9b-a50b-1f3fdb6cb7c6,ASC364,US-806341,AJWAIN SEED WHOLE ORGANIC SPICES,0.25,tsp
483d20a2-7b0f-4a35-bb57-6f265ba5958f,ASC089,UK-17-721,"Soy sauce, light and dark varieties",0.25,tsp
483fbf4d-b611-4a62-ba46-7f70713a960c,BFP288,UK-17-661,"Butter, unsalted",0.75,tsp
4847e8a7-0591-4a56-81af-db22718776e2,BFP001,G031,"Pepper, black (Piper nigrum)",20,g
484f98b0-94a1-4491-b464-ba969498aa71,OSR029,UK-17-654,"Mayonnaise, standard, retail",3,tbsp
48500c90-34e9-4321-b385-09b05e80fef0,OSR063,UK-13-879,Paprika,0.5,tbsp
48535df8-f5f9-44d9-a26b-8f7e059e6e97,ASC499,UK-17-377,"Water, distilled",250,ml
4855571a-d608-4452-be7c-6a4e103c632b,ASC281,UK-17-367,Salt,0.5,tsp
48579c3c-e49a-47d7-8f0e-7ad3bd3153ca,BFP080,G017,"Onion, big (Allium cepa)",20,g
485b5056-5f13-4fcb-b37d-2951707671e8,ASC231,UK-17-640,"Ghee, butter",1,tsp
48667fcb-7415-40b2-94ae-5e13ee43e479,ASC362,UK-17-377,"Water, distilled",3,tbsp
486973e5-e4e3-4048-8e3a-dc930c534b82,BFP162,UK-17-367,Salt,0.33,tsp
48757e88-cb0d-4d65-8dac-36f1e437a8de,ASC411,UK-17-045,"Oil, sunflower",30,g
4878b61f-2013-4ccd-8b6c-96ce81bd706e,BFP366,UK-12-332,"Cream, fresh, single",100,g
4878d9fd-c3ac-4328-8c7e-b925efe51daa,ASC240,D075,"Tomato, ripe, hybrid (Solanum lycopersicum)",100,g
487f4537-8336-4bc1-9cce-fdde4a0b1183,BFP294,UK-12-527,"Cheese, processed, plain",5,g
487f8ff3-e808-4694-96dd-38cb1560679b,ASC408,UK-12-545,Cocoa powder,2,tsp
48810a04-af29-4c63-ad94-a8d1fbf68406,BFP241,G014,"Ginger, fresh (Zingiber officinale)",3,g
48843311-f7de-4b78-be09-ea077cc42ac4,ASC039,UK-12-527,"Cheese, processed, plain",25,g
48847642-8a8f-4de0-a3e8-42c167c09242,BFP076,UK-17-367,Salt,0.17,tsp
488de1fd-5553-4e65-8c0e-ed10789510fe,BFP249,UK-17-377,"Water, distilled",0.5,C
489c2055-57bb-40f3-952f-188efc17094d,BFP205,G017,"Onion, big (Allium cepa)",30,g
489cb0cd-ece9-4459-931d-d69acaf2c044,BFP460,UK-12-184,"Yogurt, whole milk, plain",30,g
48a0d091-d8ab-48fd-a160-16b0e0bce60f,ASC087,UK-17-719,Chilli sauce,0.25,tsp
48a3facf-f9e3-43ab-a5a4-e25263a7db22,ASC164,D075,"Tomato, ripe, hybrid (Solanum lycopersicum)",50,g
48aa9c24-9ce2-40e3-94bf-72652d1e86a0,BFP542,UK-12-527,"Cheese, processed, plain",25,g
48b051a2-8838-4b23-9dd2-a580b9e54ece,ASC252,UK-12-184,"Yogurt, whole milk, plain",100,g
48b8aadf-7696-441a-97da-3ec1a74763fd,ASC418,A018,"Wheat flour, refined (Triticum aestivum)",55,g
48d048a1-be29-4fb1-a17e-4f0c66f108b4,ASC171,G008,"Chillies, green - all varieties (Capsicum annum)",1.67,g
48e894fd-ef84-4a08-9047-a3510b146d83,BFP047,G025,Cumin seeds (Cuminum cyminum),2,g
48ec4c4b-06fc-4ce5-af49-15afa2aaee68,ASC397,UK-17-062,"Sugar, icing",0.5,tsp
48f04a62-e006-4d7c-bbf5-7fcf5d51699e,ASC365,UK-17-377,"Water, distilled",3,tbsp
48f545ac-7137-47fe-b73d-7e9198842edf,OSR126,A018,"Wheat flour, refined (Triticum aestivum)",180,g
48f5aa7c-53a6-4b8f-81f4-575b430f412c,ASC187,D031,Brinjal - all varieties (Solanum melongena),100,g
490b1500-b318-4b11-b257-bb0b3e4db638,ASC008,G016,Mint leaves (Mentha spicata ),1,sprig
49239dd2-3b5c-4159-8f79-fe2a3b3df103,ASC268,UK-17-654,"Mayonnaise, standard, retail",3,tsp
492acbc0-9b0d-4158-9e85-b1e715dcbe91,OSR125,UK-12-184,"Yogurt, whole milk, plain",183.75,g
492b0adf-166a-468a-91bf-87a7b204a940,BFP041,UK-14-130,"Lemons, flesh only, raw, weighed with peel and pips",5,g
493379b0-3138-4df5-b2a9-09c7a99d798b,ASC439,M001,"Egg, poultry, whole, raw",12.5,g
49340220-1025-46b7-8264-04953d6dccf2,ASC394,A018,"Wheat flour, refined (Triticum aestivum)",60,g
49366f29-5ecf-4cd8-b705-8a45714a6487,BFP604,UK-17-045,"Oil, sunflower",10,g
493f4dc2-a9ff-4148-9886-439147a99254,ASC154,UK-17-367,Salt,0.5,tsp
4944428c-1b55-477e-8ec7-661e5daa2d50,OSR137,C015,"Cabbage, green (Brassica oleracea var. capitata f. alba)",22.25,g
4944b398-a8d6-4187-9e0e-fa62d8b61fe1,BFP531,A018,"Wheat flour, refined (Triticum aestivum)",120,g
4944eb1c-6163-4e04-98e2-ee77f4c7f2ff,BFP141,G012,"Garlic, small clove (Allium sativum)",1.25,g
4946024e-f7f1-4338-890a-c92326309784,ASC222,G014,"Ginger, fresh (Zingiber officinale)",10,g
4952433b-2194-4466-b9dd-494992dee1a3,ASC316,UK-17-062,"Sugar, icing",1,tbsp
49591c9b-490e-41a2-b56a-a0a50c27690b,BFP127,M001,"Egg, poultry, whole, raw",12.5,g
495e7260-6555-4272-bed6-9aa6332063c6,BFP555,B010,"Green gram, dal (Vigna radiata)",10,g
49686125-88e3-46b9-949b-4eacecba982a,ASC360,G033,Turmeric powder (Curcuma domestica),0.125,tsp
496ccb85-22c9-4e9d-9921-6b4daabb00e4,ASC009,UK-17-063,"Sugar, white",3,tbsp
496ee678-3f4d-42c3-a9cf-268b447f3b3f,BFP168,D075,"Tomato, ripe, hybrid (Solanum lycopersicum)",15,g
49739007-13d1-432b-b03c-ca9f4d313957,ASC442,UK-12-545,Cocoa powder,1.25,tsp
4985a3d0-8dd5-46ea-ba65-fee205c5c7d6,BFP141,G023,Cloves (Syzygium aromaticum),0.25,tsp
4986d70f-5798-4780-a8f0-70d28602a888,OSR102,UK-17-377,"Water, distilled",0.5,C
498d3e85-b7bf-492a-97d4-be87f9478f7b,ASC240,UK-13-829,Garam masala,0.25,tsp
49aedc45-bebe-4e1d-9100-fc9fa386a58f,ASC216,ANN-ING-0004,Tartaric acid,0.25,tsp
49b9671b-2b31-4b3a-a92b-f3f889b34f08,BFP262,G014,"Ginger, fresh (Zingiber officinale)",5,g
49bffc49-3344-4644-8b6f-fc7d5f6d68e6,OSR046,UK-17-063,"Sugar, white",600,g
49c9820a-cab2-4d5e-9427-9ae9cf61cfd9,ASC098,UK-17-045,"Oil, sunflower",2,tbsp
49cd598b-8122-4861-b127-1ee7c9a90b68,ASC098,A019,"Wheat flour, atta (Triticum aestivum)",80,g
49ceb2ea-ab8b-4f38-94d3-542623eb7fd5,BFP152,A014,"Rice, parboiled, milled (Oryza sativa )",50,g
49cf536d-e448-41d5-a311-04e2e9bfebaa,BFP348,UK-17-063,"Sugar, white",30,g
49d0ca47-4e06-4aab-be8b-64ee2e7519c0,BFP545,D075,"Tomato, ripe, hybrid (Solanum lycopersicum)",15,g
49d211de-bfb7-4948-8ff2-f861955ece26,ASC093,UK-17-719,Chilli sauce,0.25,tsp
49d6416a-12e5-4c5f-b322-fb58366d6c2c,BFP348,UK-12-333,"Cream, fresh, whipping",125,g
49d9daf8-7d1e-48c2-9d91-8cbe7ee3a255,OSR135,G024,Coriander seeds (Coriandrum sativum),1,tsp
49dfdc40-1645-4a6b-be45-387e999f93d9,ASC322,A018,"Wheat flour, refined (Triticum aestivum)",40,g
49fb46bc-7d4a-4be3-a32f-9948bcbb5101,OSR010,L002,"Milk, whole, Cow",5,C
4a03afcc-8452-4d4e-ad71-7b62f07251d0,ASC439,A018,"Wheat flour, refined (Triticum aestivum)",50,g
4a0fd490-303d-4672-8e4a-dbb0d32774ad,ASC287,L003,Paneer,25,g
4a189414-a33d-4655-983a-ec098dcd058d,ASC123,F002,"Carrot, orange (Daucus carota)",50,g
4a1cb099-8592-466c-a322-a809ae455b56,BFP133,UK-17-377,"Water, distilled",240,ml
4a27c3b2-2b83-4af1-a342-7577b22c3fc0,ASC227,UK-12-184,"Yogurt, whole milk, plain",30,g
4a2b296b-2881-48c3-83ec-4b742d2581df,BFP606,UK-17-377,"Water, distilled",1,tsp
4a2ccddd-6526-4298-9394-3aab8e2943e6,BFP277,UK-17-045,"Oil, sunflower",2,tsp
4a2e9a5a-ac76-40ee-ae8a-1e181489e595,ASC394,UK-17-377,"Water, distilled",2.5,tsp
4a3220cd-2290-4d56-8afd-d2681e1f6b0d,BFP187,G025,Cumin seeds (Cuminum cyminum),0.25,tsp
4a39651a-7840-46ce-8590-2aa79e6028c5,ASC096,UK-17-640,"Ghee, butter",1,tsp
4a3c284f-1b06-4037-b359-e8b85c2cd7d7,OSR151,A005,Jowar (Sorghum vulgare),100,g
4a413ce4-c042-435a-864e-59661d050403,BFP293,UK-12-527,"Cheese, processed, plain",25,g
4a487309-4e61-4644-b489-cb76271b89f5,ASC067,M001,"Egg, poultry, whole, raw",16.6,g
4a59c353-b282-41f0-8733-bc07ac9b4b1d,ASC182,G033,Turmeric powder (Curcuma domestica),0.125,tsp
4a6045d5-c49f-4e27-b275-1b0d79e28c83,OSR068,UK-13-879,Paprika,1,tsp
4a6790c9-4b02-462e-ac6e-5e0ee4593978,BFP606,L002,"Milk, whole, Cow",80,ml
4a6b02d5-b74d-45ec-a5d3-f88d9dd492b6,BFP367,UK-17-062,"Sugar, icing",30,g
4a7634d9-9b4b-4245-acbf-b18815c9707b,BFP259,UK-13-873,Chilli powder,0.125,tsp
4a793ce4-e8e2-451c-9d3e-78a7c53ecd95,OSR090,G017,"Onion, big (Allium cepa)",50,g
4a7fb220-225e-45c7-86f4-28ca6e05bf4c,BFP170,UK-13-873,Chilli powder,0.25,tsp
4a80bb38-2a08-4a4c-aac7-449f3e8c9f47,BFP142,UK-18-304,"Chicken, whole, corn-fed, raw, meat and skin, weighed with bone",100,g
4a8c0d11-bf8c-4734-a561-c2d4f3e985ae,ASC380,UK-13-873,Chilli powder,0.125,tsp
4aa72edf-8dbf-4a4f-81db-ccd91da25b4f,ASC355,US-806341,AJWAIN SEED WHOLE ORGANIC SPICES,0.25,tsp
4aae3653-a6e4-40d8-bfac-650973573673,OSR100,UK-11-896,"Flour, gram",100,g
4ab58976-08bc-4a1e-8f3d-3359bb5a0fee,ASC194,G008,"Chillies, green - all varieties (Capsicum annum)",3.33,g
4abe0593-0a93-43ee-be8b-59438c20a6ec,ASC129,M001,"Egg, poultry, whole, raw",50,g
4ac04d32-0ca5-47a5-ac80-3e11d59ee743,BFP289,UK-17-661,"Butter, unsalted",1,tsp
4ac5c4e2-99af-49e4-82a5-80c12981e5e7,BFP176,UK-17-045,"Oil, sunflower",0.5,tsp
4ac9a2a9-9196-4785-a701-d971ac84579f,BFP125,L002,"Milk, whole, Cow",60,ml
4aca6cde-297e-414c-8bb5-be7398db4f00,BFP178,G012,"Garlic, small clove (Allium sativum)",0.63,g
4acf3cdf-9836-41d8-ada5-b16ba0c8d89b,BFP141,UK-17-727,"Stock cubes, vegetable",120,ml
4ad23e30-cc93-426f-8c45-1299a88684b8,ASC109,UK-13-873,Chilli powder,0.25,tsp
4ad34d4b-bbb6-4147-b527-14ffc2bbf60d,BFP421,US-806341,AJWAIN SEED WHOLE ORGANIC SPICES,0.25,tsp
4ad37d77-3664-4160-85a5-e829afc6d01c,ASC147,UK-12-184,"Yogurt, whole milk, plain",61.25,g
4ad69d16-802e-490c-9818-2340277709ef,BFP517,UK-17-661,"Butter, unsalted",15,g
4adcc626-5675-4513-8a4a-eca7d3bafb86,OSR066,US-172337,"Oil, mustard",5,tbsp
4ae9ec03-68dd-4a76-9f42-862d171855be,ASC335,H001,Almond (Prunus amygdalus),2.22,g
4aeed56a-7575-45ac-aab5-d905009516e9,OSR021,A001,"Amaranth seed, black (Amaranthus cruentus)",231.6,g
4af05979-f4cf-49a3-91d8-2d39bf01d117,ASC494,UK-17-377,"Water, distilled",750,g
4af52a1c-8eb2-4b86-895d-2f812fd9b2d2,OSR085,G025,Cumin seeds (Cuminum cyminum),2,tsp
4af77a85-5279-48f2-bd5f-d640cfc1b0f7,ASC139,UK-17-661,"Butter, unsalted",2,tsp
4af91770-6e60-48c5-a683-788745394300,ASC180,G017,"Onion, big (Allium cepa)",10,g
4b018145-e874-4fca-98f8-30a12b3f6195,ASC233,UK-17-377,"Water, distilled",0.5,C
4b050c90-1795-4308-88c6-5ba0b7f7d550,BFP373,E014,"Cherries, red (Prunus cerasus)",10,g
4b085a0c-be5e-4f0d-81bd-236d07464a72,OSR027,E033,"Lemon, juice (Citrus limon)",2,tbsp
4b0b44c5-5ba7-4b9f-9ff9-f186b1258907,OSR064,UK-12-184,"Yogurt, whole milk, plain",1,tbsp
4b0bbc9c-976f-4983-9411-2325ddfb8240,ASC233,G021,"Cardamom, black (Elettaria cardamomum)",0.25,tsp
4b103ede-1655-41a6-ad8d-da8ac0ffc44d,ASC105,UK-17-377,"Water, distilled",4,tbsp
4b133dec-3da2-4af0-b0fa-f60fe7cb92ff,BFP346,UK-11-1045,"Flour, corn",1,tsp
4b194e00-334e-41d2-94d2-4812ee7a1adc,BFP210,G014,"Ginger, fresh (Zingiber officinale)",5,g
4b21bea4-51a9-4393-bd1c-11e68785149a,ASC214,G008,"Chillies, green - all varieties (Capsicum annum)",3.33,g
4b3577a9-77d2-47b5-8621-52998aa3d725,ASC110,A019,"Wheat flour, atta (Triticum aestivum)",80,g
4b37cf63-d1f6-4fe0-8f17-cad1b2339e6f,ASC036,UK-17-362,Mustard powder,0.25,tsp
4b3ec551-ce2c-47b5-80e3-b3506a14cd64,ASC217,G008,"Chillies, green - all varieties (Capsicum annum)",1.67,g
4b4c645e-7b25-40da-a9ea-4946a41b64f2,OSR108,E033,"Lemon, juice (Citrus limon)",3,tbsp
4b4de6f7-641e-4055-865e-0d72a67a2e2f,ASC375,F006,"Potato, brown skin, big (Solanum tuberosum)",60,g
4b6203c0-608a-4cd1-af93-daccb3cb5cfa,ASC411,L002,"Milk, whole, Cow",1,tsp
4b6e41af-5666-4bed-bdae-331129222919,OSR131,L002,"Milk, whole, Cow",7,C
4b79a1f1-e1bf-454a-9289-7acfee0bffdb,BFP223,P057,"Pomfret, white (Pampus argenteus)",100,g
4b7b9b21-2384-4f3a-8156-e858460afe4b,BFP197,UK-13-873,Chilli powder,0.125,tsp
4b7ec753-2dbd-4502-99eb-f7502d325528,ASC426,US-173471,Vanilla extract,2,tsp
4b8a395c-3f2f-4bb7-93c4-f046d3f6bd09,ASC245,UK-17-339,Vinegar,1,tsp
4b8ad6d3-10c5-4a0c-b0de-198bbdfd243e,BFP507,M003,"Egg, poultry, yolk, raw",5.3,g
4b8d448c-359f-424a-9e59-219c1e0cfd29,ASC311,UK-17-377,"Water, distilled",1,tbsp
4b8ee574-2027-4ed2-81db-2d4d002ab90b,ASC234,G014,"Ginger, fresh (Zingiber officinale)",1,tsp
4b91537f-36c2-4450-ab4b-6cd47415a794,ASC200,UK-17-367,Salt,0.5,tsp
4b965f1e-9a01-42d0-8621-09429b4e6158,BFP222,UK-17-377,"Water, distilled",15,ml
4b997948-dd6d-46af-987c-e69c80bcf50e,BFP134,G025,Cumin seeds (Cuminum cyminum),0.5,tsp
4b9f8d56-8b62-4b65-b494-b826b2334863,ASC202,UK-13-873,Chilli powder,0.25,tsp
4ba2693e-ee4b-4cdc-abe1-630f5791a796,ASC360,UK-11-021,"Flour, rice",2,tsp
4ba31716-928e-4daa-abd3-6b6c3b66186b,ASC210,UK-17-045,"Oil, sunflower",1,tsp
4bc1c55c-bb92-4c10-8b2d-fc1d3de8a236,BFP042,UK-17-377,"Water, distilled",100,ml
4bcb7886-5146-4673-9c3a-3a05c03f84e2,ASC286,A022,"Wheat, semolina (Triticum aestivum)",10,g
4bcfb10b-4f6b-4300-865f-98444345100b,BFP222,UK-12-184,"Yogurt, whole milk, plain",75,g
4be0ef81-42b9-4154-b88b-9b215668f3cb,BFP074,G028,Nutmeg (Myristica fragrans),0.25,tsp
4be8dbc4-628c-45d8-a0d2-62a1d89712bf,ASC232,UK-13-827,Fennel seeds,1,tsp
4becae3f-8ea3-4f5a-8d79-de0fec0eb29c,ASC370,F006,"Potato, brown skin, big (Solanum tuberosum)",100,g
4bf2cd99-bca5-4486-a88e-4ba49535e4fb,OSR137,UK-17-045,"Oil, sunflower",2,tsp
4bfa7cbb-8fef-4dff-ac69-7a29448b7ff5,ASC196,G012,"Garlic, small clove (Allium sativum)",1.25,g
4c042664-fc50-4fb1-9d72-b71f51151b61,BFP147,UK-17-045,"Oil, sunflower",0.5,tsp
4c05d77f-59a0-4fd1-8e41-db91508461f5,ASC445,M001,"Egg, poultry, whole, raw",12.5,g
4c0b73a2-ac9b-48d5-9626-2b7cbb0c2c95,BFP041,G008,"Chillies, green - all varieties (Capsicum annum)",1.67,g
4c0dbbad-11da-4aec-815c-51f80b38594d,BFP427,F006,"Potato, brown skin, big (Solanum tuberosum)",100,g
4c299e93-5e6e-466a-931b-7f1850ac2b9e,ASC248,D075,"Tomato, ripe, hybrid (Solanum lycopersicum)",20,g
4c3380c2-4d42-44f3-ae2a-635e21a332da,ASC425,UK-17-661,"Butter, unsalted",125,g
4c35d4cf-b255-46c9-ae54-eeff58cbdaf5,ASC130,G023,Cloves (Syzygium aromaticum),0.5,tsp
4c361e0c-3684-4780-85d2-57ef80609cd8,OSR108,G024,Coriander seeds (Coriandrum sativum),0.1,tsp
4c387b0f-7b07-4113-af81-0edb3d605b26,BFP371,G028,Nutmeg (Myristica fragrans),0.25,tsp
4c4052c5-4ebc-4bed-8eca-50a363c25eca,BFP150,G033,Turmeric powder (Curcuma domestica),0.25,tsp
4c481688-0f5d-4028-8cbb-e361c025f32d,BFP201,UK-17-367,Salt,0.17,tsp
4c4a8b89-c3b4-4bed-b105-eaa3ac13b003,ASC083,UK-17-045,"Oil, sunflower",2,tbsp
4c5a1055-708a-4357-b9df-65dadf95906f,BFP321,C033,Spinach (Spinacia oleracea),100,g
4c5a5200-692f-4248-8d38-986abb172cf9,ASC122,D075,"Tomato, ripe, hybrid (Solanum lycopersicum)",50,g
4c5c1f36-d26a-4641-9797-011c74cbff43,OSR155,UK-17-640,"Ghee, butter",1.5,tbsp
4c5e0088-ee0b-43a2-87cd-740d2c17fee0,ASC405,UK-17-367,Salt,0.25,tsp
4c694a1c-b785-437a-8ba9-d943d0330890,ASC075,UK-13-873,Chilli powder,0.25,g
4c6be3d9-009e-4ece-8c16-62d2cf51f3a1,ASC411,UK-17-045,"Oil, sunflower",5,g
4c6d9a65-daea-496b-8d8c-a48311d4a8d3,ASC328,UK-17-661,"Butter, unsalted",30,g
4c793ce2-a767-4b1c-8220-a60457703583,ASC224,G031,"Pepper, black (Piper nigrum)",0.125,tsp
4c8d280a-4a71-4d35-bbac-8777ae10e09c,BFP249,G024,Coriander seeds (Coriandrum sativum),0.25,tsp
4c947d5b-24fc-49d8-9284-0263d3f8afb9,BFP142,G032,Poppy seeds (Papaver somniferum),0.25,tsp
4ca41178-c25f-44d3-a640-e0935a2dc624,BFP420,G012,"Garlic, small clove (Allium sativum)",0.63,g
4ca9dadb-5bd4-4914-bc55-f9443dcc49f2,ASC040,UK-17-362,Mustard powder,0.25,tsp
4cad3fcf-fa0a-4ca3-8c79-1a97bb368545,BFP445,G031,"Pepper, black (Piper nigrum)",0.25,tsp
4cb0c3f5-5583-4c56-95e9-6a050cae1d10,ASC409,UK-17-367,Salt,0.25,tsp
4cbcd1aa-d027-458e-b01f-21a2565b0641,BFP576,G033,Turmeric powder (Curcuma domestica),0.125,tsp
4ccfacc0-824e-43b4-9d02-8a001e275ee0,OSR014,UK-17-377,"Water, distilled",2.25,C
4cd31539-ae2e-4216-8208-865d3c5200dd,ASC062,L002,"Milk, whole, Cow",1,tbsp
4cd7c544-1a4b-404d-adbf-87d480572b03,BFP250,UK-17-377,"Water, distilled",0.5,C
4cda9833-e4d8-4157-9c1a-a61aac429b9e,OSR108,UK-17-045,"Oil, sunflower",2,C
4cdae6f5-768d-42de-a65e-a24a7f47e740,BFP564,UK-17-367,Salt,0.125,tsp
4cdafbd0-de41-4177-810e-70b3b640f7c1,BFP003,G023,Cloves (Syzygium aromaticum),25,g
4cdf9991-b432-4a5c-9399-a4e0a7700cf0,ASC172,UK-13-829,Garam masala,0.25,tsp
4ce76610-91c2-4324-be90-39920069b243,BFP141,G023,Cloves (Syzygium aromaticum),0.25,tsp
4ce78168-e782-4d1d-972e-f34f04b926ce,BFP226,UK-11-1145,"Bread, white, average",10,g
4cf0c65b-350c-4a26-a101-5c497b452c10,BFP197,G031,"Pepper, black (Piper nigrum)",0.5,tsp
4cf6071a-1a0f-4828-b8a5-2ab639ceb0a6,ASC039,UK-11-1145,"Bread, white, average",60,g
4cf76abf-510c-4ebf-b862-9212af958fff,BFP489,ANN-ING-0041,Lemon color,2,drops
4cfcbf6e-6dac-48fe-8c13-d0b15a915a9c,ASC452,UK-17-661,"Butter, unsalted",30,g
4d0c0b1b-fc5c-4510-9aac-697690208e75,BFP373,E033,"Lemon, juice (Citrus limon)",0.33,tsp
4d0ca379-c2f3-484c-83cb-9559cf1f169c,ASC061,UK-17-045,"Oil, sunflower",2,tbsp
4d0fe0de-2b77-4285-93df-34df725978be,BFP097,G031,"Pepper, black (Piper nigrum)",0.25,tsp
4d13528a-e1f7-4d0e-8275-964b47559ec8,ASC416,A018,"Wheat flour, refined (Triticum aestivum)",4,tsp
4d15c80b-0520-4ab3-b413-3877396b6ba6,BFP204,G033,Turmeric powder (Curcuma domestica),0.25,tsp
4d261109-f6b3-4386-8a9d-5854f69cafa5,BFP072,G017,"Onion, big (Allium cepa)",10,g
4d26b9b1-0780-4d19-9548-7512331657cf,BFP549,ANN-ING-0047,SPINACH POWDER,2,g
4d285303-b84c-4485-82f5-60957bfbefad,ASC251,G012,"Garlic, small clove (Allium sativum)",5,g
4d2dd8cf-e7a9-4e85-8919-039745fb889c,BFP390,UK-17-377,"Water, distilled",100,ml
4d303324-788a-40aa-9b3a-4a3f12c611a3,BFP557,C033,Spinach (Spinacia oleracea),10,g
4d3400c1-9627-45b2-b958-ea4aaf71fc5c,ASC260,UK-17-339,Vinegar,1,tsp
4d379962-3578-49b9-b643-ebcfbb31d82f,ASC186,UK-13-829,Garam masala,0.25,tsp
4d37d3f8-0586-4120-9203-49529522731b,OSR142,G017,"Onion, big (Allium cepa)",50,g
4d3fa2f0-dbc4-48e0-99b4-7d0db01d14a1,BFP583,UK-17-377,"Water, distilled",1000,ml
4d4011cf-84d3-4087-9753-8c0b9aef8434,OSR118,UK-17-045,"Oil, sunflower",2,C
4d49bb4b-5a9f-418e-8acc-e74b7dc770e8,ASC457,UK-17-367,Salt,0.5,tsp
4d4e7f21-1d27-46d8-9b70-4c1378549195,BFP505,ANN-ING-0032,Orange colour,0.25,tsp
4d503fba-ea5c-484c-bb17-df9e25719bfc,ASC023,G031,"Pepper, black (Piper nigrum)",0.25,tsp
4d5977d6-d478-4ea8-82e4-984977372a2a,ASC190,G014,"Ginger, fresh (Zingiber officinale)",5,g
4d5f11a9-8a3c-4e43-9b70-01c2727ebc0c,ASC045,C015,"Cabbage, green (Brassica oleracea var. capitata f. alba)",50,g
4d60ad78-c9d3-4ef8-bc25-ed9cd24a16f6,BFP143,UK-13-874,"Cinnamon, ground",2,g
4d650a5a-25ab-49a5-af3e-a7b082769fdd,ASC446,UK-17-355,Baking powder,0.25,tsp
4d694f28-ebf6-4a15-9576-d6727b7a2b7c,ASC400,UK-17-062,"Sugar, icing",0.5,tsp
4d69dd8e-5ad9-43a3-8d11-b12cff1368d7,BFP179,UK-17-367,Salt,0.125,tsp
4d6a14db-05c5-42ab-8071-6a9460cf54fc,BFP229,UK-17-377,"Water, distilled",100,ml
4d6d25f2-be92-4844-888f-a1ae28eb43b5,ASC294,UK-17-377,"Water, distilled",25,ml
4d77959c-0ce4-429c-88de-db44f7528550,BFP459,UK-11-1145,"Bread, white, average",60,g
4d828e87-8fa7-49fb-8033-b5d2330158a8,ASC309,M001,"Egg, poultry, whole, raw",50,g
4d85f20e-0e10-49a3-8f26-3c8020a000e7,BFP076,G031,"Pepper, black (Piper nigrum)",0.25,tsp
4d88df68-c354-426a-bdf4-6ef7398a3403,ASC173,UK-13-873,Chilli powder,0.125,tsp
4d88df7c-2952-4066-bc39-10badfdf70a7,ASC088,D061,"Peas, fresh (Pisum sativum)",20,g
4d915ab4-9f78-4419-a13c-8e7a88ae5207,OSR116,UK-11-896,"Flour, gram",184,g
4dad79e3-cadc-4eeb-91e0-ffc36fdc6c13,ASC221,UK-17-640,"Ghee, butter",1.5,tbsp
4dadfe66-6cfc-414c-bf87-df121c457895,BFP231,C028,Parsley (Petroselinum crispum),0.25,tsp
4daee71d-627f-4deb-b8ce-789efaeee1ca,BFP531,UK-17-377,"Water, distilled",1.5,tbsp
4db33d18-3045-4e9f-bb89-e83b78bf0a2c,OSR075,UK-17-367,Salt,0.5,tsp
4db4db0e-1ecd-4725-9e3c-49ce77c513c8,ASC104,G009,Coriander leaves (Coriandrum sativum),1,sprig
4db84fef-51ed-4635-9dc7-90e47e980d51,ASC069,D061,"Peas, fresh (Pisum sativum)",20,g
4dbc4355-13ad-4659-b76c-d3789b534ac4,ASC367,G009,Coriander leaves (Coriandrum sativum),1,sprig
4dbd7d70-c94e-44ae-ad3d-7bb49d84fa4e,ASC117,G023,Cloves (Syzygium aromaticum),0.25,tsp
4dc18197-92b1-4dcf-9bf7-f867d46b5dba,ASC471,UK-11-896,"Flour, gram",25,g
4dc8387f-a203-41cf-b196-a792e505691c,ASC339,ANN-ING-0006,Kewra essence,0.25,tsp
4dcb0313-1679-41ce-af8a-96dfe9d68706,ASC458,UK-17-367,Salt,0.5,tsp
4dcb985f-be17-4bd0-8e99-4d873c027a59,OSR141,E034,"Lime, sweet,pulp (Citrus limetta)",1,tsp
4dd07e26-0721-4364-8d82-d0cddd572189,OSR099,E033,"Lemon, juice (Citrus limon)",0.75,tsp
4dd287ff-ce72-4c45-a5e6-67b6faba0cfb,BFP088,UK-12-332,"Cream, fresh, single",5,g
4dd8845f-9e61-4f91-9bd1-6fc60b618df6,OSR051,UK-13-873,Chilli powder,4,tbsp
4ddbfb66-415b-4a3d-b88a-b78c85725a9f,OSR077,UK-13-829,Garam masala,0.25,tsp
4dde7606-2b78-4e00-b244-c76ba1d28e9c,ASC199,UK-13-829,Garam masala,0.25,tsp
4ddfe691-43ac-43ec-8ccf-1d15789b57be,ASC319,UK-17-062,"Sugar, icing",25,g
4deb3dd5-698e-4f7a-b922-c8724a21ff06,BFP416,UK-17-377,"Water, distilled",45,ml
4def0bfe-0a71-4ac6-a314-7ab0effe83b6,ASC122,G017,"Onion, big (Allium cepa)",100,g
4df21555-e4ee-406f-8fd2-b3837b1b2dcc,ASC178,G024,Coriander seeds (Coriandrum sativum),0.125,tsp
4df2b06a-372a-49d6-b9d0-b23b9cc033f4,ASC418,UK-17-661,"Butter, unsalted",35,g
4df5a0b2-c345-44e7-8165-842b2c6a34ca,BFP470,UK-17-654,"Mayonnaise, standard, retail",10,g
4df6c44e-3dbc-445c-a59e-a7a5a87ba4fc,OSR065,G008,"Chillies, green - all varieties (Capsicum annum)",6.67,g
4dfef727-d7fe-4992-afa5-1f4f181c0709,OSR120,UK-12-520,"Milk, condensed, whole, sweetened",152,g
4e0ce381-da32-4e8b-830b-190b5939239a,ASC241,G017,"Onion, big (Allium cepa)",20,g
4e111baf-f981-4d5b-91a7-c7a69e0d5e39,BFP177,G019,Asafoetida (Ferula assa-foetida),0.25,tsp
4e17a1bf-affc-421b-9aee-df26c5b0362b,ASC236,UK-11-1145,"Bread, white, average",2,tbsp
4e1ac61c-f43a-4bfe-ad80-3d54f3924d9a,ASC226,G014,"Ginger, fresh (Zingiber officinale)",5,g
4e226582-af7a-4db9-bd0b-463f6c6cded9,BFP204,G008,"Chillies, green - all varieties (Capsicum annum)",1.67,tsp
4e2277a7-fc9c-4909-a24b-ecbefb2bf884,ASC357,UK-13-873,Chilli powder,0.125,tsp
4e255075-bb64-41f0-a116-3e93d81ab7bc,BFP457,G031,"Pepper, black (Piper nigrum)",0.25,tsp
4e2b8866-1b2e-40f2-befa-3f788d3c8692,ASC124,UK-17-367,Salt,0.75,tsp
4e31a293-29a1-43a7-ba57-08758312ee60,ASC168,UK-11-896,"Flour, gram",20,g
4e37e61f-2e18-4d88-a993-e34fc824d8a1,BFP142,UK-17-367,Salt,0.5,tsp
4e398c5b-c62d-4ddc-9863-24e65443e12d,OSR152,UK-11-1145,"Bread, white, average",300,g
4e412ca5-2aa5-42ab-b804-02bc029e7577,BFP545,UK-17-377,"Water, distilled",20,ml
4e42e7bc-56bb-4776-b010-e7cffd1c999a,ASC203,UK-13-829,Garam masala,0.25,tsp
4e436b54-7f7e-4744-9cf8-b6825b502521,ASC130,UK-17-367,Salt,0.25,tsp
4e47b06c-cd57-4a22-9ae2-cb73064da1ef,OSR122,UK-17-355,Baking powder,1.5,tsp
4e4ca5b0-c0d8-4ba7-8b2c-d35cc51d09bb,BFP210,UK-17-367,Salt,0.17,tsp
4e535d2e-085f-40ee-b8cc-505305dead66,ASC354,UK-13-873,Chilli powder,0.25,tsp
4e550568-3ef9-47f2-ab22-ad72a43e01fd,OSR127,UK-17-355,Baking powder,0.25,tsp
4e5b428e-30c8-4fc5-8d60-8ce8badc85bc,ASC215,G017,"Onion, big (Allium cepa)",25,g
4e5f9456-c7c9-4369-87a0-e616ec955df6,BFP074,G017,"Onion, big (Allium cepa)",10,g
4e64bc0c-e45a-4e70-a39e-46d1e5fd4253,OSR055,C026,Mustard leaves (Brassica juncea),1500,g
4e7323d3-c7fe-4df5-a08d-584d976401db,ASC454,UK-11-938,"Breakfast cereal, crunchy clusters type, without nuts, unfortified",20,g
4e77e88a-a4a2-4050-a5c4-c264f899e323,BFP088,UK-17-377,"Water, distilled",240,ml
4e7d04b3-d820-4c99-910c-f8e2cac30d77,ASC190,G033,Turmeric powder (Curcuma domestica),0.125,tsp
4e7db398-8a2d-4453-af66-2199067821e7,ASC135,UK-17-719,Chilli sauce,0.5,tsp
4e840000-3192-490d-a537-ac14b39fcf49,BFP179,G033,Turmeric powder (Curcuma domestica),0.25,tsp
4e867115-f9f1-4ac8-b48f-9af4860f019d,ASC401,UK-17-362,Mustard powder,0.25,g
4e8677e4-6b19-4bca-a369-801bd03a2693,BFP391,A018,"Wheat flour, refined (Triticum aestivum)",0.5,tbsp
4e88cdc3-2472-4b1f-9c12-b2c791c43855,ASC134,UK-13-580,"Beansprouts, mung, boiled in unsalted water",20,g
4e8f8352-58d2-44f4-84dd-aec604ebf01f,ASC209,UK-13-829,Garam masala,0.25,tsp
4ea05f3f-6cea-4bd4-85c1-3423ef505e10,ASC201,G033,Turmeric powder (Curcuma domestica),0.25,tsp
4ea9748b-7b75-441f-9f72-a1fc2e012530,BFP292,UK-12-332,"Cream, fresh, single",1,tbsp
4eac8a56-4c45-409e-8a32-77f9dc4b8204,BFP577,G017,"Onion, big (Allium cepa)",10,g
4eb313fa-7c44-4345-8234-7f258455d152,OSR027,UK-17-038,"Oil, olive",2,tbsp
4eb66815-ffb9-477f-9065-a272522489d5,BFP440,UK-17-063,"Sugar, white",0.5,tsp
4ebe0f4a-a89b-4b1b-a312-4112782e75d3,ASC209,G033,Turmeric powder (Curcuma domestica),0.125,tsp
4ec6197f-a3f9-4092-afd1-85c3eac06aea,ASC085,UK-13-806,"Bay leaf, dried",0.4,g
4edb867a-bcac-4ecd-83eb-33ba0de5e80d,BFP456,G031,"Pepper, black (Piper nigrum)",0.25,tsp
4edba34b-be43-4187-96b6-d165412b0e5b,ASC172,G014,"Ginger, fresh (Zingiber officinale)",6.33,g
4edbe870-53f0-42fa-8b41-d247af121cfe,ASC493,UK-17-377,"Water, distilled",750,g
4ef0510b-aeb8-4935-a895-4517ae858ee3,ASC313,UK-14-335,"Cherries, glace",5,g
4efb6957-0c9b-4e9b-852c-607e26efb8f7,ASC157,UK-17-045,"Oil, sunflower",2,tsp
4f0112d3-0a71-4b3a-be74-725a567aad79,BFP296,UK-17-661,"Butter, unsalted",12,g
4f062720-84d8-43ae-823d-38b1dc10433b,ASC131,UK-12-527,"Cheese, processed, plain",10,g
4f0bcfcf-1cf0-46a7-9b42-0ef396fe92ba,BFP369,L002,"Milk, whole, Cow",15,ml
4f222ce8-eb5d-4609-b05e-fdb63d23091f,BFP380,UK-17-661,"Butter, unsalted",20,g
4f23e378-a9ed-40f4-b960-571902422269,OSR156,US-173756,"Chickpeas (garbanzo beans, bengal gram), mature seeds, raw",400,g
4f299262-9c98-4c69-8132-a542235b83e5,BFP365,UK-17-377,"Water, distilled",1,tbsp
4f2a2c2e-5ea4-4184-be54-c94ac41ca290,BFP194,O064,"MUTTON, muscle",120,g
4f3869db-107b-4766-ae3c-9b1abcf1958e,ASC193,G009,Coriander leaves (Coriandrum sativum),1,sprig
4f3da6ce-c0ae-47f4-aaa9-e43f821f5a9a,OSR144,B003,"Black gram, dal (Phaseolus mungo)",43.75,g
4f40c1cd-7bab-43b8-9557-a50c1509e42d,BFP168,UK-13-873,Chilli powder,0.125,tsp
4f45ef83-b10c-42f2-ba47-8ecf1d279c6f,BFP318,UK-17-367,Salt,0.17,tsp
4f463e99-2202-4088-bc0f-544d9eac72c7,OSR139,UK-13-874,"Cinnamon, ground",2.5,g
4f538945-5e10-452f-b15c-59ecb2727a7b,ASC205,UK-13-873,Chilli powder,0.125,tsp
4f66b210-cfd1-4cf1-985c-f728d8fc3213,OSR076,D036,Cauliflower (Brassica oleracea var. botrytis),100,g
4f68d008-025d-4531-8187-cab23d6b4f4f,ASC285,UK-17-063,"Sugar, white",1.5,tbsp
4f6c84b1-1c2b-4d2e-a215-066d8d090b41,BFP510,UK-13-874,"Cinnamon, ground",0.125,tsp
4f6ef4b0-ea9b-46d1-95d3-197c2b173516,BFP089,UK-17-377,"Water, distilled",240,ml
4f74ff31-331f-4c22-8b66-2c3960d03734,BFP608,UK-12-508,"Ice cream, dairy, vanilla, soft scoop",30,g
4f820775-0cd6-4fbf-8c65-a236c78c4298,BFP154,UK-17-367,Salt,0.125,tsp
4f878602-4d6c-4576-b03e-dfe29916b8d0,BFP201,G017,"Onion, big (Allium cepa)",15,g
4f90f422-f0f3-4475-b992-4c327f758991,BFP179,UK-12-184,"Yogurt, whole milk, plain",15,g
4f97c768-e610-4818-85f7-b02a3c3de33a,OSR099,UK-17-367,Salt,0.5,tsp
4f9b5705-db44-469a-871b-42a11caf92ad,BFP210,G014,"Ginger, fresh (Zingiber officinale)",5,g
4f9d1acc-9650-4b01-8cb2-ecdda7ebca0f,BFP155,J001,"Button mushroom, fresh (Agaricus sp.)",10,g
4fa7383c-6d45-403d-82ea-a165fc24b176,BFP199,G017,"Onion, big (Allium cepa)",30,g
4faa5590-a011-4c8f-aa12-b56259c76181,ASC225,L004,Khoa,20,g
4fb0ab41-18dc-4f2e-a9c4-a7d6e7fd9d4c,OSR133,UK-17-339,Vinegar,1,tsp
4fbd4b1a-43e9-442c-99aa-9f196b25d2b5,ASC348,L002,"Milk, whole, Cow",1,tsp
4fbd9710-e1fd-46e1-abf6-09f167a8343f,ASC064,UK-18-481,"Lamb, mince, raw",150,g
4fc141c1-889e-43b4-9344-2ba47bee818f,ASC252,P057,"Pomfret, white (Pampus argenteus)",500,g
4fc1b66d-53ee-4ed1-ab08-4b27b27ea820,ASC158,G033,Turmeric powder (Curcuma domestica),0.25,tsp
4fc4793e-df3b-42e6-8772-f99fea0df7a0,ASC206,UK-17-367,Salt,0.25,tsp
4fd6b9a8-fbee-475a-9b7c-583beb210b3a,ASC181,G022,"Chillies, red (Capsicum annum)",3.33,g
4fdba608-fdbf-4e9a-8b24-bdab7a2336ae,OSR075,UK-13-352,"Spring onions, bulbs and tops, raw",7.5,g
4fdd2df9-6bc5-4f52-ab58-4f15e82df8c8,OSR142,UK-13-829,Garam masala,0.5,tsp
4fe06a6b-7cb7-425c-8d86-639e75b6cd84,ASC438,UK-17-377,"Water, distilled",2,tbsp
4fe2985b-4742-4d22-a6be-02604ae26e77,ASC238,UK-17-367,Salt,0.5,tsp
4fe4321b-acaf-4739-b430-62b6bf69e0de,BFP362,UK-14-130,"Lemons, flesh only, raw, weighed with peel and pips",15,g
4fe5d212-fa02-466e-b66a-0248fcdbb3ec,ASC449,UK-17-367,Salt,0.25,tsp
4ff9bc6b-3713-45b0-9410-3167145f54c3,BFP522,UK-17-377,"Water, distilled",2,tsp
500242fd-d4a5-4a39-8c9e-9ec56fad8677,ASC117,G021,"Cardamom, black (Elettaria cardamomum)",0.25,tsp
500247bf-b166-437d-a4eb-506019761b53,ASC258,F006,"Potato, brown skin, big (Solanum tuberosum)",30,g
5006dde0-4132-4567-9cb7-b60d3c5891cb,ASC169,UK-13-829,Garam masala,0.25,tsp
500c1917-d332-414f-ad2e-18bffe2afca2,BFP117,A018,"Wheat flour, refined (Triticum aestivum)",40,g
500c1c7c-ed6d-45f0-bb24-f0e78ecd86d7,ASC368,UK-13-873,Chilli powder,0.25,tsp
5016d408-cbca-4fbe-afda-f68c7b141691,BFP282,UK-12-527,"Cheese, processed, plain",50,g
50207813-65f8-4871-862e-47f0471e4bc1,ASC161,G017,"Onion, big (Allium cepa)",25,g
5022cb85-7c59-4ae7-b725-b8dc58d69e50,OSR016,H007,"Coconut, kernel, fresh (Cocos nucifera)",2,tbsp
50249053-62f8-4514-910d-7f6cf85108e2,ASC151,UK-17-045,"Oil, sunflower",1,tsp
5039c431-0c60-4ca5-9905-209b5b8f40b5,BFP439,UK-17-356,Bicarbonate of soda,0.25,tsp
503accc7-f3a9-43df-ba82-1f8ba805ed2c,ASC308,UK-17-360,Gelatine,0.5,tsp
504320fa-1268-416a-aec3-75cd176e18c5,BFP210,G025,Cumin seeds (Cuminum cyminum),0.125,tsp
504326b5-786e-4a15-af23-06686c5be5be,ASC298,H006,"Coconut, kernal, dry (Cocos nucifera)",10,g
504773da-46a2-44d5-9741-3acec77b2566,OSR114,UK-13-873,Chilli powder,0.25,tsp
504a9259-7077-4dc9-a4bc-64fb06624d18,ASC383,UK-13-352,"Spring onions, bulbs and tops, raw",30,g
504add1f-c24b-441b-998c-2d6628e271cd,BFP205,UK-17-377,"Water, distilled",5,ml
504d3831-606c-4717-8ba6-684389ef3bbe,OSR098,G009,Coriander leaves (Coriandrum sativum),32,g
505002c6-770f-44a5-b041-b76e934865cb,ASC231,UK-13-829,Garam masala,0.25,tsp
5060f42b-6c26-47f6-99d3-df62c58bcb56,ASC073,A018,"Wheat flour, refined (Triticum aestivum)",4,tbsp
506272b2-ee06-4f56-a12d-7ae35716c83c,OSR007,UK-12-184,"Yogurt, whole milk, plain",245,g
50637edb-7121-4be3-a664-4a9ff263281b,ASC481,L002,"Milk, whole, Cow",100,ml
50642d9d-5359-40dd-b77e-16e7f05cde72,ASC336,H006,"Coconut, kernal, dry (Cocos nucifera)",50,g
50651f39-9ba7-4f36-8bc5-1fbb80362cd7,BFP152,UK-17-367,Salt,0.25,tsp
506b36d6-9d98-4280-b9e0-9a17e2ec5b21,BFP580,UK-13-580,"Beansprouts, mung, boiled in unsalted water",30,g
506e7738-94f0-4720-8d89-706b1059c84d,BFP313,UK-17-367,Salt,0.17,tsp
507b6b31-db20-4628-95dd-2aee21ba94c3,ASC130,UK-13-874,"Cinnamon, ground",0.5,tsp
507f03b1-abf3-4608-936a-d2c0d9a1b5d6,BFP148,UK-17-367,Salt,0.25,tsp
50873362-261b-4dea-9bbc-dd776ffd4fe5,BFP178,UK-13-829,Garam masala,0.125,tsp
5091b23d-a262-4765-8a36-887b19d6e739,ASC409,G031,"Pepper, black (Piper nigrum)",0.25,tsp
5094de09-05e0-4b19-aa4f-5e32a78ea9f8,ASC127,I001,"Jaggery, cane (Saccharum officinarum)",1,tsp
509804c5-930a-44e9-a3cf-04c1a1c17304,BFP159,G012,"Garlic, small clove (Allium sativum)",0.63,g
509b6849-816e-4753-af2a-0b0f773e229c,ASC136,F002,"Carrot, orange (Daucus carota)",30,g
509b9888-7478-4d03-a549-0d693d7e36e4,OSR110,UK-11-021,"Flour, rice",120,g
509ffcfd-28dd-4624-a972-108961d4dd9c,ASC361,US-400113,"SIVA'S, AMHUR POWDER (DRY MANGO POWDER)",0.5,tsp
50a3bdea-fb6d-4380-90a3-0fe3d18b8622,OSR136,UK-13-829,Garam masala,0.5,tsp
50a5f957-4402-4e58-9bdc-a5fe52ebcba0,ASC151,G033,Turmeric powder (Curcuma domestica),0.25,tsp
50a8fffc-95b7-440a-9380-2223f2f36422,ASC079,F002,"Carrot, orange (Daucus carota)",20,g
50a96e92-9246-437f-9d54-5f53223de149,ASC149,D033,"Capsicum, green (Capsicum annuum)",25,g
50b1c3a1-56ea-49a4-9faf-a50f3c51495c,BFP222,G017,"Onion, big (Allium cepa)",40,g
50b6adc8-a142-4dc7-b59f-6acbd11ef226,ASC325,M001,"Egg, poultry, whole, raw",25,g
50ba803f-6cae-43a2-b359-6ffc8c2a5bd4,BFP458,UK-17-367,Salt,0.25,tsp
50c6d711-4e75-4698-8c3b-af079fa7e50d,ASC025,UK-11-1145,"Bread, white, average",60,g
50c7360e-7290-473f-acce-1d246cb8a6a9,OSR076,E033,"Lemon, juice (Citrus limon)",1,tsp
50d2c9dc-f707-4b85-9f3c-0455ac2b962b,BFP258,G008,"Chillies, green - all varieties (Capsicum annum)",3.33,g
50d5cbfa-5cec-4aa8-8972-46ab996533c8,ASC432,UK-17-062,"Sugar, icing",50,g
50d73beb-e90f-42b0-8f4f-18eeb52474dc,ASC099,UK-17-045,"Oil, sunflower",2,tbsp
50d9befa-2c8c-4e25-80f1-62a1fb895b44,BFP136,D061,"Peas, fresh (Pisum sativum)",150,g
50de9b9c-178f-489f-b318-cb8eddfffac5,ASC363,UK-17-045,"Oil, sunflower",12,g
50e23a69-37a1-416a-b669-9d84e805e81c,ASC007,UK-17-175,Cola,250,ml
50f32239-f68b-43e2-8eeb-86d761df3b94,BFP210,UK-11-1145,"Bread, white, average",20,g
50f7d5c2-888a-46aa-99f5-4dcbc16d2369,BFP198,UK-14-130,"Lemons, flesh only, raw, weighed with peel and pips",15,g
5100b3ac-8269-45ec-86f8-34cbca9dc8dd,BFP142,G017,"Onion, big (Allium cepa)",15,g
51024d00-fd79-4bab-b7c3-584bb5502a11,BFP356,UK-12-333,"Cream, fresh, whipping",125,g
5105a65b-64d9-493a-8b91-5350218725d1,BFP201,UK-18-481,"Lamb, mince, raw",80,g
5107c55d-4ddb-4346-b10e-2f80e6d8111a,BFP073,C033,Spinach (Spinacia oleracea),100,g
510b7c64-e393-459c-a9b7-349fce0a7108,ASC018,UK-14-286,"Pineapple juice, unsweetened",0.25,C
510cbc24-4f97-491f-84d8-e75f84e84660,BFP392,L002,"Milk, whole, Cow",250,g
510d93a4-8748-4e1d-bf4d-5bf2678e8e81,BFP161,D075,"Tomato, ripe, hybrid (Solanum lycopersicum)",250,g
510fdc2f-343c-49f3-bd46-6916cc8179e2,BFP500,ANN-ING-0012,COLOUR,0,
512808d4-0cbd-4311-ad71-1a21d1f958a9,OSR080,B003,"Black gram, dal (Phaseolus mungo)",0.5,tsp
5139b36d-85fb-45c5-b831-b29224efb3af,OSR103,G008,"Chillies, green - all varieties (Capsicum annum)",6.67,g
513e555f-1242-47d0-9329-c6127c648dac,OSR059,H013,Mustard seeds (Brassica nigra),0.25,tsp
513f015c-aac3-446d-ab57-0e66c641856b,ASC248,M001,"Egg, poultry, whole, raw",12.5,g
51466877-ca85-4a25-99dc-9df7f3dfb077,ASC209,UK-17-367,Salt,0.5,tsp
515374ce-f009-4aa7-9cf9-02293c9305b5,ASC147,G008,"Chillies, green - all varieties (Capsicum annum)",3.33,g
515d5d56-0913-44f8-93d8-3bd25e2731c0,ASC487,UK-12-184,"Yogurt, whole milk, plain",50,g
515ecab0-1b22-4802-8437-a2f29bcfe001,BFP045,UK-17-045,"Oil, sunflower",10,g
515f5cc7-7819-48bb-8a9c-2a302b7c3b61,BFP004,G019,Asafoetida (Ferula assa-foetida),2,g
5173214a-f8fb-47aa-9c5a-c1c7048658f1,BFP577,UK-13-873,Chilli powder,0.125,tsp
5173d7c6-bf7a-4fb2-aa38-31fa9e8b2364,BFP124,G031,"Pepper, black (Piper nigrum)",0.13,tsp
5184f8d9-7ec1-4528-8f67-db9052649323,BFP194,G017,"Onion, big (Allium cepa)",30,g
51859178-ac10-444d-90a1-37ef5e839043,BFP346,L002,"Milk, whole, Cow",150,g
5188bccb-5a80-437e-b16f-a932e99cfaec,BFP138,UK-17-367,Salt,0.5,tsp
5189c130-d92a-4aff-a1f3-e84d915edf92,OSR059,UK-13-873,Chilli powder,3,tsp
51910abc-6e1f-4821-b23c-5f6cae15370b,ASC129,D050,"French beans, hybrid (Phaseolus vulgaris)",50,g
51927423-536a-4873-afe6-ea5c70dad369,BFP240,D075,"Tomato, ripe, hybrid (Solanum lycopersicum)",50,g
519c1a28-8b57-48f8-9472-c5bb614d557a,BFP321,UK-17-367,Salt,0.17,tsp
51ac5ca3-fdfe-4a3d-abd1-faa4046fd5c9,OSR146,UK-17-045,"Oil, sunflower",5,tsp
51aecb74-061c-4360-aa12-9e35c446af06,ASC439,UK-17-050,Honey,0.25,tsp
51bab80d-796b-4ca6-b336-bd67fc35e1e2,BFP444,E064,"Tamarind, pulp (Tamarindus indica)",10,g
51bcc97e-7f2a-4e50-9d3b-f40eaed69df2,BFP452,UK-12-184,"Yogurt, whole milk, plain",100,g
51bd0d69-dd64-4145-8270-62bba06df7ac,OSR099,UK-17-377,"Water, distilled",1.5,C
51bdb999-2a92-4dd5-aae9-95a73a76f7c3,BFP482,M001,"Egg, poultry, whole, raw",100,g
51bdc6d8-3110-46a4-9d50-0beb9b39313a,OSR040,UK-17-063,"Sugar, white",100,g
51c0e11e-9006-4762-83ac-3ea0e287d332,ASC118,G023,Cloves (Syzygium aromaticum),0.25,tsp
51c871bd-61d4-4e9e-9638-322ba82af0f6,ASC140,UK-12-527,"Cheese, processed, plain",25,g
51c87fc8-a710-4f29-bf94-3275a658f714,ASC212,UK-17-367,Salt,0.25,tsp
51cdcbb5-a90a-4d36-baf6-699d3131fa00,ASC255,D033,"Capsicum, green (Capsicum annuum)",20,g
51cfc17b-8c86-40be-94ad-167458cb70c0,ASC248,P057,"Pomfret, white (Pampus argenteus)",100,g
51d3d98f-63dd-430e-8a1f-0dc43aea92e9,ASC351,UK-17-045,"Oil, sunflower",0.5,tsp
51d7c778-fd62-4739-97bb-6f1617d088ff,ASC098,UK-17-367,Salt,0.13,tsp
51de9627-4a8e-4e67-b37b-6da72bf3790d,ASC225,UK-17-045,"Oil, sunflower",480,ml
51efb979-b512-46dc-a4ee-896783d1103d,ASC238,M001,"Egg, poultry, whole, raw",25,g
51f86eb1-f582-4b06-bc5c-e52238125cc8,BFP529,UK-17-377,"Water, distilled",3.75,tbsp
51fe226b-58df-4617-a341-89f7985d9405,BFP203,UK-50-1173,"Tomato sauce, homemade",1.5,tsp
520acc9e-07e4-43ec-9201-42cfe31dcaaa,OSR038,A018,"Wheat flour, refined (Triticum aestivum)",180,g
5210642e-97a8-415b-8805-38c868869ab9,ASC201,G014,"Ginger, fresh (Zingiber officinale)",5,g
521222d1-aeb8-4a10-9f95-81343caf8f3b,BFP004,G031,"Pepper, black (Piper nigrum)",20,g
521859f8-ec5a-4f6b-9794-541eee4e2d74,BFP210,F006,"Potato, brown skin, big (Solanum tuberosum)",150,g
52218c3d-267d-4b66-b295-526fe8c0575a,OSR068,US-171327,"Spices, onion powder",1,tsp
52251add-c9f8-44c9-8381-da2703c70373,BFP556,B010,"Green gram, dal (Vigna radiata)",25,g
5226ac32-033b-4bad-8df3-ca9a25e73f7f,ASC376,G031,"Pepper, black (Piper nigrum)",0.25,tsp
5229726f-b067-4354-94a5-02795008c4a8,ASC084,UK-17-045,"Oil, sunflower",2,tbsp
5238dde3-10be-404f-bf12-78ffbfaea47b,ASC167,D075,"Tomato, ripe, hybrid (Solanum lycopersicum)",30,g
5241eff2-eb29-4a2b-8293-0058820fa2e3,BFP558,L002,"Milk, whole, Cow",60,ml
5245dd7f-3927-4e75-89d7-5ab24e918a07,BFP284,UK-17-723,Worcestershire sauce,0.5,tsp
52498140-a842-45f1-8e06-7cc8b5bf1b12,OSR119,UK-17-045,"Oil, sunflower",2,C
52532946-1ccb-44ec-9e28-a98d42ad3837,ASC080,G017,"Onion, big (Allium cepa)",20,g
52550610-f6dd-4b84-ac34-b596a2658eb5,BFP420,UK-17-045,"Oil, sunflower",240,ml
5257f976-c9b5-4f61-aa7a-becbb85959e2,OSR035,US-476436,ALMOND MILK,1.5,tsp
526b749f-8a00-40ef-8f83-7ea08c3ee819,OSR099,UK-17-640,"Ghee, butter",3,tbsp
526e0806-a66f-4fb2-bdaa-d75dcb25c22d,ASC447,L002,"Milk, whole, Cow",1,tsp
5272c355-2d2c-4884-bd7b-7154214f98a3,OSR008,UK-17-377,"Water, distilled",1,C
5273a91d-25b1-43b5-b461-0febaae7e7d2,BFP602,UK-17-367,Salt,2,tsp
5277382b-aafe-49c1-9600-383d62116625,ASC227,UK-13-873,Chilli powder,0.25,tsp
5282e218-f418-45f3-81c4-140247078561,OSR144,B015,"Lentil whole, yellowish (Lens culinaris)",43.75,g
5283533e-c5db-491a-98e1-51cdcfdbfa72,ASC404,UK-17-377,"Water, distilled",2.5,tsp
528a6a96-dd72-4d39-ad0a-c815b2218c0a,OSR124,UK-12-545,Cocoa powder,2,tbsp
528e3790-ee40-4f37-a934-ce337db83075,BFP424,G009,Coriander leaves (Coriandrum sativum),1,sprig
529a18be-81df-4807-9163-ad49702b9aa1,ASC144,UK-17-377,"Water, distilled",120,ml
529f661f-7ea9-47e9-aa7d-bcd3dabfdb72,BFP223,UK-12-184,"Yogurt, whole milk, plain",15,g
52a0ae62-7674-4cf3-a830-a92b4bccda56,OSR054,UK-17-367,Salt,0.75,tsp
52b7be0b-ab15-4161-8002-d1027b4fd9c4,BFP143,UK-17-367,Salt,0.5,tsp
52be16c2-0f6e-49a9-8a19-6778d10dc1f9,BFP196,UK-13-874,"Cinnamon, ground",0.25,tsp
52ced273-cb33-4df8-abfb-53d131950039,ASC031,UK-19-517,Salami,40,g
52d08693-90dc-449b-8537-a3c389405173,ASC355,UK-17-045,"Oil, sunflower",0.5,tsp
52ddcd40-d93a-4d29-bd6c-d1b74182b923,ASC159,UK-13-873,Chilli powder,0.25,tsp
52e31097-a04b-4eef-b3f2-e02bba0e158f,BFP379,UK-14-130,"Lemons, flesh only, raw, weighed with peel and pips",7.5,g
52f6024f-3384-4090-837e-c15a2b5af935,ASC403,UK-17-661,"Butter, unsalted",50,g
53030f02-b8dd-4119-9c04-52802e92d8a8,BFP118,G014,"Ginger, fresh (Zingiber officinale)",5,g
53050f31-29a6-4e23-96cd-da4dbce793a6,ASC501,UK-17-063,"Sugar, white",800,g
5305aad9-2423-4303-a49b-064caf805bbd,ASC329,E001,"Apple, big (Malus domestica)",50,g
5306d603-6ee0-4f19-9a06-f7efaa2ec0f7,ASC146,UK-17-367,Salt,0.5,tsp
5308e435-3255-4ef7-8e44-5b29da949932,OSR074,UK-17-367,Salt,0.5,tsp
5315c703-6d80-476f-b80e-c80451891d44,ASC070,N003,"Chicken, poultry, breast, skinless",250,g
531f892d-cf3f-4451-ba19-cb8afc7becf3,BFP117,UK-17-377,"Water, distilled",2.5,tbsp
5324bdbc-184d-4a97-9399-78a22e6fadda,ASC139,M001,"Egg, poultry, whole, raw",25,g
53259039-87bf-4ed9-bbc5-65f26a27f6be,BFP172,B021,"Red gram, dal (Cajanus cajan)",30,g
5325ad15-9fd8-4eea-a83f-f17ac250431a,OSR074,G017,"Onion, big (Allium cepa)",75,g
5326edc0-fff7-4dc3-80f7-63e62e233982,ASC228,D075,"Tomato, ripe, hybrid (Solanum lycopersicum)",30,g
533a0983-205a-4e2b-b940-b8fad34270e9,BFP354,UK-11-1045,"Flour, corn",1,tsp
533aa899-0260-4763-864a-85acad7d0b16,BFP393,UK-17-063,"Sugar, white",150,g
534535ff-fd2f-429b-b588-7d9e6063f4c7,ASC206,UK-11-1145,"Bread, white, average",15,g
534c1e40-3a07-4d75-adf1-ca931a4780b6,ASC124,UK-17-045,"Oil, sunflower",1,tbsp
534cae42-d838-478f-aed3-f4a265c0554a,BFP118,UK-17-045,"Oil, sunflower",2,tsp
53539a0b-0c43-4f42-9a0c-a3b9fd3d1927,ASC432,A018,"Wheat flour, refined (Triticum aestivum)",50,g
5354aaa7-fa0a-440f-950c-669f79384f1f,BFP262,G017,"Onion, big (Allium cepa)",20,g
535f3aea-8777-4723-8cc6-81e11b4fd4af,BFP198,UK-12-184,"Yogurt, whole milk, plain",30,g
5367c1e2-c202-4adc-9530-ac6c65d26fab,BFP354,UK-17-063,"Sugar, white",30,g
536cefac-3922-410c-a1b3-8e704df2de7c,ASC181,C015,"Cabbage, green (Brassica oleracea var. capitata f. alba)",100,g
536ede87-2d3d-40d0-90b5-3098d74b017c,OSR013,UK-12-520,"Milk, condensed, whole, sweetened",152,g
537128a4-213a-4918-897d-b9bb18b0ba35,ASC084,UK-11-1045,"Flour, corn",1,tsp
5371c8de-9350-47ce-9da1-044e6d5593ef,OSR106,UK-11-006,"Buckwheat, groats",170,g
537812c4-5ad4-441a-b1fd-3df8f83b7886,BFP291,G031,"Pepper, black (Piper nigrum)",0.25,tsp
537dc99a-0929-4c8b-9c24-696d1e9ce521,ASC319,UK-17-063,"Sugar, white",1,tbsp
537e6eb9-97c2-4179-94a8-5b62019864ec,OSR125,US-173471,Vanilla extract,1,tsp
5381ad20-3b8a-4e55-a1b3-d1a71c91621c,BFP516,UK-17-062,"Sugar, icing",15,g
5383f8e7-17de-41d2-9b81-59d2e04aca21,ASC084,UK-17-727,"Stock cubes, vegetable",0.5,C
5391c7de-5b95-4308-b107-1061946aa1a0,ASC327,UK-14-130,"Lemons, flesh only, raw, weighed with peel and pips",15,g
53923e11-9fe9-4881-9084-aefcd3b5c55e,ASC424,UK-17-377,"Water, distilled",85,ml
5399de86-2c7e-41c5-9bf5-e64cc0f5067d,ASC197,UK-13-829,Garam masala,0.25,tsp
539cb624-1da1-40aa-8c65-c31941564c93,ASC009,G016,Mint leaves (Mentha spicata ),1,sprig
53a24f55-f72e-443d-9546-c468e3f3945e,BFP072,F002,"Carrot, orange (Daucus carota)",10,g
53a765bc-a0a1-475d-bfc9-582acb691da8,BFP230,G009,Coriander leaves (Coriandrum sativum),1,sprig
53a834ff-d9fb-4ff5-aa50-92fe8b7fa393,BFP154,G031,"Pepper, black (Piper nigrum)",0.125,tsp
53ae4764-e50e-48bf-91c6-a0968f783efe,ASC185,G009,Coriander leaves (Coriandrum sativum),1,sprig
53ae8d4a-03fa-4bf6-9503-11d283625acb,OSR097,G027,Mace (Myristica fragrans),3,g
53b813b3-ef5a-42b8-bee6-5f0f7b63d88a,BFP152,C015,"Cabbage, green (Brassica oleracea var. capitata f. alba)",25,g
53be6224-b810-40d3-9253-a59ef774ce6b,BFP179,UK-17-640,"Ghee, butter",10,g
53c05121-14cd-4494-ad1f-00d0c585371c,BFP316,G009,Coriander leaves (Coriandrum sativum),1,sprig
53c46c00-1517-4f50-ba07-dad226f692e3,ASC017,UK-17-377,"Water, distilled",7.5,tbsp
53cb2967-7e9a-4a6e-98d1-5d0f3b8c32e5,OSR119,UK-17-367,Salt,0.75,tsp
53e5b4ed-cbbb-4a69-902c-5250421fb67e,ASC233,G023,Cloves (Syzygium aromaticum),0.5,tsp
53ef75c0-de69-40bb-bcda-541d4b05da92,OSR013,H001,Almond (Prunus amygdalus),13.32,g
53f24b05-8c43-48ce-bed3-4e75d0a97369,ASC152,UK-13-829,Garam masala,0.25,tsp
53fd05d7-6f0d-4424-b4af-26a9029c2859,ASC146,H013,Mustard seeds (Brassica nigra),0.5,tsp
5405b042-0044-43d0-a8e9-9dbbf322c1eb,OSR107,G017,"Onion, big (Allium cepa)",50,g
5406082a-9229-4104-a381-6415282aa977,ASC328,UK-14-286,"Pineapple juice, unsweetened",75,ml
54080101-23f2-46c6-bc28-eef3c74dd8b4,BFP355,UK-17-063,"Sugar, white",30,g
540d9479-f38a-4afb-adaa-6c226191b835,ASC255,G012,"Garlic, small clove (Allium sativum)",0.25,tsp
5414459f-c395-4b0b-8053-2e8049e2d541,OSR083,UK-17-367,Salt,0.5,tsp
54194cb2-7dee-4966-a575-c2fccbed4c81,ASC496,UK-17-367,Salt,0.5,tsp
5424d3a2-134f-44e3-b6ef-832b3d128b4a,BFP261,UK-18-481,"Lamb, mince, raw",60,g
54272ac4-fed8-44c0-bc84-da5155f18e48,OSR154,US-1862058,BLACK BEANS,453,g
54278492-de3a-43f8-9cbd-e0a757fe5bf3,OSR112,F006,"Potato, brown skin, big (Solanum tuberosum)",210,g
54440e20-d508-44e9-8ba9-44ad87f719ce,BFP003,UK-17-377,"Water, distilled",20,ml
5449d463-0ec1-4b69-8ac2-d5115265739c,BFP027,UK-14-130,"Lemons, flesh only, raw, weighed with peel and pips",5,g
54522c16-6d5d-45a2-b6bd-f296953c2a5b,BFP450,G010,Curry leaves (Murraya koenigii),1,sprig
545b05df-0bb4-477f-a15b-392385807878,BFP508,A018,"Wheat flour, refined (Triticum aestivum)",30,g
54631812-7c92-4a88-8d8c-3ec6599c1b29,ASC134,UK-17-719,Chilli sauce,0.5,tsp
54641ad9-7ebe-4e7c-a43c-6dfa524dde1d,BFP207,G021,"Cardamom, black (Elettaria cardamomum)",0.25,tsp
546fcaaf-952f-4588-9cfb-a969527c3a1f,BFP302,UK-13-502,"Broccoli, green, raw",60,g
5476f395-00bd-4dbc-8227-6b1c098cb112,ASC321,UK-11-1045,"Flour, corn",1,tsp
548210ea-5852-4452-83d3-ee8d1d48dff1,ASC045,UK-17-362,Mustard powder,1,tsp
548e395c-4fb4-44cc-9f74-57f33e5a745b,BFP535,UK-17-062,"Sugar, icing",1,tbsp
5493c0ff-367f-4a67-83f4-1b038ba27e48,OSR121,UK-17-050,Honey,3,tbsp
5499e9fb-a682-448c-ac15-e35b9217af25,BFP307,D037,Celery stalk (Apium graveolens),17,g
549c845d-d007-436c-8e7f-d0aece495efd,ASC051,UK-17-063,"Sugar, white",2,tsp
54a6e48a-2ff0-42a3-aef2-fe37b78f5600,BFP044,G033,Turmeric powder (Curcuma domestica),0.25,tsp
54a79055-e3a7-4ddb-a902-07c2944f2d8b,BFP511,ANN-ING-0022,GREEN COLOUR,0.5,tsp
54b9d74e-d860-4f34-94bd-ebe1fc25c943,BFP203,UK-17-367,Salt,0.17,tsp
54bf88a5-ab58-42ff-9e58-b6c167cdf0e0,ASC431,E014,"Cherries, red (Prunus cerasus)",2,tbsp
54cae7a2-73ea-4fbc-90e3-f6f759a8ec26,ASC190,G009,Coriander leaves (Coriandrum sativum),1,sprig
54cb7266-9be3-4810-ab19-08b6f25a6c84,ASC182,UK-17-367,Salt,0.5,tsp
54cdbe8c-c82c-4c5b-8305-35fcb94a9a37,ASC221,L003,Paneer,50,g
54cea508-f7a1-407f-b2a0-d62907d61fd8,BFP535,UK-17-661,"Butter, unsalted",30,g
54e70025-d7b2-4ae8-b116-675744cd1fc1,ASC238,G012,"Garlic, small clove (Allium sativum)",1.25,g
54efb57f-ff87-4d6e-937c-ce8668057849,BFP307,UK-13-806,"Bay leaf, dried",0.4,g
54f9b0c7-c188-4aeb-bd67-2e103bd523d4,ASC370,UK-13-873,Chilli powder,0.25,tsp
54fbdc9b-92f5-4e6c-aac9-61dca4258910,BFP108,US-400113,"SIVA'S, AMHUR POWDER (DRY MANGO POWDER)",0.5,tsp
550245c9-1eee-429b-adfb-1400a878b668,OSR055,UK-17-377,"Water, distilled",2000,ml
5513d8de-9da6-4072-8b5d-1bb412757759,ASC276,UK-13-873,Chilli powder,0.125,tsp
5517dd0a-0a56-4cd3-82c6-cd000fe57603,BFP141,UK-13-873,Chilli powder,0.13,tsp
551da183-5654-4f71-92ed-09a2cc888f5a,BFP463,UK-17-661,"Butter, unsalted",10,g
551f16ff-bd2d-420c-96f1-e1afe6ab5022,ASC051,L002,"Milk, whole, Cow",1,C
55259404-4609-4d3f-9048-c2a01f458c76,BFP326,G025,Cumin seeds (Cuminum cyminum),0.25,tsp
553d0bb4-6feb-4f01-872a-21933f8f34f4,ASC210,UK-17-367,Salt,0.25,tsp
55408a66-1d4b-45fe-add2-318d7a979255,BFP276,E033,"Lemon, juice (Citrus limon)",0.5,tsp
5544db1e-2b22-42b1-bedf-7652b2a51b7f,ASC202,UK-13-829,Garam masala,0.25,tsp
554601e9-108c-475e-9892-3e0a13412897,ASC366,UK-11-1145,"Bread, white, average",2,tbsp
55481c21-480f-4fac-937a-6647c0e6465a,BFP307,G023,Cloves (Syzygium aromaticum),0.25,tsp
554860d3-0ef6-4ff6-86a4-72944876808a,ASC179,UK-17-367,Salt,0.5,tsp
55517d98-5c67-4743-b05f-9cb9edf95f5c,ASC026,UK-17-367,Salt,0.25,tsp
555906af-25c6-4062-b175-50f71663a062,BFP571,UK-17-640,"Ghee, butter",15,g
55597587-37b0-4749-ab28-519f6b079852,ASC216,UK-17-045,"Oil, sunflower",480,ml
555c1bb2-b348-4662-a0d0-9184f2c4630a,BFP169,H013,Mustard seeds (Brassica nigra),0.125,tsp
556d48f2-5ec0-4a71-b31c-64b79f896325,OSR045,UK-17-355,Baking powder,0.5,tsp
556e5d5e-9f91-43d3-a644-7c7cdfad50f6,BFP473,UK-50-1173,"Tomato sauce, homemade",1,tsp
55716016-a9d7-42f3-af18-a4a32d14ef5a,BFP576,UK-13-873,Chilli powder,0.125,tsp
55861de6-8a40-4307-afbd-2deba3097fed,ASC236,G012,"Garlic, small clove (Allium sativum)",1.6,g
558c7798-718d-47e4-8e8d-9e450adc8756,ASC383,UK-17-721,"Soy sauce, light and dark varieties",1,tsp
558dc639-89f9-4738-82e9-558015feb0ca,BFP518,G031,"Pepper, black (Piper nigrum)",0.25,tsp
5591b508-6c3f-402c-ba75-28ebf5863ed8,ASC380,M001,"Egg, poultry, whole, raw",12.5,g
5597a9e6-7b1a-4c11-bc1b-126219c7fc45,BFP308,E047,"Orange, pulp (Citrus aurantium)",25.5,g
559e34bf-3320-4699-8cf0-c1c007fb63ac,ASC087,UK-17-726,"Stock cubes, chicken",1.5,C
55a0a2a6-6340-44a2-a846-8cb54b0246c6,ASC123,F006,"Potato, brown skin, big (Solanum tuberosum)",50,g
55b1f26a-f386-444b-b4f2-229bfd1ef65a,BFP165,A018,"Wheat flour, refined (Triticum aestivum)",130,g
55c75d51-a062-4ade-a101-eac34980c322,ASC207,G017,"Onion, big (Allium cepa)",50,g
55c80bb7-72a5-424b-b6b5-d4762b4244dc,ASC079,UK-13-806,"Bay leaf, dried",0.4,g
55cef443-dbb5-476d-b32a-749f69f0c2b9,ASC134,D050,"French beans, hybrid (Phaseolus vulgaris)",30,g
55d5f1d1-7d5e-4bfd-9f08-4754935dc992,BFP043,G010,Curry leaves (Murraya koenigii),1,sprig
55da3924-9f48-4c35-9942-a324b26e40cf,BFP246,UK-13-829,Garam masala,0.125,tsp
55e2fed8-6fb0-4620-9287-74d149848dbb,ASC130,D075,"Tomato, ripe, hybrid (Solanum lycopersicum)",150,g
55e40fe0-92af-46f9-bd58-936787605d1b,BFP275,G017,"Onion, big (Allium cepa)",30,g
55e81a57-ab19-4672-823a-4bf9abc768e0,BFP080,UK-12-527,"Cheese, processed, plain",5,g
55e8ee17-3fce-4057-b853-a6281ec07c7c,BFP554,H012,Ground nut (Arachis hypogea),20,g
55ed091b-3e7e-4500-b32d-f4483c8f6372,ASC052,A011,Rice flakes (Oryza sativa ),30,g
55ee2295-a9d3-4b7e-9952-0882c44b0c13,ASC007,UK-17-063,"Sugar, white",2,tbsp
55f9ac26-4ada-4fce-b2d0-a3d374fd368f,ASC105,L003,Paneer,60,g
55fb0f7b-340c-46ab-9c1e-69cb8101b2c1,BFP199,G009,Coriander leaves (Coriandrum sativum),1,sprig
55fd2c79-3eef-4ce9-9955-a40c181db39d,ASC179,D050,"French beans, hybrid (Phaseolus vulgaris)",100,g
55ffe093-e63d-4dfa-849b-8ae5aedce236,ASC169,G012,"Garlic, small clove (Allium sativum)",1.25,g
56037ddf-7b4a-40ac-8ebe-29b093558c95,BFP212,N003,"Chicken, poultry, breast, skinless",500,g
560c2102-ea31-4813-b24f-be47b55752fd,BFP327,UK-17-367,Salt,0.17,tsp
561105d3-87df-418e-9573-3ee492778c96,BFP204,G009,Coriander leaves (Coriandrum sativum),1,sprig
56127e9d-a772-47d9-b492-41ea0304711d,BFP598,UK-17-367,Salt,40,g
561e46b0-ddc2-415f-9225-058b64ff9799,OSR145,A019,"Wheat flour, atta (Triticum aestivum)",65,g
562a84c0-1ebe-42ac-9141-5ec645d6a75d,ASC005,G031,"Pepper, black (Piper nigrum)",0.125,tsp
562af942-4bfc-4396-a51d-89b2a0a6661c,ASC213,D075,"Tomato, ripe, hybrid (Solanum lycopersicum)",500,g
563f7c6d-5880-4c6d-b346-6e247ee38c80,BFP278,F002,"Carrot, orange (Daucus carota)",20,g
56417f1b-6f0e-49c2-a4d2-6f8b235c8317,ASC502,UK-17-063,"Sugar, white",150,g
56488f02-252a-437e-952e-18d14409c5c9,ASC515,UK-17-063,"Sugar, white",25,g
564a3e71-49ea-48ba-8cc7-5a28b1f1011b,ASC108,UK-17-377,"Water, distilled",4,tbsp
5653733d-685b-4e18-a8ed-dd0b101c7e9a,ASC224,UK-17-367,Salt,0.125,tsp
5657a927-a5b8-46c0-a98f-2fd3d18e2cef,OSR065,G031,"Pepper, black (Piper nigrum)",0.25,tsp
565eca7b-2d9a-4c50-ad30-e14e5885ed83,BFP152,G008,"Chillies, green - all varieties (Capsicum annum)",6.67,g
565ef08d-2222-4cec-a73b-ab36cc6a2fec,OSR112,UK-13-832,"Ginger, ground",1,tsp
566c74fe-4a5b-43a4-ab34-995b8137c378,ASC137,G009,Coriander leaves (Coriandrum sativum),1,sprig
566d1746-a9ea-44e2-b30a-d31733ed0a6e,BFP439,B001,"Bengal gram, dal (Cicer arietinum)",60,g
56725aba-0077-44da-8157-b52dbed30f46,ASC027,UK-17-661,"Butter, unsalted",10,g
567ba458-0a25-4c24-ae87-9c6717ca5de6,ASC165,G033,Turmeric powder (Curcuma domestica),0.25,tsp
56828c85-b76a-4e23-89ea-774fa3480bb2,OSR077,UK-13-873,Chilli powder,0.5,tsp
5686683e-ca1c-443a-9c11-27865eaf758a,OSR115,UK-14-844,Sesame seeds,1,tsp
56889994-fe42-4537-a359-b1c561153f2e,BFP075,G031,"Pepper, black (Piper nigrum)",0.25,tsp
568af24e-0628-49ce-8c24-4b7ff943fa0a,ASC095,G031,"Pepper, black (Piper nigrum)",0.25,tsp
569703fa-5d75-41af-af16-0c11c4d9da5f,BFP549,B013,Lentil dal (Lens culinaris),10,g
5698f4c5-cc4e-4fee-bb98-3a4d1a54cb2f,ASC421,US-169103,"Orange peel, raw",1,tsp
56a04bd2-3c4a-4ab9-a92d-e7cf984aaef1,BFP288,G031,"Pepper, black (Piper nigrum)",0.125,tsp
56a06bb5-65ce-4b05-aa0c-588a9f8ab3f5,OSR051,UK-17-367,Salt,0.5,tsp
56a2b892-ed55-4940-a30b-4ec1bae4e9dd,ASC131,UK-17-661,"Butter, unsalted",1,tsp
56a7f2d3-ac41-45a5-98ca-63feb3d247ca,OSR146,H013,Mustard seeds (Brassica nigra),0.75,tsp
56b9638c-c962-41cc-9d13-181e2eb8d9b0,OSR125,US-490013,STRAWBERRY JAM,112,g
56bda764-a36a-470b-8379-3be19ad7a06e,OSR099,H006,"Coconut, kernal, dry (Cocos nucifera)",20,g
56c07135-6cea-4a06-81bb-211066054337,ASC360,G014,"Ginger, fresh (Zingiber officinale)",5,g
56d08848-e810-4b23-b7ee-f8a7084d75d6,ASC228,O064,"MUTTON, muscle",100,g
56d13f03-5c9a-45b0-8c86-8af6347e765b,BFP280,G008,"Chillies, green - all varieties (Capsicum annum)",3.33,g
56d37073-e1db-4dba-b366-ddad963bbad0,OSR085,UK-17-377,"Water, distilled",1.5,C
56d44805-f7f6-4898-a983-6c220ebdc83f,ASC247,UK-17-045,"Oil, sunflower",480,ml
56de92d1-4728-4ddd-87b7-59054ce9a667,OSR007,UK-11-788,"Porridge oats, unfortified",58.5,g
56ded892-15a2-4a2e-9ebe-1e98759cc1c7,ASC228,UK-17-045,"Oil, sunflower",1.5,tsp
56e3679e-d56e-4401-82ea-41ab69835f58,ASC397,US-499195,JAM,40,g
56ebe93e-d542-4c02-bc92-ec9b94b018cd,OSR066,G033,Turmeric powder (Curcuma domestica),2,tsp
56ee1592-a37f-42d6-94a0-0284962da32a,ASC319,A018,"Wheat flour, refined (Triticum aestivum)",25,g
56eef33e-8906-4cdf-9955-f408f720b750,BFP442,UK-17-377,"Water, distilled",2,tsp
570766ff-1388-4a7e-b53d-f71468a18917,ASC407,UK-12-332,"Cream, fresh, single",80,g
571070dd-2e50-4fce-aabc-ca5953720be8,BFP310,UK-17-038,"Oil, olive",0.5,C
57137e4b-f50c-4a89-8825-1c4f589599d9,ASC232,UK-17-045,"Oil, sunflower",1,tsp
571df72c-fca8-4fcb-8ae0-21ef96338418,ASC067,L002,"Milk, whole, Cow",100,ml
57241f2d-470b-4ffe-9b6e-9df94c7608f9,OSR064,G014,"Ginger, fresh (Zingiber officinale)",0.5,tbsp
5730d578-6db8-49bb-9c4d-191505341358,ASC276,G025,Cumin seeds (Cuminum cyminum),0.125,tsp
574b96c8-0cdf-445f-ba3b-6616b7a5e02d,BFP187,G009,Coriander leaves (Coriandrum sativum),1,sprig
574efdee-edd9-4bbe-8577-ccb01620a658,BFP153,UK-17-377,"Water, distilled",2,tbsp
5790a869-4361-43de-afb9-5ae6bafa8b36,ASC511,UK-17-367,Salt,150,g
5793623b-a39c-4c86-bf27-bc827624ee4d,ASC439,UK-17-356,Bicarbonate of soda,0.25,tsp
5796e317-3288-4f22-a03b-6e4284a39693,BFP270,G024,Coriander seeds (Coriandrum sativum),0.125,tsp
579a3207-b52e-4a3d-82f9-98b8310f84f1,OSR062,UK-13-886,Mixed curry spices,1,tsp
57a85ce3-d1d7-4292-9221-344964670399,BFP044,G009,Coriander leaves (Coriandrum sativum),1,sprig
57a8f66f-f666-4cf7-9bad-5937c4bacdc2,ASC010,UK-17-377,"Water, distilled",1.5,C
57ac9ebc-60a0-4570-9313-616821284c61,OSR143,UK-17-367,Salt,1,tsp
57ae25aa-4b35-4ae7-9f08-067952877276,BFP363,UK-17-377,"Water, distilled",30,ml
57bab59a-06e4-4012-8eb2-b6ac2960a5c3,OSR049,G008,"Chillies, green - all varieties (Capsicum annum)",26.64,g
57bce9e1-ca99-4702-b940-7fb861469dbf,ASC105,UK-13-829,Garam masala,0.25,tsp
57c9b20b-f3cd-42f1-bf02-e26175abdfef,BFP176,G022,"Chillies, red (Capsicum annum)",3.33,g
57cc6e0f-c5c8-4fa8-a074-69e8cde0ca53,OSR065,G012,"Garlic, small clove (Allium sativum)",1,tbsp
57cf5b92-74a8-42c2-b4fd-87fb52403526,BFP158,UK-13-806,"Bay leaf, dried",0.4,g
57dd8c89-b8c0-4e1c-9a69-b1b07d6ae6ca,ASC211,L002,"Milk, whole, Cow",2,tbsp
57e2e59e-8dc4-46d3-bd0d-a6e12ecb50cd,ASC424,UK-12-545,Cocoa powder,1,tbsp
57e33abd-ef98-45a0-9109-2c301f69ccfd,BFP090,UK-17-367,Salt,0.17,tsp
57e5174d-6aeb-4ed9-bc1c-6aa8ec5d38bd,BFP532,UK-17-377,"Water, distilled",1.5,tbsp
57ee8870-52ef-41e3-94cb-88fda2ec2031,OSR111,F002,"Carrot, orange (Daucus carota)",64,g
57fa7110-416a-473e-a1bb-0a39af0726c0,BFP505,UK-17-062,"Sugar, icing",25,g
57ff031d-d8f5-4520-83bb-ee7d88d08b93,BFP364,UK-17-063,"Sugar, white",1,tbsp
5806d3c4-98e5-4971-ad1f-682a437b1d15,ASC146,B003,"Black gram, dal (Phaseolus mungo)",1,tsp
5812bd63-7371-4067-b90f-b82ade3c0baa,BFP495,UK-17-661,"Butter, unsalted",30,g
581d8dc1-2b1c-4f23-ae81-5141ad670beb,BFP430,UK-17-377,"Water, distilled",2,tsp
5821371f-88a3-4ff0-8579-73b4237e9e15,BFP079,C028,Parsley (Petroselinum crispum),1,sprig
582d0e85-4416-4786-a8df-0d7f44d57bee,BFP471,UK-11-1145,"Bread, white, average",60,g
5833895f-75e8-45a7-87fb-813865d4b083,BFP161,UK-12-360,"Cheese, Mozzarella, fresh",15,g
58439e6e-cf3c-41da-bd90-a01b385e7cd5,BFP257,G014,"Ginger, fresh (Zingiber officinale)",5,g
5843f2d9-32f3-4d09-ace1-dfbad17232b2,ASC319,US-173471,Vanilla extract,0.5,tsp
58461656-3c1b-48a9-b76e-d7ac9406a4fd,BFP367,UK-12-332,"Cream, fresh, single",100,g
58529d11-7850-426e-9e4d-828a61b5db6a,ASC277,UK-17-045,"Oil, sunflower",480,ml
585890e3-90df-4359-99fa-9062e5dab9b1,OSR114,UK-17-377,"Water, distilled",4,tbsp
585cfb77-3925-46ff-a6bc-2016c0947942,ASC092,UK-17-721,"Soy sauce, light and dark varieties",1,tsp
585d7bd7-8798-4a31-af03-e2b590ed6d48,ASC514,G023,Cloves (Syzygium aromaticum),0.5,tsp
585f5caa-4996-466c-a1f8-f3e6aebc683f,ASC291,B010,"Green gram, dal (Vigna radiata)",15,g
5864411d-be84-41e1-9882-e2439f173634,BFP427,B001,"Bengal gram, dal (Cicer arietinum)",15,g
586d7432-f03f-4921-8e7d-23370b17db03,BFP125,UK-17-723,Worcestershire sauce,1,tsp
586f8404-dfcf-4d03-8e2f-4d6a9751f7b5,ASC121,US-173756,"Chickpeas (garbanzo beans, bengal gram), mature seeds, raw",50,g
5870921d-cea9-425b-94a9-59752334d3ca,BFP208,G014,"Ginger, fresh (Zingiber officinale)",5,g
58722848-7dbe-49e3-ac16-e24a8b128606,ASC249,E033,"Lemon, juice (Citrus limon)",0.5,tsp
5876395f-9ca3-4dd6-92d7-fd5496f4a2d7,BFP416,C020,Fenugreek leaves (Trigonella foenum graecum),0.5,tsp
587e9ba6-bac6-4f2f-bd85-74c59ae81e9f,BFP203,UK-13-570,"Tofu, soya bean, steamed",20,g
5882cf1f-75ff-4564-b908-5059a2dac7aa,OSR101,UK-13-873,Chilli powder,0.5,tsp
5888fa9e-6ec8-4cc2-8bf9-eee2deba5576,ASC252,UK-14-130,"Lemons, flesh only, raw, weighed with peel and pips",35,g
589d3be1-cf64-43e9-8198-307fe7a354f3,OSR012,L002,"Milk, whole, Cow",3,C
58a49634-6a42-4655-a4a5-66f13d822b51,OSR052,G026,Fenugreek seeds (Trigonella foenum graecum),0.66,tbsp
58a6c0c9-ccbd-4380-8029-b720b7b81c85,ASC142,UK-17-661,"Butter, unsalted",1,tsp
58a8f8c8-5fa8-49dd-9cf8-9bb0fe474a29,OSR087,G031,"Pepper, black (Piper nigrum)",0.25,tsp
58aca145-9a58-4254-af63-b28ca73c0782,OSR062,UK-17-377,"Water, distilled",0.5,C
58b1ecbf-6767-4bf0-88cc-e19062999f60,BFP360,E033,"Lemon, juice (Citrus limon)",1,tsp
58b8c52f-fc5a-41d5-9513-295cef03a5df,BFP157,F006,"Potato, brown skin, big (Solanum tuberosum)",100,g
58bb982e-a799-4318-9409-3bcb08974988,OSR006,UK-17-377,"Water, distilled",1,C
58bf63ca-5897-4d5e-b6d2-4694c9f67591,ASC099,A019,"Wheat flour, atta (Triticum aestivum)",80,g
58c3f3ec-a680-4b8d-ad83-842cf3e3c45a,ASC158,G017,"Onion, big (Allium cepa)",17.5,g
58ca3172-ddbe-4712-80ef-17367d70bc24,ASC136,UK-11-716,"Pasta, white, dried, raw",50,g
58cba72e-c0cb-41fe-b9c1-34b5a0935a68,ASC207,UK-17-045,"Oil, sunflower",1,tbsp
58dc7c07-6aee-49f1-8055-ad520529d485,ASC439,US-173471,Vanilla extract,0.5,tsp
58e2309b-8351-4080-947a-bcdbe0e63a96,ASC354,US-806341,AJWAIN SEED WHOLE ORGANIC SPICES,0.25,tsp
58e6dc0e-caae-4e40-a146-90e1977cd762,OSR020,H018,Pistachio nuts (Pistacla vera),25,g
58f04804-17f3-4696-ba6b-c887856a528c,ASC140,M001,"Egg, poultry, whole, raw",25,g
58f76d41-3c96-4e9c-8feb-c57d54120f36,ASC077,A018,"Wheat flour, refined (Triticum aestivum)",2,tbsp
590a3ee5-4374-40b8-a653-37e7cb8ee11c,ASC514,D075,"Tomato, ripe, hybrid (Solanum lycopersicum)",1000,g
591aa761-23e7-4bce-9823-ba4f50f1a358,BFP291,UK-12-527,"Cheese, processed, plain",25,g
591e2993-689e-4e71-a41c-9f7490f6e8f8,ASC323,L002,"Milk, whole, Cow",300,ml
59245e28-0deb-40b9-a2be-9123d390da9e,OSR134,UK-13-832,"Ginger, ground",1,tsp
59289f11-c282-4b29-a98a-1ef394b689ae,ASC026,UK-11-1145,"Bread, white, average",60,g
592955c8-1a6d-456f-b785-2247252f3a20,ASC171,UK-17-045,"Oil, sunflower",1,tbsp
593cd8ad-d534-455d-b24c-e01ba8053e0c,BFP280,F013,"Sweet potato, brown skin (Ipomoea batatas)",5,g
593d3a5b-dd9c-4f5d-8df9-daa0eb1da466,ASC233,UK-17-367,Salt,0.25,tsp
593fa08e-26a6-456e-b20e-7ce665317c56,OSR100,UK-13-873,Chilli powder,0.25,tsp
59479378-7640-48f0-a26c-66c0b87bc3cb,ASC091,UK-12-527,"Cheese, processed, plain",10,g
5947a472-22e9-46fd-ada6-a53922e85de3,BFP174,D075,"Tomato, ripe, hybrid (Solanum lycopersicum)",15,g
594dc2a1-5ad8-4fee-afb8-6962e9442ed9,ASC370,US-400113,"SIVA'S, AMHUR POWDER (DRY MANGO POWDER)",0.25,tsp
5955a448-1758-4601-9984-67a330dd165e,ASC340,G020,"Cardamom, green (Elettaria cardamomum)",0.375,tsp
59563f0b-a673-4165-9bde-dcf5e59ece29,ASC454,M001,"Egg, poultry, whole, raw",12.5,g
595b15e8-e6fc-486c-9630-c41e44261276,ASC129,UK-17-339,Vinegar,2,tsp
595b16f9-2f4a-4ecc-bb34-cbbc9644b47a,OSR115,A022,"Wheat, semolina (Triticum aestivum)",167,g
595ef9d2-c3e7-476c-b217-80e0825524ea,OSR087,UK-17-367,Salt,0.25,tsp
5962c573-cdb1-45b2-a1d8-18a32c0551fb,BFP221,UK-11-1045,"Flour, corn",1,tbsp
5963ac64-0707-45a2-87d6-e0d6e2ec1839,BFP292,G031,"Pepper, black (Piper nigrum)",0.25,tsp
596a9cd1-c0fb-4947-8d34-ecc3afc2ea26,OSR095,A018,"Wheat flour, refined (Triticum aestivum)",1,tbsp
596c7c89-c46c-417b-b2d0-bad16a989efe,BFP201,G024,Coriander seeds (Coriandrum sativum),0.25,tsp
59731255-c862-4743-9e63-16b60b1786af,ASC214,UK-17-367,Salt,0.5,tsp
5974a11d-feb2-42b5-9b8b-47c09efe25d5,ASC068,O064,"MUTTON, muscle",100,g
597d78db-1123-4b18-ad55-23a9835a309a,BFP067,UK-17-726,"Stock cubes, chicken",480,ml
597fc1b2-4f2f-45c2-9989-a247fdc77122,ASC163,UK-17-045,"Oil, sunflower",1.5,tsp
5989bce0-ffcd-4886-abc4-ebd9b6721653,ASC216,L002,"Milk, whole, Cow",350,ml
598ff7a8-61c2-4a70-9096-b5c8ef600a2d,ASC349,UK-17-377,"Water, distilled",50,ml
59a7ba62-8bf3-4403-8108-ea424f54d7ec,ASC364,UK-17-045,"Oil, sunflower",480,ml
59aa9d1e-fa1a-4304-aeed-61a5c6e27942,BFP457,UK-11-1145,"Bread, white, average",60,g
59b0d243-c460-4816-9728-5ebe024f1637,OSR022,UK-11-021,"Flour, rice",0.5,tbsp
59b6bdfb-9c29-4546-8aa9-969777a73da4,BFP007,H001,Almond (Prunus amygdalus),4.4,g
59b7a580-dcd8-42ba-a596-edf222271c52,ASC505,ANN-ING-0020,Alum Solution (2%),1000,ml
59bee2b9-2ba0-4647-89d8-758cb2f08873,OSR012,H007,"Coconut, kernel, fresh (Cocos nucifera)",80,g
59c570af-f39e-413b-b73a-01ede2bcd39b,OSR008,UK-17-063,"Sugar, white",250,g
59dc3eaf-18f8-43db-aa00-47ed4cea2b53,ASC219,D050,"French beans, hybrid (Phaseolus vulgaris)",25,g
59de4c40-66ba-48ab-ae63-8bc753b59113,BFP573,UK-13-873,Chilli powder,0.125,tsp
59e2bbeb-b43a-456a-aa31-2833dd4a97f4,ASC425,UK-14-335,"Cherries, glace",50,g
59e37042-4152-4ff1-b812-21deccb78d91,ASC161,UK-17-367,Salt,0.5,tsp
59e6bac2-db79-43e8-b870-43e57ab57b6f,OSR085,UK-17-367,Salt,0.5,tsp
59e723cb-2cc6-42b6-b7d8-9e9df8eb00e2,ASC334,L002,"Milk, whole, Cow",30,ml
59e9ff08-a9cb-43b2-8312-664083b38a74,ASC265,E033,"Lemon, juice (Citrus limon)",2,tsp
59fc8833-5755-440d-9a6f-387e1355da42,ASC206,UK-13-829,Garam masala,0.25,tsp
59fefdda-c407-4312-b8ac-ad4c3894a7e9,ASC260,D033,"Capsicum, green (Capsicum annuum)",25,g
5a001bbe-0937-4910-a378-cf1265f6ccc1,BFP047,G017,"Onion, big (Allium cepa)",25,g
5a0c2200-38bc-4c87-9383-63f28bedf047,ASC354,D036,Cauliflower (Brassica oleracea var. botrytis),20,g
5a0c6c15-dc40-4dc1-817f-7a8ad9bacda3,ASC242,G014,"Ginger, fresh (Zingiber officinale)",5,g
5a0d3e33-1182-4080-8628-d89cac9a7148,ASC420,UK-12-545,Cocoa powder,1.5,tsp
5a0f6f11-4ab6-46df-86e1-5277c6178bda,OSR015,A014,"Rice, parboiled, milled (Oryza sativa )",100,g
5a13efc7-e416-4481-a43f-9968da794908,BFP148,A014,"Rice, parboiled, milled (Oryza sativa )",50,g
5a1a8e11-9c63-489e-ba01-fefbf635d068,BFP570,UK-17-640,"Ghee, butter",10,g
5a1e9961-8585-4c75-aff8-bb4728e8f330,ASC261,D050,"French beans, hybrid (Phaseolus vulgaris)",30,g
5a2eba0f-60dc-4955-ac3a-378afeadd7f9,ASC160,UK-12-184,"Yogurt, whole milk, plain",25,g
5a2ed872-cb20-4f7f-9b74-c3beb36dc67d,OSR134,G012,"Garlic, small clove (Allium sativum)",1,tsp
5a31e5f9-85ec-4b73-b2a1-b72570477192,BFP450,UK-17-045,"Oil, sunflower",1,tsp
5a342c56-1e98-4602-aed1-948feeeac82f,BFP361,UK-17-377,"Water, distilled",30,ml
5a3b20b9-aaa8-4a7c-85d2-b9722ebc85f9,BFP598,G014,"Ginger, fresh (Zingiber officinale)",50,g
5a3e0119-1d43-41ec-9757-68c281c62272,BFP350,UK-12-333,"Cream, fresh, whipping",125,g
5a3ef296-e1a6-4bd5-8873-fb81f9d82d2c,BFP214,G024,Coriander seeds (Coriandrum sativum),0.5,tsp
5a40bee5-f2ae-4edb-9dcb-528c6d2c099a,ASC455,UK-17-062,"Sugar, icing",30,g
5a42a826-5046-4b62-a97c-0414931145f4,OSR009,UK-17-377,"Water, distilled",3,C
5a42f9db-8bb6-4e9f-a9f3-cd84e5be37c9,ASC086,G017,"Onion, big (Allium cepa)",35,g
5a47a616-d2e2-43b6-893b-c70f5f90dd8f,BFP445,UK-17-367,Salt,0.17,tsp
5a51ee16-9807-4dc8-915b-0498ca297a90,BFP274,UK-17-377,"Water, distilled",2,tbsp
5a5d4f0f-90c0-4f76-85f7-66ee1607d610,ASC225,UK-17-367,Salt,0.5,tsp
5a626cfd-47dc-4bb7-a925-6b4f54a15f2d,ASC149,UK-13-873,Chilli powder,0.25,tsp
5a67156d-1955-4639-ad7d-a104969feb53,BFP262,E033,"Lemon, juice (Citrus limon)",0.25,tsp
5a75a9ff-8da5-48e9-ac3f-4bdb72fbee33,ASC347,UK-17-377,"Water, distilled",1,tbsp
5a784f96-eb94-430e-b70b-e576498b2fea,OSR031,UK-17-355,Baking powder,2,tsp
5a7b3ce1-98c6-4389-95ac-e7acd08c17a3,OSR073,N003,"Chicken, poultry, breast, skinless",220,g
5a7d5034-5fd1-4f65-b94b-d3f2251e72cd,BFP470,UK-12-527,"Cheese, processed, plain",30,g
5a7e6067-d5f3-416e-9f8a-33bbf1f18845,OSR098,G012,"Garlic, small clove (Allium sativum)",1.25,g
5a86c463-ca32-4362-b5a7-027995b305b3,ASC212,UK-13-829,Garam masala,0.125,tsp
5a894f83-13a5-44bf-a40f-8251f13d50e0,BFP607,ANN-ING-0019,Yellow color,0.25,tsp
5a896988-5e20-4a77-912b-43cc73dac5c9,ASC090,G031,"Pepper, black (Piper nigrum)",0.125,tsp
5aa02d0c-957e-4c54-9616-0d95e2f21217,BFP496,A018,"Wheat flour, refined (Triticum aestivum)",60,g
5aa2c913-b012-4d6f-80ac-902e48cef6a9,BFP403,G020,"Cardamom, green (Elettaria cardamomum)",0.25,tsp
5aafb15a-28e0-446e-be08-14ceea8088c0,OSR152,UK-17-367,Salt,0.5,tsp
5ab23cc7-3162-40f0-8f14-8248a6c3ba42,BFP118,UK-17-367,Salt,0.13,tsp
5ab5b13a-055f-4e2a-815c-d14b67f06a57,OSR124,L002,"Milk, whole, Cow",0.75,C
5ad62fc8-ad8f-455f-8a14-e1afe92f979d,ASC328,A018,"Wheat flour, refined (Triticum aestivum)",40,g
5ad937f4-e62b-4ac4-a936-9a13f80854b9,ASC314,E001,"Apple, big (Malus domestica)",225,g
5adef476-accf-451c-a2aa-0bebeb88d153,BFP274,G017,"Onion, big (Allium cepa)",30,g
5ae1cab0-9db7-440f-ab83-9681fdde2e42,BFP158,UK-13-874,"Cinnamon, ground",2,g
5ae2e3c0-3a71-4b5d-83ad-af04ac8795f0,ASC032,D043,"Cucumber, green, elongate (Cucumis sativus)",50,g
5ae76613-8b2d-48aa-ad8b-127c2f91bc84,BFP391,ANN-ING-0037,Food colour,0.5,tsp
5af30308-22d0-40ad-8d51-4a42a4babfc6,BFP157,A018,"Wheat flour, refined (Triticum aestivum)",2,tbsp
5af9c5ae-fa77-416b-978c-66c82f2efd93,OSR048,E062,Star fruit (Averrhoa carambola),180,g
5b006912-29e6-4a98-b20f-8822bbfa3d77,BFP158,UK-17-367,Salt,0.125,tsp
5b02c41b-2e6b-4720-9ba3-253551fea3cb,ASC230,M001,"Egg, poultry, whole, raw",25,g
5b0d3ae7-9691-4cb2-ad42-18d987dd21c1,ASC325,UK-17-355,Baking powder,0.125,tsp
5b1344e1-1eb2-4946-a868-2f6ee42cf84d,ASC138,L003,Paneer,25,g
5b142ff8-9156-45fe-a29c-dd54afbe2635,BFP602,D075,"Tomato, ripe, hybrid (Solanum lycopersicum)",1000,g
5b225702-27d3-4ffc-9170-840404e8927b,BFP390,L002,"Milk, whole, Cow",250,g
5b30481d-d078-4042-a44c-57ace7f7e330,ASC244,UK-17-377,"Water, distilled",2,tbsp
5b38737f-3e66-40a2-b14b-0d5e4eb0b2fa,ASC115,D050,"French beans, hybrid (Phaseolus vulgaris)",30,g
5b3a1089-ac30-4643-99cd-9c8a25958b3f,ASC091,UK-17-726,"Stock cubes, chicken",1,C
5b4214fb-490b-43fb-8c01-c3438d47f444,BFP532,E047,"Orange, pulp (Citrus aurantium)",120,g
5b498dd9-e5a1-40b0-aac4-603ae672b6c1,ASC231,UK-13-806,"Bay leaf, dried",0.4,g
5b4cc314-9ade-486f-95ee-665d56f56c11,OSR098,G016,Mint leaves (Mentha spicata ),16,g
5b4cc7e9-018f-4e1e-9181-50492a869014,BFP158,UK-17-377,"Water, distilled",0.5,C
5b5de2eb-43bb-4e6d-a9e0-82feddaf8efc,ASC129,UK-17-719,Chilli sauce,0.5,tsp
5b5f047e-1ab6-458f-9091-4c5d829733d0,BFP060,UK-17-377,"Water, distilled",720,ml
5b655e18-51d2-468f-88b8-6676cece9b8d,ASC362,UK-17-367,Salt,0.25,tsp
5b65ab5e-751a-4ed7-ae6e-78a2c4ca8aba,ASC161,UK-13-829,Garam masala,0.25,tsp
5b6e4080-4456-4feb-808e-fb213ea927a3,BFP491,H001,Almond (Prunus amygdalus),6.6,g
5b6f7a09-e69a-40ea-ba36-2024460c6e86,OSR099,F006,"Potato, brown skin, big (Solanum tuberosum)",140,g
5b79dcab-9dc8-47f4-a7a3-51d4fe79cedf,ASC253,E053,Pineapple (Ananas comosus),30,g
5b7ec158-9e7a-4f60-9258-2ddae0fa5b25,ASC244,UK-17-063,"Sugar, white",0.5,tsp
5b7f3e60-dc36-4245-be5c-a9c0de249375,BFP138,UK-17-045,"Oil, sunflower",2,tsp
5b7f83c4-101a-47b5-989a-73c74024d423,ASC209,G012,"Garlic, small clove (Allium sativum)",2.2,g
5b8ef244-74f7-4797-9c67-b170213eddd8,BFP047,UK-17-367,Salt,0.25,tsp
5b96cd92-f812-4835-9131-116301a7cf26,ASC209,G017,"Onion, big (Allium cepa)",75,g
5b98cdb6-dc3b-4acf-b5d5-41632379ed65,BFP303,UK-17-367,Salt,0.17,tsp
5ba0b9c2-40ec-49e8-9642-ce963c75f485,BFP187,G025,Cumin seeds (Cuminum cyminum),0.25,tsp
5bab06fa-0094-468f-9535-87d3df4e0df9,ASC214,UK-17-045,"Oil, sunflower",1,tbsp
5baf0de0-7526-42e8-b962-caf35f6db200,BFP174,UK-17-377,"Water, distilled",1.25,C
5bb01a6e-1e63-453c-959f-0df5aed45861,ASC325,UK-17-062,"Sugar, icing",30,g
5bbadddd-0786-4337-9d35-987ab4e8232f,BFP509,A018,"Wheat flour, refined (Triticum aestivum)",30,g
5bc22613-92de-4d61-a1e0-ca3b6b01ab3d,ASC214,G025,Cumin seeds (Cuminum cyminum),0.25,tsp
5bc2bfd0-e356-4062-8964-5afd7eb81107,OSR103,B010,"Green gram, dal (Vigna radiata)",175,g
5bd045d4-7877-4768-8cd9-f7de9f4e25c7,BFP352,UK-17-063,"Sugar, white",20,g
5bddefdc-b592-4709-9727-035355f21762,BFP277,UK-17-339,Vinegar,0.75,tsp
5be5a607-cb46-46ba-b8e7-d4c999bfa8df,BFP276,D061,"Peas, fresh (Pisum sativum)",40,g
5bec5bab-c144-44e9-9a74-ff5eb77fbb2c,BFP214,G014,"Ginger, fresh (Zingiber officinale)",5,g
5bf16a13-c33f-4d34-b505-c0cce195fd8c,OSR066,G014,"Ginger, fresh (Zingiber officinale)",1,tsp
5bf96d46-d665-486c-a4ea-e5fda59970b7,BFP574,UK-17-640,"Ghee, butter",15,g
5c06b1c0-d6b3-4464-b592-bd6e5ebf4a95,ASC357,M001,"Egg, poultry, whole, raw",50,g
5c08366e-a6bc-4d4c-982b-bedf46d53f5b,BFP483,ANN-ING-0027,Strawberry essence,0.5,tsp
5c08da85-f0ac-4a70-b414-e5558f8e62e0,OSR066,G017,"Onion, big (Allium cepa)",50,g
5c0df11a-641d-446d-8c34-1c63928db3f4,BFP054,G031,"Pepper, black (Piper nigrum)",0.25,tsp
5c13ba70-e9f4-417d-a94d-93c8170830b4,ASC368,F006,"Potato, brown skin, big (Solanum tuberosum)",100,g
5c169bfd-3921-4dcf-a780-5d1e24a8c2e3,BFP443,G016,Mint leaves (Mentha spicata ),20,g
5c2196d7-43fe-4830-ab0f-388b076df38d,ASC192,UK-13-873,Chilli powder,0.25,tsp
5c269277-3223-45de-b610-26a2abe7dffc,OSR017,H018,Pistachio nuts (Pistacla vera),1.5,tbsp
5c2b4bfc-ea5e-425e-9abc-c42ace9ca1b6,BFP124,A018,"Wheat flour, refined (Triticum aestivum)",28,g
5c528db6-731d-4a0f-a3f5-cd7469a5a030,BFP568,US-806341,AJWAIN SEED WHOLE ORGANIC SPICES,0.25,tsp
5c559e2e-7e10-4f45-9ed3-8fcc9395ad2e,BFP046,UK-17-367,Salt,0.25,tsp
5c6a3f08-7d94-43f8-abd0-e21aec058854,ASC295,L002,"Milk, whole, Cow",30,ml
5c7baffe-9035-474a-a5d8-6a2735ce35ee,ASC320,US-173471,Vanilla extract,0.5,tsp
5c821375-39c0-4bdb-b8e8-270f536e1d77,BFP608,ANN-ING-0034,Pineapple essence,0.5,tsp
5c82cc5f-3b16-4376-8317-13c5bdbb2568,BFP264,US-806241,HIMALAYAN BLACK SALT,0.17,tsp
5c8bd430-82e4-49fe-af10-25cf5848427b,BFP059,F002,"Carrot, orange (Daucus carota)",20,g
5c8d7272-bbcd-4d16-8446-2c2f8d6a88ba,ASC228,UK-13-873,Chilli powder,0.25,tsp
5c99ca64-0fb9-4540-967a-9173e925010a,BFP602,G025,Cumin seeds (Cuminum cyminum),1,tsp
5c99f144-9be4-4293-9c00-6eabae810b3e,ASC402,D061,"Peas, fresh (Pisum sativum)",100,g
5ca2879e-0cdf-450f-9f3f-1d6219a5e05e,ASC375,G017,"Onion, big (Allium cepa)",25,g
5caba79a-0ad8-45c5-9c04-38e7fc079a61,OSR123,A022,"Wheat, semolina (Triticum aestivum)",95,g
5cb0a443-f491-47a4-a3d7-1ef74a89578d,BFP437,UK-17-045,"Oil, sunflower",240,ml
5cb55a89-6f9e-4c0d-8dcb-b6f0b9bda2bd,BFP005,B001,"Bengal gram, dal (Cicer arietinum)",15,g
5cc7ade2-d972-48ad-827f-2cc236936cc1,OSR145,UK-17-367,Salt,0.5,tsp
5cd6ea9b-885b-4209-bf17-6f48626481d8,ASC410,UK-17-367,Salt,0.25,tsp
5ce08455-18e1-40c0-b9ba-72e6324b9f50,ASC156,UK-17-367,Salt,0.5,tsp
5ce77467-3153-4931-af26-bc07e1c6d34a,BFP214,G012,"Garlic, small clove (Allium sativum)",1.25,g
5cf50c58-702c-43f0-a74d-70441f60d75e,BFP222,G020,"Cardamom, green (Elettaria cardamomum)",0.25,tsp
5cf6767e-2acd-4117-8e80-f1250f2bd54d,BFP216,UK-17-045,"Oil, sunflower",1,tsp
5d00a3a1-90af-4189-970a-de3609edb216,ASC130,UK-17-045,"Oil, sunflower",2,tsp
5d046dc8-7d6d-4cf1-9cab-92bbe98a0c8b,ASC202,G012,"Garlic, small clove (Allium sativum)",1.25,g
5d084707-31d1-43a1-a7f6-2afc437437a9,ASC212,L003,Paneer,75,g
5d08fd80-b43d-4aee-a265-7ad15c28d879,BFP513,UK-17-062,"Sugar, icing",10,g
5d1028d1-bbe9-422f-b015-d6d3de21a058,ASC024,M001,"Egg, poultry, whole, raw",25,g
5d18e96b-7233-48e4-80d0-9bb5fff2d997,BFP328,UK-12-184,"Yogurt, whole milk, plain",100,g
5d25170c-096d-436b-9195-f80ada326e22,BFP388,UK-17-063,"Sugar, white",150,g
5d295b88-b3d8-4696-ae13-fff2f4f0e358,BFP322,G031,"Pepper, black (Piper nigrum)",0.25,tsp
5d3b71f4-89bd-4c40-bc51-8f736fbdbce3,ASC369,F006,"Potato, brown skin, big (Solanum tuberosum)",75,g
5d5625fb-3bbd-40de-879d-fd3e866fbc6c,BFP506,G028,Nutmeg (Myristica fragrans),0.25,tsp
5d64dcc6-7067-4580-88f2-d30d08ad3692,BFP204,G014,"Ginger, fresh (Zingiber officinale)",10,g
5d659a74-a8f9-454c-9a23-920ec704c2d5,OSR107,UK-17-377,"Water, distilled",3.5,C
5d698391-a133-4231-97f4-5c79bcb8d529,BFP500,UK-17-063,"Sugar, white",55,g
5d6b6674-c34e-44a5-871d-f8d5e1b798fb,BFP532,E033,"Lemon, juice (Citrus limon)",0.5,tbsp
5d6f189d-30c5-4b4f-811c-ed78d4de20aa,BFP132,H005,Cashew nut (Anacardium occidentale),10,g
5d6f836c-f363-497e-9023-e15b437a2967,ASC090,A024,"Wheat, vermicelli, roasted (Triticum aestivum)",10,g
5d72fa24-b816-4bcf-8174-a8740bcaf80f,OSR087,D034,"Capsicum, red (Capsicum annuum)",111.75,g
5d74f7bc-d4e7-4871-9649-380420ace1ea,BFP055,UK-17-367,Salt,0.25,tsp
5d7f1f96-2439-4c99-8a98-04c941f9f790,OSR131,UK-17-661,"Butter, unsalted",136.2,g
5d826633-7249-4ec4-9271-f65e3044dd07,OSR075,UK-17-367,Salt,0.25,tsp
5d832f6f-e6b1-4bd7-b4fe-1701871096ed,ASC226,D033,"Capsicum, green (Capsicum annuum)",30,g
5d8c0a66-5daa-44a9-bf11-1fdf53729a5a,ASC068,F002,"Carrot, orange (Daucus carota)",10,g
5da57d2b-7724-4a3f-919c-07558665ff86,OSR073,D033,"Capsicum, green (Capsicum annuum)",74.5,g
5db8bfe8-c763-4f46-93d1-6275ffbe76d1,BFP096,UK-17-367,Salt,0.25,tsp
5dbbc216-2e3d-4956-b1b4-06a79ec1f0cc,ASC162,D075,"Tomato, ripe, hybrid (Solanum lycopersicum)",50,g
5dc41941-d618-4854-a272-19a5d0cda690,BFP607,UK-17-377,"Water, distilled",12,tbsp
5dce75e0-2ef4-4b7d-9668-fd0bfcbe7976,ASC017,E036,"Mango, ripe, banganapalli (Mangifera indica)",50,g
5dd2f708-22e0-4791-8923-53d6baf939e6,ASC468,F002,"Carrot, orange (Daucus carota)",50,g
5deffbb5-4079-484b-93cf-4e61340c213f,BFP152,A014,"Rice, parboiled, milled (Oryza sativa )",50,g
5df240f1-26e9-4502-98e1-eaacdea63e45,ASC157,UK-17-367,Salt,0.5,tsp
5dfe0def-a98c-4de7-908a-141045e556eb,ASC132,UK-11-1045,"Flour, corn",2,tbsp
5dff3214-a825-4696-bc01-ed9045ed65d6,BFP250,UK-13-829,Garam masala,0.125,tsp
5e0b04dd-8839-4e57-806b-10df89b61112,ASC115,UK-13-874,"Cinnamon, ground",0.5,tsp
5e17d894-7716-4e27-b795-baf6146d6915,BFP541,M001,"Egg, poultry, whole, raw",1,tsp
5e194de8-603d-48c2-a09c-b7b3e6a4edf0,BFP430,UK-18-481,"Lamb, mince, raw",100,g
5e1a7479-eab7-4486-ad23-00e7ab35f638,ASC263,UK-13-352,"Spring onions, bulbs and tops, raw",30,g
5e22ded1-45d4-48e8-a430-693649d68e68,ASC125,H001,Almond (Prunus amygdalus),2.8,g
5e26b4cd-6499-442d-b6dc-2a35e724b541,ASC362,G008,"Chillies, green - all varieties (Capsicum annum)",1.7,g
5e284492-bcc9-42c8-931f-75c2dd2a60fd,ASC222,G008,"Chillies, green - all varieties (Capsicum annum)",3.33,g
5e2b4a35-4f4b-4ff7-a1ca-ca66d157ef36,BFP468,G031,"Pepper, black (Piper nigrum)",0.25,tsp
5e2d4a9e-b495-460d-a9bf-08b8787c3807,ASC204,UK-17-045,"Oil, sunflower",480,ml
5e482915-a5e9-439b-b9f5-b93ece69b57e,BFP300,UK-17-654,"Mayonnaise, standard, retail",1,tbsp
5e4b6904-c17d-4634-871e-8bf92b5e443f,OSR115,UK-17-377,"Water, distilled",0.5,C
5e4caeb0-262a-4950-b812-c042e670fbe5,ASC260,C015,"Cabbage, green (Brassica oleracea var. capitata f. alba)",25,g
5e5da7e6-2f09-4943-962a-c26613790df8,OSR063,E033,"Lemon, juice (Citrus limon)",1,tsp
5e5fa6b9-76c9-44fb-852b-3ff04b82ee12,ASC169,G014,"Ginger, fresh (Zingiber officinale)",6.33,g
5e618bf6-19d3-4b6f-9436-f00e297fa82d,BFP157,UK-17-045,"Oil, sunflower",1,tbsp
5e7298e8-4cef-4e86-8c96-ac134d12621e,BFP262,G017,"Onion, big (Allium cepa)",20,g
5e8d6cb9-01c4-4706-abde-77230e1bc50a,BFP246,L002,"Milk, whole, Cow",10,g
5e8e6dec-544a-44bd-bda5-6416f5bd0c19,ASC191,G008,"Chillies, green - all varieties (Capsicum annum)",3.33,g
5e8ef8de-6c39-4c6f-9cbc-86c648ee9b12,BFP043,F002,"Carrot, orange (Daucus carota)",10,g
5e95b6cb-bdd3-4446-8f50-cf39366574a8,ASC432,M001,"Egg, poultry, whole, raw",100,g
5e95bcd2-64bc-41e6-8a7e-3dee1fbe4b88,BFP470,C025,Lettuce (Lactuca sativa),10,g
5ea40d73-f185-4f26-bc32-84f51745bc67,ASC045,M001,"Egg, poultry, whole, raw",50,g
5ea9ee15-282b-4d77-8465-8a84aad8e579,ASC387,G016,Mint leaves (Mentha spicata ),10,g
5eb2c173-1df8-4bda-91a2-e904bc2c5028,BFP455,UK-11-1145,"Bread, white, average",60,g
5ecb3a90-b6bf-420e-9c76-d2d701ed9770,ASC224,G012,"Garlic, small clove (Allium sativum)",1.6,g
5ecb8d7f-876c-4324-bf6a-6f5d6460e410,BFP346,US-173471,Vanilla extract,0.5,tsp
5ed12c54-d855-47f3-96ae-4631292b4aca,ASC246,G032,Poppy seeds (Papaver somniferum),0.25,tsp
5edeca4a-e88e-4650-b419-e0adf2837a42,BFP329,UK-17-367,Salt,0.17,tsp
5ee089cb-0a84-465a-9056-bd0f7f8f227e,BFP536,UK-17-062,"Sugar, icing",2.5,g
5ee3db96-3506-47c6-84cb-a86504b4ed12,BFP294,UK-17-367,Salt,0.17,tsp
5ee5b3f1-3de2-497d-8847-8c0f5b88e31d,ASC429,US-173471,Vanilla extract,0.5,tsp
5ee74257-ae31-4601-aab2-78a0792278c1,BFP521,UK-17-377,"Water, distilled",1,tsp
5ef0caf6-e760-48d9-ac17-4fb7f963437d,ASC214,G023,Cloves (Syzygium aromaticum),0.25,tsp
5ef0f950-f619-4309-928e-0c06cbee2a85,ASC120,L003,Paneer,25,g
5ef440d1-c0db-4e4a-a73e-744531bee37d,BFP221,D037,Celery stalk (Apium graveolens),17,g
5ef44eaf-7f26-4f4f-a11d-3183dbcc0ed5,BFP218,UK-13-502,"Broccoli, green, raw",100,g
5efb160e-cf6b-43da-89c8-c9195110a492,BFP391,ANN-ING-0006,KEWRA ESSENCE,0.5,tsp
5f0927c1-f7b2-444f-ab65-0fda22c60409,ASC137,UK-12-332,"Cream, fresh, single",1,tsp
5f0aa92c-596e-4572-9238-07848d9a8a8e,OSR128,UK-19-496,Ham,539,g
5f13b932-36f7-4a70-abcd-e003411e4f98,BFP047,L003,Paneer,50,g
5f14a613-c71e-499b-b65a-176ce0dc1e88,ASC271,UK-13-873,Chilli powder,0.125,tsp
5f18ba46-63ba-48e2-8261-5bce673cc40f,BFP535,UK-17-367,Salt,0.25,tsp
5f190a0f-de62-4173-91b7-e50b220e0134,BFP264,G033,Turmeric powder (Curcuma domestica),0.25,tsp
5f1977b5-a60f-4eca-a70b-531b0fdb35c9,ASC444,UK-17-367,Salt,0.5,tsp
5f20de29-ebef-4b5a-8390-c80c4ab7d7e9,OSR080,UK-17-045,"Oil, sunflower",3,tsp
5f23a56f-4106-4c23-816b-bf7d0203701d,OSR087,UK-17-718,"Pickle, sweet",2,tbsp
5f260e5d-ba0b-4cdc-94aa-c42d3519c412,BFP354,L002,"Milk, whole, Cow",1,tbsp
5f2c46f0-d1b9-476c-81e4-097e1c937a33,ASC130,UK-17-339,Vinegar,1,tsp
5f2e8265-d45c-4311-8ec4-d3f54f8b9c36,ASC329,UK-17-661,"Butter, unsalted",20,g
5f381d1f-d052-4c3a-83c2-90abdcbfdafc,OSR067,E033,"Lemon, juice (Citrus limon)",79.2,g
5f46d23c-661c-47a6-ae7e-0d2dc60afb3a,BFP510,UK-17-062,"Sugar, icing",20,g
5f4b5b58-53d9-4e1c-8ad5-647bbf841dcd,BFP602,G017,"Onion, big (Allium cepa)",100,g
5f5065f4-0bf1-4d3f-8703-028663141d7d,ASC135,UK-13-881,"Pepper, white",0.25,tsp
5f53b513-90dd-41ad-8511-e84f8510f0ee,ASC060,G031,"Pepper, black (Piper nigrum)",0.25,tsp
5f59e0a2-735b-4d35-bc2c-48f2af984316,BFP029,UK-13-873,Chilli powder,0.25,tsp
5f63d469-6ac6-422e-81da-20bde293099b,ASC329,A018,"Wheat flour, refined (Triticum aestivum)",20,g
5f698e2c-148f-4043-b508-8a213a794dcf,ASC093,US-711552,MSG MONOSODIUM GLUTAMATE,0.125,tsp
5f6a0866-6102-4d4c-9e56-a3279640b4db,ASC367,G008,"Chillies, green - all varieties (Capsicum annum)",1.67,g
5f6c1611-29ab-49da-9189-d84557acc900,BFP246,UK-17-377,"Water, distilled",0.5,C
5f6c36ab-ae37-463d-b1ae-56778104713a,BFP424,UK-17-045,"Oil, sunflower",240,ml
5f760a35-c694-4412-b57a-6ef9b16e955d,BFP134,UK-17-377,"Water, distilled",160,ml
5f78f70c-5dc4-4dfe-9f7b-18740c0c0449,ASC426,UK-17-063,"Sugar, white",100,g
5f7ba868-ea61-4ea8-8d70-ca176b1c28fc,BFP280,G016,Mint leaves (Mentha spicata ),2,g
5f7ddda4-6727-45c8-89cf-49f364c799bc,ASC246,UK-17-367,Salt,0.5,tsp
5f805bad-00dc-4b98-b611-40016a58209a,BFP468,D043,"Cucumber, green, elongate (Cucumis sativus)",40,g
5f855f2e-d6eb-47a6-8023-4955aefbb775,OSR124,UK-17-339,Vinegar,0.5,tbsp
5f86de29-25af-4fb7-8b13-ca6524583876,BFP345,UK-17-063,"Sugar, white",15,g
5f8c154b-d3e2-405a-92cd-210118e78744,ASC379,UK-13-873,Chilli powder,0.25,tsp
5f938d80-16eb-4ed5-a3f7-d0c4f1383929,BFP047,G014,"Ginger, fresh (Zingiber officinale)",3,g
5f9e8826-c351-45a3-9952-a67c5b008fe6,ASC092,UK-17-377,"Water, distilled",1,C
5fa375d6-f8d0-4935-b875-2e2f7b73e5a6,OSR112,G033,Turmeric powder (Curcuma domestica),1,tsp
5fb237e6-4136-4a90-b91f-5a70cd95b2a9,ASC008,UK-17-377,"Water, distilled",1.5,C
5fb76bea-69ff-4d8c-84d1-f74b0837b254,OSR096,UK-13-873,Chilli powder,1.5,tsp
5fb89bff-f584-45f4-a31e-c28de7f7e056,BFP569,I001,"Jaggery, cane (Saccharum officinarum)",80,g
5fc542ed-503d-4392-a9a9-c1f3d1811831,BFP174,UK-17-640,"Ghee, butter",5,g
5fcd0a05-7f44-4d17-bad8-67994d3b1ccb,ASC098,G008,"Chillies, green - all varieties (Capsicum annum)",3.33,g
5fd0527c-7833-4a02-9e1e-295fa136f843,OSR070,UK-17-367,Salt,0.5,tsp
5fd48b7b-b29d-4e2b-ab00-f5d18f8fba00,BFP536,UK-17-661,"Butter, unsalted",30,g
5fdde0f9-d1b1-4981-b92e-1a5d828cae5a,ASC336,ANN-ING-0006,Kewra essence,0.25,tsp
5fe31a0e-3dce-4f08-b071-c002581f6325,BFP424,G025,Cumin seeds (Cuminum cyminum),0.125,tsp
5fe53295-e112-4853-ad75-97243e550168,BFP137,G017,"Onion, big (Allium cepa)",50,g
5fe60437-6213-4367-9e80-b342777dc95e,BFP072,UK-17-727,"Stock cubes, vegetable",360,ml
5fe64de5-3f09-44e0-9aa9-4569b340f350,BFP282,M001,"Egg, poultry, whole, raw",50,g
5fe8847d-dda2-4640-a5ab-32487dbcff06,BFP308,UK-14-336,"Fruit cocktail, canned in juice, whole contents",100,g
5ff6b80f-98c7-4d53-88c5-ce000f42928f,ASC056,G031,"Pepper, black (Piper nigrum)",0.25,tsp
5ffa5852-2036-42b4-8307-c81b8b6c2556,ASC369,UK-17-045,"Oil, sunflower",480,ml
60011e31-285b-48ec-b9e4-b38296177d5a,ASC123,D075,"Tomato, ripe, hybrid (Solanum lycopersicum)",50,g
60018075-95fb-4a58-b23d-da33e32e078c,OSR076,G009,Coriander leaves (Coriandrum sativum),2,tbsp
60084873-957e-4e93-9f44-db289e65606a,OSR065,G012,"Garlic, small clove (Allium sativum)",1,tsp
60107655-8ae6-4f79-8661-c481464bf494,ASC137,UK-17-045,"Oil, sunflower",480,ml
6014633a-a353-4dd6-ac0a-39c239272514,ASC354,UK-13-829,Garam masala,0.125,tsp
6018a815-2d94-4c12-b5a4-994c76eb84f2,ASC405,M001,"Egg, poultry, whole, raw",50,g
6019f7fc-0102-4e18-b69c-a4e34ad3f49c,BFP452,UK-17-367,Salt,0.17,tsp
601fd50f-cc6a-432f-a222-db11751aba4f,OSR111,G012,"Garlic, small clove (Allium sativum)",0.5,tsp
602163e6-d68a-4ca0-b452-16edc59cc89c,OSR007,UK-17-377,"Water, distilled",15,tbsp
602318e1-e030-44cc-a070-a89e45c88c1e,BFP559,C033,Spinach (Spinacia oleracea),20,g
6023778c-83d2-4acd-85d5-2e765c071828,BFP257,UK-17-367,Salt,0.17,tsp
6023f5cb-5cde-46c6-b634-160e17001282,BFP389,UK-17-377,"Water, distilled",100,ml
602932cb-ffd4-433d-bb29-17bc57ebdaa9,ASC170,D043,"Cucumber, green, elongate (Cucumis sativus)",50,g
602c35e5-8d2e-4359-865b-2c7fa42b7c2f,ASC213,G012,"Garlic, small clove (Allium sativum)",1.25,g
602f6da2-227a-424e-b99b-7c00f9af6d72,ASC241,E033,"Lemon, juice (Citrus limon)",0.5,tsp
6030796e-e277-419e-a1e0-fdc86cf443d2,BFP393,US-170885,"Whey, acid, fluid",0.25,C
6030ae4c-87fc-44b8-907b-b00783de8bf3,ASC384,G014,"Ginger, fresh (Zingiber officinale)",3.17,g
6030e977-643d-4233-b0ac-08f384a48e62,OSR154,UK-13-806,"Bay leaf, dried",0.8,g
603320bc-569e-4b60-abc1-10a75e913deb,ASC348,UK-17-356,Bicarbonate of soda,0.06,tsp
603cb27a-ad75-4a45-bd88-2bc8ab6d90e3,ASC226,G031,"Pepper, black (Piper nigrum)",0.125,tsp
605064af-8fde-4673-a252-5b6e3a87c852,BFP166,UK-17-367,Salt,0.5,tsp
606db957-139d-424d-935d-7bc5646668ba,ASC192,D061,"Peas, fresh (Pisum sativum)",100,g
606e0f1f-6dea-49e3-9c34-2d0fa5d0a678,OSR115,UK-17-063,"Sugar, white",0.5,tsp
6071dc0e-7be5-415a-b062-b5c76a120843,OSR096,UK-17-377,"Water, distilled",2,C
607797aa-4802-45de-97d2-c3f3335a72a0,ASC366,M001,"Egg, poultry, whole, raw",12.5,g
607e87e6-4c6e-4b03-a2ed-0223f8cd8765,BFP291,UK-17-377,"Water, distilled",1,tsp
608212cb-ab77-4e57-99d9-c5cf4a86f447,ASC107,UK-17-640,"Ghee, butter",1,tsp
608a6935-dda6-4386-924b-9c02b4e4804e,ASC061,G031,"Pepper, black (Piper nigrum)",0.25,tsp
608d77de-f0b5-4655-987c-35dd7bd6c6e4,ASC120,G023,Cloves (Syzygium aromaticum),0.75,tsp
609e8f37-cfd9-4903-a650-85999c5468ed,ASC194,G033,Turmeric powder (Curcuma domestica),0.125,tsp
60a0749d-c595-41ef-a22a-4372a09c44c1,BFP080,UK-13-806,"Bay leaf, dried",0.4,g
60a7518b-6b2e-4555-981d-07d7afc92de2,OSR097,UK-13-827,Fennel seeds,15,g
60abeed3-edb4-4b76-9645-4deb0af5c64b,OSR076,G014,"Ginger, fresh (Zingiber officinale)",12.66,g
60b9971c-e1cc-4890-8dff-bcf24fb8bfe5,ASC065,UK-17-045,"Oil, sunflower",3,tsp
60be8e97-e46c-4b24-8653-4de7fd5e5d26,BFP442,UK-17-367,Salt,0.33,tsp
60c769f8-8cc2-4a10-9a12-def2c9473723,OSR144,UK-13-873,Chilli powder,1.25,tsp
60cfd680-89f8-425c-8050-36eaad529ed8,BFP312,UK-17-038,"Oil, olive",0.5,C
60dc4a2e-3b1a-4e90-a0cb-2703cc9c689f,BFP110,G008,"Chillies, green - all varieties (Capsicum annum)",3.33,g
60ecb18e-320d-4e32-af83-5be98914f153,ASC034,US-1098072,"Cheese spread, cream cheese, regular",2,tsp
60f09015-2c1c-40dd-89fa-cc1571ab0da6,BFP150,G008,"Chillies, green - all varieties (Capsicum annum)",6.67,g
60f93e44-34e5-4eff-8822-318b36c1acc1,ASC130,G017,"Onion, big (Allium cepa)",30,g
610015b2-b45a-480c-9275-368e56c90531,BFP484,UK-17-377,"Water, distilled",0.5,tbsp
6114b667-ac6f-4f34-8bbc-cdfbd7838324,OSR065,UK-11-1045,"Flour, corn",29.25,g
61178a76-fbab-4d4b-b6df-e5388f4368dd,ASC156,G025,Cumin seeds (Cuminum cyminum),0.25,tsp
61206de2-5eaf-46fe-9d2e-a792c7a14a34,BFP076,E001,"Apple, big (Malus domestica)",20,g
612ad7e5-0915-4acd-b5b2-2e71f6a13af5,ASC185,UK-17-367,Salt,0.5,tsp
612de892-84ce-4777-b287-a8d748b372cb,BFP393,L002,"Milk, whole, Cow",15,ml
613601b9-e807-4104-8ebe-25726025bbb5,ASC420,UK-17-062,"Sugar, icing",60,g
613d5fc5-c180-4dd9-b548-3a81cbc79e36,ASC175,F006,"Potato, brown skin, big (Solanum tuberosum)",100,g
613e3864-50d5-46b6-8cb7-11a299165abb,ASC349,A022,"Wheat, semolina (Triticum aestivum)",45,g
614108fa-8cfe-4c29-b8d0-cc42d060d3dd,ASC116,UK-13-874,"Cinnamon, ground",0.5,tsp
6145a31e-2dde-4183-95c9-008d608c2d9f,BFP218,G031,"Pepper, black (Piper nigrum)",0.125,tsp
614bc741-8c21-465c-8bd5-b089a7aeff42,BFP460,B003,"Black gram, dal (Phaseolus mungo)",0.5,tsp
6157dadb-28cb-4f6c-8b31-8f9cb9a163e1,ASC243,UK-17-367,Salt,0.5,tsp
61603851-a2bf-4e41-9bf2-565d70ea9770,ASC332,UK-17-062,"Sugar, icing",30,g
61604222-59a3-4f12-88ea-635af52bc352,ASC228,G017,"Onion, big (Allium cepa)",50,g
6162e437-78e7-4b58-b1ae-56da3a3ae9b1,BFP194,G024,Coriander seeds (Coriandrum sativum),1,tsp
616d7670-7dee-4e26-88b5-0ee05a870e7a,BFP529,UK-17-060,"Sugar, brown",30,g
61700c55-acf8-4446-b86e-66f4dfd321b3,ASC382,UK-17-640,"Ghee, butter",0.5,tsp
61737dd6-c29a-4977-be8f-a1c3a54b5d29,OSR107,UK-17-367,Salt,1,tsp
617422f1-7d92-4a46-848c-5ed186d633f3,OSR035,US-499195,JAM,112,g
6176a761-cf9a-4a98-a201-066b11dba070,ASC175,UK-13-873,Chilli powder,0.25,tsp
6180348b-fef1-4c8d-98ca-7b97dc6484ad,BFP407,E057,"Raisins, dried, black (Vitis vinifera)",5,g
61884b45-6ae6-4014-9720-7b6798ccb5f2,OSR076,G014,"Ginger, fresh (Zingiber officinale)",0.5,tsp
618cd967-20b1-4ba2-9f11-f4835b6d9430,BFP042,UK-13-873,Chilli powder,0.17,tsp
618d29ad-c171-4d98-87f1-944a5e993626,ASC127,B001,"Bengal gram, dal (Cicer arietinum)",1,tsp
618e3b3c-8797-4071-8439-0fb3493cf6e2,BFP122,A018,"Wheat flour, refined (Triticum aestivum)",60,g
618f0e2d-265a-49c1-851c-41adb58c7bae,BFP425,G008,"Chillies, green - all varieties (Capsicum annum)",3.33,g
6196caf8-2906-4586-abfb-a525180256c4,BFP284,L002,"Milk, whole, Cow",0.25,C
6198b2b8-736b-47a6-8518-a5fffbe8d559,ASC092,G031,"Pepper, black (Piper nigrum)",0.25,tsp
619b55fd-8417-4a25-ab37-de239f2df696,BFP176,G031,"Pepper, black (Piper nigrum)",0.5,tsp
61ae0175-2af3-4300-97f6-1774f7eceef8,ASC369,UK-17-045,"Oil, sunflower",1,tsp
61afead3-7d77-499d-a8a9-106139cf9bc6,ASC219,UK-13-873,Chilli powder,0.25,tsp
61b12732-1d16-4a53-9a89-4aaf8784ccd5,OSR136,G017,"Onion, big (Allium cepa)",30,g
61b24570-1ad8-4708-94de-305d2250eb56,ASC011,E053,Pineapple (Ananas comosus),3.7,g
61babb43-d2d4-4914-a052-93b44d323b6b,OSR095,UK-17-367,Salt,0.5,tsp
61bf2e84-00de-4e9f-9631-f9f5ee0948d9,ASC023,UK-12-539,"Cheese, cottage, plain",20,g
61c62536-0fa7-4e65-92cd-e9df4744136f,ASC273,UK-13-873,Chilli powder,0.125,tsp
61c8343d-c283-4206-ac88-56a840588178,BFP280,G025,Cumin seeds (Cuminum cyminum),0.125,tsp
61c8f50e-bd73-4d75-99dc-796e03fa1490,ASC214,G017,"Onion, big (Allium cepa)",30,g
61cc5958-892a-45a8-8e6d-80fbaabd2f79,BFP546,I001,"Jaggery, cane (Saccharum officinarum)",30,g
61cd0c1e-8c8f-49f7-ae63-9300f44e241d,BFP529,E009,"Banana, ripe, montham (Musa x paradisiaca)",50,g
61d9e003-2bbb-4458-9267-ed658c91606e,OSR114,G012,"Garlic, small clove (Allium sativum)",2.8,g
61f1ae9d-b132-4d4f-88d7-7549fb4e468b,BFP412,UK-17-377,"Water, distilled",30,ml
61f2e119-7800-4a43-b53e-0d366a37df4f,BFP142,UK-13-806,"Bay leaf, dried",0.4,g
61fa8e01-0de3-44b4-8d55-17764127fbea,ASC117,UK-17-367,Salt,0.75,tsp
6201df40-b40f-4b06-8740-ca1690fb3ad1,ASC123,UK-12-184,"Yogurt, whole milk, plain",1,tbsp
620a8203-b51a-4361-a78a-7e601d7d701e,ASC057,M001,"Egg, poultry, whole, raw",50,g
620c9a02-14cf-41f7-9287-dbdbb9a26a29,BFP005,G024,Coriander seeds (Coriandrum sativum),50,g
620d2d5e-356e-48de-adc6-f8eaeab58f14,BFP091,G014,"Ginger, fresh (Zingiber officinale)",5,g
62276bec-f02f-4046-b1bf-f8ca84533881,OSR019,G020,"Cardamom, green (Elettaria cardamomum)",0.25,tsp
62356d99-b93d-4a04-a6ae-3aacb042fdbb,ASC258,G031,"Pepper, black (Piper nigrum)",0.125,tsp
6238f55e-b963-4911-ab9b-53a145ae250a,BFP606,C033,Spinach (Spinacia oleracea),200,g
623e3604-a5bf-4210-a260-38c42c8575ca,ASC076,L002,"Milk, whole, Cow",1,C
624046f8-bde0-415f-a9a7-dbf7dabfbf35,OSR070,G031,"Pepper, black (Piper nigrum)",0.5,tsp
624413d9-66f2-43eb-b0d9-493b84157186,ASC125,E057,"Raisins, dried, black (Vitis vinifera)",1.815,g
624a1458-ba8e-44ae-b762-a33520a0e8a6,BFP393,UK-13-852,Saffron,0.01,g
624d3959-2006-40ed-b7f8-61b701ba70b3,ASC432,US-173471,Vanilla extract,0.5,tsp
62563812-a5eb-4dd1-8cd5-edae45df9a73,OSR068,US-167749,"Lemon peel, raw",2,tbsp
62564dbf-2047-46e1-87ff-10616fd70e8a,ASC070,UK-17-367,Salt,1,tsp
625d1865-da36-4a25-a390-3e6da0dbeadb,ASC506,G014,"Ginger, fresh (Zingiber officinale)",1000,g
625f0bcd-6229-4b1c-856f-f28fa3207be6,ASC133,UK-17-367,Salt,0.25,tsp
626396ea-ec2c-4f52-8754-e4b4c98edfe6,BFP573,UK-17-377,"Water, distilled",2,tbsp
626730a2-5024-4696-8fc0-0737fba2b3c1,ASC042,UK-11-1145,"Bread, white, average",60,g
62756ca6-7015-4b4a-bc5e-5ed43c6dad9b,ASC214,G009,Coriander leaves (Coriandrum sativum),1,sprig
6278d053-08ca-4dcc-b9c3-4f6982a09883,BFP359,UK-12-333,"Cream, fresh, whipping",125,g
6280a9a0-6b9c-4c1b-87b5-0ba6412e368d,BFP249,G014,"Ginger, fresh (Zingiber officinale)",5,g
6283465b-239d-4642-8771-e053838f3e4b,BFP430,UK-17-367,Salt,0.25,tsp
6284dc50-c5a3-4367-80af-324d5d9355b7,ASC204,G009,Coriander leaves (Coriandrum sativum),1,sprig
62863fd1-85b9-45a9-bf31-79cae407227e,ASC151,UK-13-873,Chilli powder,0.25,tsp
628e0bbf-81f2-43e7-9016-1b33a6b26748,ASC182,H007,"Coconut, kernel, fresh (Cocos nucifera)",20,g
628fb744-9d97-46ce-8193-a45cb314db48,ASC201,UK-13-873,Chilli powder,0.125,tsp
6291c275-9f1e-40c9-adb3-b20bfc9272fd,ASC157,G017,"Onion, big (Allium cepa)",17.5,g
62955f0b-5d8e-45a0-b378-05f19e23d808,ASC159,UK-17-367,Salt,0.5,tsp
629716e1-e925-468d-adce-5f29049bcad3,BFP127,UK-17-661,"Butter, unsalted",2,tsp
62a5489d-fc5a-4e63-871c-6201281343ef,BFP288,M001,"Egg, poultry, whole, raw",37.5,g
62a6ea74-d004-431d-9ee6-ac3b5834ec0c,ASC230,UK-17-367,Salt,0.5,tsp
62a6f23f-0986-4514-ad39-1f7b5e65e7de,BFP161,A018,"Wheat flour, refined (Triticum aestivum)",15,g
62aa43b1-815b-4816-bf92-44b5e2999f80,ASC125,A014,"Rice, parboiled, milled (Oryza sativa )",80,g
62bab4d0-521b-4ec7-b773-98419431a9e3,ASC293,A022,"Wheat, semolina (Triticum aestivum)",25,g
62bc34fd-2f19-4dd7-939d-4c01f49b4c07,OSR029,UK-11-971,"Bread, brown, average",240,g
62c0922e-00a0-437d-8781-5a271ea34594,ASC142,UK-13-827,Fennel seeds,0.25,tsp
62cbac54-850d-46a5-a113-4512221bea42,ASC449,US-173471,Vanilla extract,0.25,tsp
62d07cec-d88a-4967-8734-638e0db42c18,ASC142,G025,Cumin seeds (Cuminum cyminum),0.25,tsp
62e1e516-52fb-4ccb-acf6-a7e8b42f6462,ASC217,A006,"Maize, dry (Zea mays)",10,g
62e4545e-9ba4-4c55-a7fb-1427c32340ec,ASC309,US-173471,Vanilla extract,0.25,tsp
62e7d940-5770-4075-8a4f-3c4791dd3bf3,ASC219,G033,Turmeric powder (Curcuma domestica),0.125,tsp
62e91d93-511c-4986-a319-e85e8b56afa4,BFP027,UK-17-063,"Sugar, white",60,g
62fd0213-f53a-47c3-9e9f-23c737c1c3cc,BFP207,UK-17-045,"Oil, sunflower",240,ml
6310e5b7-574c-419f-949d-1298dd54695d,BFP003,G022,"Chillies, red (Capsicum annum)",75,g
6316729a-0050-427d-a46e-3b6599213cdb,ASC260,D075,"Tomato, ripe, hybrid (Solanum lycopersicum)",25,g
631d8a0f-96fa-43bf-a953-b55916aea52a,BFP242,UK-12-184,"Yogurt, whole milk, plain",50,g
631ddd58-2051-4714-b460-292aa1eb56b4,OSR128,C028,Parsley (Petroselinum crispum),3,tbsp
632281f3-1306-4d79-810f-a450846b2a6e,ASC384,I001,"Jaggery, cane (Saccharum officinarum)",25,g
63330bb7-c938-4054-9cba-2d7341abe3f7,BFP240,G024,Coriander seeds (Coriandrum sativum),1,tsp
6337fccb-106e-4ee6-be44-ead0583821ec,BFP573,UK-17-355,Baking powder,0.25,tsp
6344d0c2-0624-48ec-9171-0cb7a7e73872,ASC050,UK-17-377,"Water, distilled",0.5,C
6354d7c1-ff62-4db0-b184-49ac88cf3b1d,ASC265,E053,Pineapple (Ananas comosus),30,g
635e752c-10b2-463b-8794-64f2ad510a63,BFP482,UK-17-062,"Sugar, icing",2,tsp
636825ce-b405-4e82-943f-bcd2b54d7be2,BFP198,UK-17-045,"Oil, sunflower",2,tsp
637190c5-35e8-489c-9e23-4829e2c75d73,BFP428,UK-17-045,"Oil, sunflower",240,ml
638727f5-f2e8-46f3-9def-b1bf6a04acdd,OSR088,UK-12-184,"Yogurt, whole milk, plain",150,g
638ec345-d32d-4e62-83f5-f2ad1a2f8232,ASC247,UK-13-873,Chilli powder,0.25,tsp
63984beb-8db8-44e6-a68e-462a7864ccd6,OSR108,UK-17-367,Salt,0.5,tsp
639cf3f6-a50c-4b9e-a339-529e566b1361,BFP214,UK-13-829,Garam masala,0.25,tsp
63a19a17-7699-4094-8970-e154f7f05c19,ASC192,UK-13-829,Garam masala,0.25,tsp
63a5f36d-6f38-4735-933b-22fbc54de097,BFP171,G017,"Onion, big (Allium cepa)",40,g
63b83eac-17ee-4977-bcfa-0e2f01585e09,ASC481,UK-17-063,"Sugar, white",5,g
63bc686f-3ca9-45e5-b6ec-d8fcd1c5f58e,BFP082,A018,"Wheat flour, refined (Triticum aestivum)",10,g
63c081df-2ac6-40a9-b9d5-c6db1bf734d2,BFP072,UK-17-367,Salt,0.25,tsp
63c6b1cc-da9a-471d-8fdf-b3862b4f5e20,BFP241,D075,"Tomato, ripe, hybrid (Solanum lycopersicum)",50,g
63cbd910-d5a6-4ce2-9692-fd005fdfa83c,OSR048,UK-14-130,"Lemons, flesh only, raw, weighed with peel and pips",30,g
63cf0916-c81c-4d3e-ac5f-2e913f5079f6,ASC367,UK-11-1145,"Bread, white, average",2,tbsp
63d41722-c613-4771-837f-590c2b977116,BFP563,UK-11-896,"Flour, gram",30,g
63e016ec-5122-498f-bb30-244e4a5f1fcd,ASC197,UK-17-367,Salt,0.5,tsp
63e1380a-db03-4911-adfa-07fd275e0cac,OSR121,UK-17-377,"Water, distilled",0.5,C
63e61618-aa9a-4705-a423-ce6ec3f9c8bb,ASC267,UK-17-362,Mustard powder,0.25,tsp
63eed15c-07e1-49d6-88a1-c7596875a4f0,ASC177,D075,"Tomato, ripe, hybrid (Solanum lycopersicum)",50,g
63f0e06c-35af-4ba6-8c1b-197638e4e07e,BFP208,G012,"Garlic, small clove (Allium sativum)",1.25,g
63f1a187-f66b-4118-9970-cd9a4372d2fe,ASC431,UK-17-062,"Sugar, icing",2,tsp
63fcc22c-39cc-42ed-9792-5bbbc117168f,OSR147,G019,Asafoetida (Ferula assa-foetida),0.25,tsp
63fd6928-d981-4bcf-bb4e-73a6b2f61c6d,ASC352,UK-17-045,"Oil, sunflower",480,ml
640580d9-7e88-476b-844c-64e05301b512,OSR023,UK-11-901,"Couscous, plain, raw",160,g
64077b2d-7e8d-47fe-94fb-1a3014805b0d,BFP242,UK-17-045,"Oil, sunflower",2,tsp
640c2322-e6a2-4013-8470-fa284eadd6f7,BFP030,UK-17-377,"Water, distilled",960,ml
64104d3a-1d2f-437e-96f3-f7ea34854332,OSR108,UK-17-377,"Water, distilled",2,tbsp
6415109f-8540-4f71-9a9e-c072f64cba07,ASC307,UK-17-360,Gelatine,0.75,tsp
6418dbe2-21ab-492c-9ec0-38f31ee41c2a,OSR123,G020,"Cardamom, green (Elettaria cardamomum)",0.5,tsp
641e452e-893c-4b1e-a29d-acd74276fd71,BFP222,UK-13-873,Chilli powder,0.125,tsp
6426b1b2-69cd-45ff-9b9e-95879bc71773,BFP577,UK-17-367,Salt,0.25,tsp
642e33cf-97cd-49bb-9ce4-ecbe838bcceb,BFP367,UK-14-335,"Cherries, glace",5,g
64312802-03d8-431e-b5de-47a16df5d612,BFP468,UK-17-654,"Mayonnaise, standard, retail",4,tbsp
6434998e-8cdc-4507-8f22-1c066f7d5592,ASC223,G017,"Onion, big (Allium cepa)",25,g
6435e1d9-88e6-4fdc-a8eb-18819f557fef,OSR127,UK-12-184,"Yogurt, whole milk, plain",190,g
64375c31-4dea-461d-83f2-25b33be9a4f1,ASC233,G019,Asafoetida (Ferula assa-foetida),0.25,tsp
6440a9dd-8cac-4dfa-8dd0-713f765ac355,OSR040,UK-17-367,Salt,0.5,tsp
64455169-d705-4e4e-9e45-4dab6caaec37,ASC033,UK-17-654,"Mayonnaise, standard, retail",2,tbsp
64466961-8b73-4e1b-ad65-737aff32bd1f,BFP605,UK-17-377,"Water, distilled",960,ml
645454d7-d428-474c-a9b2-e85d8cac1b3f,ASC045,UK-17-045,"Oil, sunflower",0.5,tsp
6456bc92-67fa-4cb2-8e21-b694cd34bb3f,ASC240,N003,"Chicken, poultry, breast, skinless",250,g
64573a71-3259-4abf-8eb5-23f252b2546e,ASC070,UK-13-806,"Bay leaf, dried",0.8,g
645d62ee-6a8c-4e9b-ab3f-d509bc106086,ASC457,US-400113,"SIVA'S, AMHUR POWDER (DRY MANGO POWDER)",0.5,tsp
6463397e-d838-42da-a6d2-ff957172944e,BFP508,UK-17-355,Baking powder,0.17,tsp
64644d65-db87-494f-b198-de94bf48dece,OSR097,UK-13-832,"Ginger, ground",1,tsp
6466207b-7575-4eb2-84a3-94fa974ca429,ASC192,D075,"Tomato, ripe, hybrid (Solanum lycopersicum)",50,g
64703084-c416-4ceb-85c2-17f76a27aac4,OSR058,G033,Turmeric powder (Curcuma domestica),0.25,tsp
647b3792-ef2e-41d3-937b-00042168a757,ASC181,UK-17-045,"Oil, sunflower",2,tsp
6481065a-56aa-4ba3-a2af-7232de6a2e59,OSR077,UK-17-377,"Water, distilled",2,tbsp
6481c2c7-e2ca-434b-ac11-7d4da93e00f5,OSR103,G025,Cumin seeds (Cuminum cyminum),0.75,tsp
6484fa00-4805-4177-9edc-41ebd9f3c6f0,ASC265,E001,"Apple, big (Malus domestica)",40,g
6487ed9d-bdab-4db5-b9b7-8860fdc86662,OSR135,G009,Coriander leaves (Coriandrum sativum),1,sprig
648c7028-5976-4254-8092-01e65946e23a,ASC509,UK-13-873,Chilli powder,20,g
649cd013-7892-4586-b0ee-c6bde3b61e98,ASC085,UK-11-1045,"Flour, corn",1,tsp
64a308b1-9459-43ed-9ea3-de0cbac1b98e,OSR021,UK-17-640,"Ghee, butter",0.25,C
64a4ac93-2e03-48b0-b7b5-5186de98d436,ASC003,UK-17-063,"Sugar, white",1.5,tsp
64a94755-c27c-4449-b0f2-ed30057f2658,ASC199,G009,Coriander leaves (Coriandrum sativum),1,sprig
64ac00ec-4f8c-459d-8d48-0360b83bda19,BFP144,A014,"Rice, parboiled, milled (Oryza sativa )",60,g
64b0db8c-cadd-47bc-a1ab-56e665d80063,ASC332,L002,"Milk, whole, Cow",0.25,C
64bbd734-db29-44d8-85db-8c8f35b853ee,ASC357,UK-13-873,Chilli powder,0.25,tsp
64be1e4e-89f6-464e-af19-d0f06857d224,BFP382,UK-17-661,"Butter, unsalted",12,g
64c021c4-bf86-4d6e-93f3-89926bf21970,ASC091,UK-13-806,"Bay leaf, dried",0.4,g
64c3658a-50cc-4338-8b0e-d562666e6958,BFP479,ANN-ING-0039,LEMON COLOUR,0.25,tsp
64c48f37-e582-436a-81d8-a179fb55d52e,BFP206,UK-13-873,Chilli powder,0.125,tsp
64cfebac-9cbe-46fa-91ec-2b88b7c202e0,BFP041,A014,"Rice, parboiled, milled (Oryza sativa )",40,g
64df43ea-5720-453b-b0dd-71d1150254bf,ASC182,UK-17-045,"Oil, sunflower",2,tsp
64e71eb6-79d2-42ba-a738-747935275bed,ASC230,G017,"Onion, big (Allium cepa)",50,g
64e86b2f-5aa6-437b-977c-96f0b2c8d1cd,ASC257,UK-17-063,"Sugar, white",0.25,tsp
64e9b255-1696-4374-bd56-92621e467fd2,ASC426,UK-17-355,Baking powder,1,tsp
64ee2611-8570-4bc9-b9b4-984e949feff0,ASC445,UK-17-355,Baking powder,0.5,tsp
64f5de2e-4e1e-4ad7-bc8c-ee84ee4338bf,BFP489,UK-17-062,"Sugar, icing",1,tsp
65007db1-0f68-4caa-ace7-c8df5427a966,BFP239,G014,"Ginger, fresh (Zingiber officinale)",3,g
65077129-2c37-450c-b6da-2bf80e9181a5,OSR073,UK-17-367,Salt,0.5,tsp
65084c9a-f42a-4d0e-b3d1-bf666384d981,ASC384,UK-13-873,Chilli powder,0.25,tsp
6508c694-d959-4e77-a278-082e2e987df8,ASC440,US-173471,Vanilla extract,0.25,tsp
6511086d-628a-4418-b3f9-9e4f18f4d40a,ASC360,B001,"Bengal gram, dal (Cicer arietinum)",0.125,tsp
6512862a-b646-4ff9-b0db-678c7d7a035e,OSR141,G025,Cumin seeds (Cuminum cyminum),1,tbsp
651339ad-a9d1-4c03-bcf6-8f346fee2eb5,ASC072,A018,"Wheat flour, refined (Triticum aestivum)",2,tbsp
652155c8-1a61-4bd0-a48c-3914619ce999,ASC411,UK-18-481,"Lamb, mince, raw",50,g
6527e381-ef8c-4288-9520-5cd1904af009,ASC368,G008,"Chillies, green - all varieties (Capsicum annum)",1.67,g
653d563f-8104-4a59-94a2-bb9b3dc05cda,ASC423,UK-17-045,"Oil, sunflower",100,g
654b4d96-2473-4317-8bb9-590b676747b3,ASC457,UK-17-045,"Oil, sunflower",2,C
6557343a-3d22-4ef9-915b-b61a91c56ee0,BFP073,G017,"Onion, big (Allium cepa)",10,g
655e6ef4-dadf-4ba6-afe2-dec13c9ba48e,BFP249,UK-17-045,"Oil, sunflower",240,ml
6561f93e-93bf-45c9-a1c8-8c09a1b3db63,OSR115,G019,Asafoetida (Ferula assa-foetida),0.25,tsp
656216c8-abe7-4098-b53a-fc3a56723ccf,ASC006,UK-17-175,Cola,250,ml
6572f223-c726-42bf-9aa4-0acde0ca9f1e,OSR071,UK-17-367,Salt,0.125,tsp
657c416d-8bcd-4510-a9ab-e7498c80a322,ASC228,UK-13-829,Garam masala,0.25,tsp
658cd698-1d0b-438f-8a72-1eb1a6147036,OSR031,UK-17-062,"Sugar, icing",240,g
6592f7d5-7659-4bdc-9a83-6f5bb0129bbd,ASC138,UK-50-1173,"Tomato sauce, homemade",3,tbsp
65996abe-8d36-4e36-a428-2755724915b0,BFP605,D036,Cauliflower (Brassica oleracea var. botrytis),100,g
659d27a7-3d0f-41b3-83a2-a2db4927f5a8,BFP275,D075,"Tomato, ripe, hybrid (Solanum lycopersicum)",30,g
659d6e96-4947-4b3d-916f-a5956c410143,BFP277,G025,Cumin seeds (Cuminum cyminum),0.25,tsp
65a3b035-9003-4bc7-915e-a3a4f6ccfec8,ASC137,D075,"Tomato, ripe, hybrid (Solanum lycopersicum)",200,g
65a4eaff-fa2d-40c3-9280-322316a74958,BFP468,C025,Lettuce (Lactuca sativa),48,g
65ae8630-c6e8-49eb-8d4e-0df83b7e3b11,ASC336,UK-17-640,"Ghee, butter",2,tbsp
65ba1fb3-7d1c-4c68-9130-9b0218adc09c,ASC274,UK-12-184,"Yogurt, whole milk, plain",100,g
65bafb2f-fd9a-4f27-b89f-5368d454e3ff,OSR071,G031,"Pepper, black (Piper nigrum)",0.125,tsp
65bee2c0-772f-489e-ae02-c64c2c27f369,ASC433,UK-14-286,"Pineapple juice, unsweetened",2,tbsp
65d6406d-8ded-459f-8cf9-163c8cda188e,BFP263,G014,"Ginger, fresh (Zingiber officinale)",5,g
65da318b-02c3-4684-aa59-1c3419a053cd,BFP568,UK-17-640,"Ghee, butter",30,g
65e24ca9-5d71-463b-ab4b-8131853b2aec,ASC198,G014,"Ginger, fresh (Zingiber officinale)",5,g
65e7f20e-a97a-433d-85c8-fae08c0204b8,BFP176,H013,Mustard seeds (Brassica nigra),0.25,tsp
65eade05-1dd1-415c-be90-295f3d016adc,BFP250,UK-13-829,Garam masala,0.125,tsp
65f0096e-d9d5-4adc-b058-99d4f0b9b0b9,BFP578,H013,Mustard seeds (Brassica nigra),0.125,tsp
65f5031a-5a23-4f56-b731-2a619a569d22,ASC088,UK-11-716,"Pasta, white, dried, raw",10,g
65ff0a96-d625-4f2c-9164-24d329cb526f,BFP089,UK-17-367,Salt,2,g
660291aa-d3a0-4531-acf8-ca5428384a8e,OSR059,UK-17-031,"Oil, coconut",4,tbsp
66090aee-d3c6-403a-8338-73193eddc107,OSR077,UK-12-539,"Cheese, cottage, plain",250,g
6609fb22-b6f4-42a9-abac-bbffb498c86a,BFP559,UK-17-045,"Oil, sunflower",5,g
661b33a1-8167-497b-8450-6b43ba6fc947,BFP230,G012,"Garlic, small clove (Allium sativum)",1.87,g
661e4a45-0317-47a6-a462-2b6ab7ae6b47,OSR029,UK-17-377,"Water, distilled",480,ml
661fa2df-8edb-4066-889a-746886ea5b4c,ASC512,UK-13-873,Chilli powder,10,g
6620d59f-1b23-410a-83f8-86b2aef90233,BFP013,UK-12-332,"Cream, fresh, single",30,g
6627ef3e-f84c-4368-aa0b-d1dc8fdead2e,ASC136,D050,"French beans, hybrid (Phaseolus vulgaris)",30,g
662b8afd-c3a0-4aac-8aaf-82a1c7c91ff7,BFP597,D031,Brinjal - all varieties (Solanum melongena),1000,g
6632fe9b-5bb4-41f9-a302-53a02d28f0cd,ASC062,UK-12-527,"Cheese, processed, plain",25,g
6662a77a-02b0-4476-a990-13e633d42a42,ASC248,UK-14-130,"Lemons, flesh only, raw, weighed with peel and pips",8.75,g
66776c53-09c6-4718-bde2-8146aa06633b,BFP142,UK-13-873,Chilli powder,0.13,tsp
667d4eef-b204-416b-b65d-71e0f8a19ccd,BFP350,UK-11-1045,"Flour, corn",1,tsp
66877ea0-ece5-49da-8907-50111d047335,ASC167,G017,"Onion, big (Allium cepa)",30,g
668a4f1d-a26f-4e95-9202-3ccce0fb7a99,ASC029,H012,Ground nut (Arachis hypogea),25,g
66a8218e-d69d-4cdb-971d-4d68a0f786d3,ASC468,UK-17-377,"Water, distilled",100,ml
66a8f6f4-2461-4cff-8ac2-efea20e672b5,BFP370,UK-14-335,"Cherries, glace",5,g
66aef9af-4ae7-4de2-ad07-c5456c30b00e,ASC211,UK-17-362,Mustard powder,0.125,tsp
66b0c506-1cde-42d8-abc3-c9a5e8d76fb7,ASC399,UK-17-661,"Butter, unsalted",30,g
66b720cb-f187-40f4-ad33-b95d4149d7db,BFP167,UK-17-640,"Ghee, butter",5,g
66c27c18-cf5f-4057-b616-07af35b0f171,ASC398,A018,"Wheat flour, refined (Triticum aestivum)",60,g
66d005b3-20b0-4e48-8276-8f021669b51d,OSR036,UK-17-377,"Water, distilled",360,ml
66d7826a-0aa8-46bc-9b6b-53280cec9a8d,OSR022,L003,Paneer,250,g
66d9ff40-3ad0-4dbc-94a6-ad34f257fe7d,ASC190,UK-17-045,"Oil, sunflower",1,tbsp
66e58b40-09f8-49aa-8780-4af67afcb805,BFP177,G031,"Pepper, black (Piper nigrum)",0.5,tsp
66ee9f01-a356-49de-aee7-23be33bb873f,BFP073,A018,"Wheat flour, refined (Triticum aestivum)",6,g
6702ccb5-6728-43e4-8891-8c875eba2cd9,ASC060,UK-17-367,Salt,0.25,tsp
67133d7b-3366-4e33-a190-edfe06308636,ASC167,G033,Turmeric powder (Curcuma domestica),0.25,tsp
6714573c-ae77-43a5-bd41-a017177bc25d,BFP500,US-173471,Vanilla extract,0.5,tsp
6715897e-4378-4d67-adb1-a63cabb7628e,ASC467,UK-17-640,"Ghee, butter",1,tbsp
671b34eb-c10f-4ae9-bfd8-3a6b48a0be19,ASC236,UK-17-045,"Oil, sunflower",480,ml
671bf30a-b12f-4b47-bb0e-b4b9d93eb199,BFP496,UK-12-520,"Milk, condensed, whole, sweetened",200,g
672e2212-e92e-426f-8cdd-e0bf0c177dee,OSR153,G031,"Pepper, black (Piper nigrum)",0.5,tsp
6734f02e-7f5b-4b72-8b3c-be79e55c0aca,BFP152,B003,"Black gram, dal (Phaseolus mungo)",30,g
673db7f0-138c-4752-838e-25af4c2d07c1,ASC382,I001,"Jaggery, cane (Saccharum officinarum)",100,g
673fbdfa-3db9-4768-ab0e-be38fda75852,ASC399,UK-11-1045,"Flour, corn",1,tbsp
6744bfa7-d887-46e8-a0ef-937ed57beeb0,BFP204,H006,"Coconut, kernal, dry (Cocos nucifera)",2,tsp
674b58f5-fb84-4e39-9111-fcdde5d6bea6,BFP359,UK-14-335,"Cherries, glace",16.65,g
674db919-053b-4f04-beab-48a0329c0cd9,ASC422,L002,"Milk, whole, Cow",50,ml
674f125c-1c49-4472-9707-e3f23fe696dc,ASC089,UK-50-1173,"Tomato sauce, homemade",1,tsp
6760fd53-032b-4d3b-9b1a-5692800b86f3,ASC386,UK-17-367,Salt,0.5,tsp
6768212d-dbd6-498b-87dc-985ad5f9bb68,BFP250,G008,"Chillies, green - all varieties (Capsicum annum)",3.33,g
676fdef2-1bcb-47c4-bf7c-088d62872872,BFP358,UK-11-1045,"Flour, corn",0.5,tsp
6774f845-3dc2-4f9d-9440-ac973325842e,ASC126,UK-17-045,"Oil, sunflower",1,tsp
6778fe3a-b914-4856-bd6f-2238e97411da,BFP142,UK-13-874,"Cinnamon, ground",1.25,g
67806cb5-f2f5-46b6-9bfb-ee9318f2db09,BFP302,UK-11-716,"Pasta, white, dried, raw",20,g
67886312-4f79-46e1-ad9e-ec827bf79b12,ASC045,UK-11-800,"Wafers, plain ice cream wafers, not filled",20,g
678d5643-b7fd-4104-a19c-b34b45098081,BFP036,A024,"Wheat, vermicelli, roasted (Triticum aestivum)",20,g
67950c53-5b2e-4563-882a-138f0aad3f64,BFP090,G033,Turmeric powder (Curcuma domestica),0.25,tsp
679c2a0e-7740-4047-9048-91c798b4012d,ASC237,UK-11-1145,"Bread, white, average",2,tbsp
67a0be91-8736-4ec2-aa5c-76cd69a748b9,BFP452,G031,"Pepper, black (Piper nigrum)",0.125,tsp
67a963cb-934d-4ec1-ace0-406974fee132,BFP039,UK-14-130,"Lemons, flesh only, raw, weighed with peel and pips",5,g
67aa6093-2d1f-4570-98cc-a2c22a71a7ce,BFP369,US-173471,Vanilla extract,0.5,tsp
67b2d468-bbd7-475a-86a4-6136c65f18c4,OSR126,UK-17-063,"Sugar, white",2,tbsp
67bad69a-54f2-4435-b12f-6a545e5a56c9,BFP529,H021,Walnut (Juglans regia),5,g
67bb5df6-94a8-4e2b-829f-16a175e5d273,ASC347,UK-17-640,"Ghee, butter",12,g
67bc9dc9-3a1b-4404-b3b6-13b813009525,ASC083,UK-11-1145,"Bread, white, average",7.5,g
67bcfd0f-5413-49e8-ae40-7973e71f2931,BFP082,UK-17-367,Salt,0.125,tsp
67be98a2-d040-4318-95ac-7efb14a07836,ASC474,UK-12-184,"Yogurt, whole milk, plain",150,g
67ea6d3e-1eee-4a81-8a52-fbde0add81fd,BFP230,UK-17-045,"Oil, sunflower",10,g
67eb4639-13b5-464e-b49d-79db92b21b89,ASC067,G020,"Cardamom, green (Elettaria cardamomum)",0.25,tsp
67feec14-5ddc-4b2d-9111-56aa30fe38b7,ASC299,E057,"Raisins, dried, black (Vitis vinifera)",2.22,g
680a3321-4993-43cc-942b-f68fa0fa248a,BFP334,G020,"Cardamom, green (Elettaria cardamomum)",0.25,tsp
681bcde3-d944-41a9-a818-3b062661a890,ASC105,UK-17-045,"Oil, sunflower",2,tbsp
6820e183-56f2-47f2-bed5-285a1a8afb41,BFP485,UK-17-491,"Chocolate, plain",10,g
683594ff-e078-4ea7-a997-f4744455a07f,BFP133,UK-17-640,"Ghee, butter",1,tsp
683aae2b-c2fa-4867-854a-3a8879abaa6c,ASC047,UK-17-045,"Oil, sunflower",5,g
683d56cb-cff0-410c-8dec-5c3b1ce58d5c,ASC429,A018,"Wheat flour, refined (Triticum aestivum)",50,g
684813f7-fd02-430d-9dc4-4289f4809a15,BFP277,G031,"Pepper, black (Piper nigrum)",0.25,tsp
684a1f70-5f9b-49a8-917a-46b6429e67fb,ASC249,G009,Coriander leaves (Coriandrum sativum),1,sprig
684b63cf-4e8d-4367-b4e5-e2eb0856a53e,BFP066,UK-17-367,Salt,0.25,tsp
684b772c-3c37-4678-99de-e2b927abeedd,ASC240,G009,Coriander leaves (Coriandrum sativum),1,sprig
684c183f-cf68-44d5-a68b-1d19a3cea4d2,ASC019,UK-14-369,"Orange juice, freshly squeezed",1,tbsp
684cb715-292d-4318-a145-a295709433f1,ASC252,UK-13-873,Chilli powder,0.5,tsp
6863557a-6df4-4153-9439-9d97c959b549,ASC408,UK-17-367,Salt,0.25,tsp
6870edaa-963b-42e6-93d2-a4002d099468,ASC207,UK-13-873,Chilli powder,0.25,tsp
68721512-768d-4ac0-b09f-3064be5d2df2,OSR141,US-468991,"SWEET SUNNAH, WHOLE BLACK SEEDS NIGELLA SATIVA",0.2,tbsp
687be392-5dd6-4994-bbc4-30421168d854,ASC175,G008,"Chillies, green - all varieties (Capsicum annum)",1.67,g
687c4bc0-22a0-4e3d-ba93-200bbf5f33c4,ASC223,L002,"Milk, whole, Cow",50,ml
68825b76-0333-4c4e-95f7-deba8ad55b64,ASC384,E057,"Raisins, dried, black (Vitis vinifera)",10,g
6884f275-355a-4f93-90e6-81634ef0cfba,ASC342,UK-17-062,"Sugar, icing",35,g
68859922-11bb-4a25-8ac5-0dd667181e61,ASC370,L003,Paneer,50,g
68917603-a18f-4fd2-964a-6b8f69c0f18a,ASC140,G031,"Pepper, black (Piper nigrum)",0.25,tsp
68921383-0002-4362-beb5-12dfa38ce932,ASC101,UK-17-045,"Oil, sunflower",2,tbsp
689da7fb-8c46-4728-b724-b521d67141eb,BFP483,UK-12-332,"Cream, fresh, single",100,g
68a6137a-e4c2-480c-9ba5-ae456c892ab0,OSR075,G031,"Pepper, black (Piper nigrum)",0.25,tsp
68aa234e-471e-455e-8c76-a6ab3be9c664,BFP151,G010,Curry leaves (Murraya koenigii),4,sprig
68b29ff3-c1cf-44a1-8fc3-0a0adf726325,BFP067,F002,"Carrot, orange (Daucus carota)",10,g
68c3f776-87b4-4efb-9b89-44b44ff6cced,BFP162,D034,"Capsicum, red (Capsicum annuum)",30,g
68cb06f3-10f1-464e-9a78-da8cd44e4247,ASC165,G012,"Garlic, small clove (Allium sativum)",1.25,g
68cb44f1-ec05-4ccd-b4f1-3124e57f3231,BFP427,G008,"Chillies, green - all varieties (Capsicum annum)",3.33,g
68d00507-fecd-4fc8-ad65-aac64f2985dc,OSR033,US-167749,"Lemon peel, raw",1,tbsp
68d709f5-676c-4efa-a2a6-3cb78c4fb341,ASC169,US-173756,"Chickpeas (garbanzo beans, bengal gram), mature seeds, raw",40,g
68db7f6c-2c48-4930-8c77-7190725b5a85,ASC249,UK-17-367,Salt,0.5,tsp
68dd02a2-f92e-40c3-b883-3a18c51d0ad5,BFP416,G008,"Chillies, green - all varieties (Capsicum annum)",19.98,g
68e0f415-be5e-45ff-9ea5-16ba8b1b53e7,ASC071,A018,"Wheat flour, refined (Triticum aestivum)",1,tbsp
690168f1-8fa5-43b9-ac23-6725059afd57,ASC152,G033,Turmeric powder (Curcuma domestica),0.25,tsp
69038858-c8b7-41c8-b7cf-f6b8e1f85144,ASC292,L002,"Milk, whole, Cow",250,g
69064aa7-8d76-4fc3-808a-8c3bac8bd9e0,OSR097,G028,Nutmeg (Myristica fragrans),5,g
6909106c-9ab0-419c-ba7c-a1c119dd710a,ASC341,G020,"Cardamom, green (Elettaria cardamomum)",0.25,tsp
690f7081-7e08-496c-83f8-6b5e10af2490,ASC227,G024,Coriander seeds (Coriandrum sativum),0.25,tsp
69135f5b-a6d9-4a65-a798-7e6349319488,ASC381,UK-14-130,"Lemons, flesh only, raw, weighed with peel and pips",30,g
691731b7-eb49-4950-a2d9-02b434a56eae,ASC433,UK-12-332,"Cream, fresh, single",200,g
6920189b-4625-45a5-a90a-ca3e8b197154,ASC361,UK-13-873,Chilli powder,0.25,tsp
69204f8c-78e8-432c-a5de-18a39f6f3b56,BFP210,G017,"Onion, big (Allium cepa)",60,g
6923f676-321f-42f0-bda8-1e43a9b35f26,ASC271,UK-13-580,"Beansprouts, mung, boiled in unsalted water",50,g
69319128-5ffc-45da-b827-3256bcbd0232,ASC191,D061,"Peas, fresh (Pisum sativum)",100,g
6932416a-3710-42fa-9ad1-595ebe6bc3d0,ASC259,UK-13-580,"Beansprouts, mung, boiled in unsalted water",40,g
69417f11-7d1f-4c7b-b6b5-9be570c67331,OSR152,UK-17-377,"Water, distilled",0.5,C
6943d010-45f2-4d95-9533-e189d6aed179,BFP090,G022,"Chillies, red (Capsicum annum)",3.33,g
69455a4b-7f0e-44dd-85a6-ad5d67b530af,ASC456,B025,"Soya bean, white (Glycine max)",30,g
694cb935-dc01-4e42-b776-bc0033d487bb,ASC101,B001,"Bengal gram, dal (Cicer arietinum)",30,g
694d6fbb-7174-4a80-b9a1-21d07abb2968,BFP090,UK-13-806,"Bay leaf, dried",0.4,g
6951c252-e27e-442f-b6e5-b530f9d25616,ASC195,UK-13-829,Garam masala,0.25,tsp
695aabf8-8c6f-4af7-be18-7cd9088e8dd6,OSR141,G024,Coriander seeds (Coriandrum sativum),1,tsp
69672f3d-4ffe-4cdf-a4d7-02a3897d2deb,BFP150,F006,"Potato, brown skin, big (Solanum tuberosum)",75,g
696db067-99f6-4f0c-82bc-769e342d71b2,ASC004,UK-17-165,"Tea, black, infusion, average",1,tsp
69893580-c45c-4a3e-90d6-9b290c810372,BFP220,UK-17-723,Worcestershire sauce,1,tsp
6997db13-454a-447f-8baa-e35c5eef5ab0,BFP039,UK-17-367,Salt,0.25,tsp
699a203d-2004-45eb-97f9-d91b5fd6532b,ASC294,UK-17-063,"Sugar, white",25,g
699a5fa3-0339-4c6b-9551-1e2b2c9302ae,ASC185,G017,"Onion, big (Allium cepa)",50,g
699abf75-5f67-4ea9-82a2-9432989c14d6,BFP036,L002,"Milk, whole, Cow",240,ml
69a6402b-b83a-49e8-b401-592ae654c66a,OSR152,US-400113,"SIVA'S, AMHUR POWDER (DRY MANGO POWDER)",0.2,tsp
69a769f9-5681-4a54-b407-14ae6ce03ee2,ASC368,H012,Ground nut (Arachis hypogea),50,g
69af72e8-d18e-43ee-8567-9ed3a59aa5c7,BFP230,UK-17-367,Salt,1,tsp
69b305f9-ff09-419b-bcb3-bb13666fa53f,BFP246,H001,Almond (Prunus amygdalus),2.2,g
69bec65e-49b9-4e57-aaa1-4062ec1eae66,ASC366,UK-17-367,Salt,0.5,tsp
69bfec8e-9032-4f7c-aed8-652fe4f57a95,ASC244,UK-13-352,"Spring onions, bulbs and tops, raw",10,g
69c0796e-02e0-4810-8764-56a03720542a,ASC399,UK-17-062,"Sugar, icing",0.5,tsp
69c2310f-85bd-409e-8641-8ae39709cbfe,ASC159,D075,"Tomato, ripe, hybrid (Solanum lycopersicum)",34.5,g
69c6d385-dd22-48ba-b351-5f4d0f74e9a2,BFP518,UK-17-355,Baking powder,0.17,tsp
69c8619e-7cf4-4a1f-ad00-6df6bea20d4e,ASC441,UK-17-355,Baking powder,0.25,tsp
69cdd368-4794-4ce4-9fb5-f33bbb368dbf,OSR057,UK-17-367,Salt,0.5,tsp
69ce24fd-14c3-49c4-94a1-a4f7d2165940,BFP138,G017,"Onion, big (Allium cepa)",50,g
69cfdee9-46ff-46da-be42-3938f54e54d5,BFP595,US-806341,AJWAIN SEED WHOLE ORGANIC SPICES,10,g
69de957b-6ca2-4058-a16d-d6f8a7712725,OSR060,H007,"Coconut, kernel, fresh (Cocos nucifera)",1,tbsp
69e041b6-5075-4c7e-baf8-76b9b567461f,BFP040,G017,"Onion, big (Allium cepa)",30,g
69e0a9a8-c728-4740-9c06-251a818c276b,OSR145,G009,Coriander leaves (Coriandrum sativum),2,tbsp
69e0db25-53a5-4c49-9c38-839b93730a0c,BFP246,G012,"Garlic, small clove (Allium sativum)",1.25,g
69e368b4-73a5-4ac7-8769-9b29f1d2d6e5,BFP262,UK-13-873,Chilli powder,0.125,tsp
69e528a3-c068-44e6-86b6-7488e4644bf7,ASC418,L002,"Milk, whole, Cow",15,ml
69e9d6d3-21b8-4686-bf8f-a62781d222ad,ASC280,UK-17-045,"Oil, sunflower",480,ml
69f00290-c75f-4ddc-9e3d-000bcc2160b4,BFP203,UK-11-1045,"Flour, corn",0.5,tsp
69f10146-b6fe-4534-84ee-7b078fff14b3,OSR087,M001,"Egg, poultry, whole, raw",100,g
6a0a83bc-1fa0-45f6-848b-13983fc3fc6b,BFP278,F006,"Potato, brown skin, big (Solanum tuberosum)",20,g
6a119a29-6c10-4bb7-9bc6-0ca1cd863819,OSR099,G008,"Chillies, green - all varieties (Capsicum annum)",3.33,g
6a264f70-2d1d-43f3-96aa-8ed8c216c568,BFP506,G023,Cloves (Syzygium aromaticum),0.17,tsp
6a2864ab-d8bf-402d-a8a6-6c590cf8a394,ASC078,UK-17-045,"Oil, sunflower",2,tbsp
6a330268-f7f8-4162-8609-b129317f7fdb,OSR076,G012,"Garlic, small clove (Allium sativum)",0.5,tsp
6a34f6e5-0a0f-4e91-9081-43e1d8ef115d,ASC461,US-400113,"SIVA'S, AMHUR POWDER (DRY MANGO POWDER)",0.25,tsp
6a35faee-a2ee-462b-9239-b85c9809bd69,BFP607,E036,"Mango, ripe, banganapalli (Mangifera indica)",80,g
6a5c2392-5561-45a4-80cc-73d35f8708b9,BFP553,E009,"Banana, ripe, montham (Musa x paradisiaca)",30,g
6a69fec7-5612-44f4-974c-5ee3ee9c8e2d,BFP141,UK-17-640,"Ghee, butter",5,g
6a6fd345-335d-44f9-b340-ead3c8fc356c,ASC185,UK-17-045,"Oil, sunflower",1,tbsp
6a738df3-7207-4d14-90ba-014a481143f8,OSR144,B021,"Red gram, dal (Cajanus cajan)",43.75,g
6a74352b-0114-4c95-a87e-32beb3a64a61,BFP527,E001,"Apple, big (Malus domestica)",8.3,g
6a7818c7-64af-4c08-98b6-08be46814472,OSR073,UK-12-346,"Cheese, Cheddar, English",132,g
6a7aaec2-e8f3-4336-a031-c7d9b3bc6468,BFP159,G031,"Pepper, black (Piper nigrum)",0.25,tsp
6a84989f-c5de-49e6-adfe-c02b8810df50,BFP498,ANN-ING-0012,COLOUR,0,
6a88ba6d-d937-4827-8c0d-891bb7455dfd,ASC503,UK-17-063,"Sugar, white",150,g
6a912cb2-a47b-417a-a502-5131cd6720e6,ASC034,UK-11-1145,"Bread, white, average",30,g
6a958baf-84ac-4652-acf4-d0089b566734,ASC221,UK-12-332,"Cream, fresh, single",1,tbsp
6a9ced20-89a8-4a60-aa15-f5d3d89f6e45,ASC201,G008,"Chillies, green - all varieties (Capsicum annum)",1.67,g
6a9e36b7-90d8-4fcc-becb-481224ffc8ad,OSR147,G033,Turmeric powder (Curcuma domestica),0.3,tsp
6aa06fa4-1529-4e53-9ce3-401044996acf,OSR036,UK-17-661,"Butter, unsalted",56.75,g
6aa3f828-8958-49d7-abe3-7e0fef6a10b1,BFP249,UK-13-873,Chilli powder,0.125,tsp
6aa75afe-4db2-446f-9738-f23153c0742e,ASC489,F006,"Potato, brown skin, big (Solanum tuberosum)",20,g
6aa838ef-f4c2-481a-81f1-910fdfb63389,BFP599,G033,Turmeric powder (Curcuma domestica),25,g
6aa92fca-56d0-4b39-b992-b377e1381c27,BFP090,G012,"Garlic, small clove (Allium sativum)",1.87,g
6aac579f-ab3d-4ece-9af3-a850a0155f64,OSR114,E064,"Tamarind, pulp (Tamarindus indica)",2.5,tbsp
6aae6337-8f1b-40fb-b25c-02d8efba44d2,BFP239,D075,"Tomato, ripe, hybrid (Solanum lycopersicum)",50,g
6ad79c20-66a6-454f-b440-efc0804e6ae0,BFP310,UK-17-063,"Sugar, white",1,tsp
6ad7a62b-74c8-4f43-9e21-40a0d7e44d41,ASC007,UK-14-369,"Orange juice, freshly squeezed",2,tbsp
6adc3903-e4eb-4b8b-b8d1-8ea257e56997,ASC158,D075,"Tomato, ripe, hybrid (Solanum lycopersicum)",37.5,g
6adff0dc-2243-4c83-89eb-4f44b37dd612,BFP542,UK-17-377,"Water, distilled",20,ml
6ae09d17-9dd5-4227-87db-c1684baa4f51,ASC147,H013,Mustard seeds (Brassica nigra),0.125,tsp
6ae2a7d8-0f65-45e2-8066-59587bc62eed,BFP040,G014,"Ginger, fresh (Zingiber officinale)",5,g
6ae3a18c-a2a5-48f1-9f27-d84646d040ea,ASC376,G012,"Garlic, small clove (Allium sativum)",5,g
6ae4723b-8ec3-4e79-b22f-c0777409d717,ASC240,G017,"Onion, big (Allium cepa)",100,g
6ae5b3c9-d428-4d3e-a277-193cbc346e5d,BFP127,UK-17-367,Salt,0.25,tsp
6ae960b9-1abe-4cf1-a35d-0ba4aba4eb4b,OSR047,UK-17-377,"Water, distilled",2,C
6aef53b4-73a0-4e56-9ea0-6cb71954e0f2,ASC122,UK-17-045,"Oil, sunflower",4,tsp
6af2c0b7-cb6a-4c71-813a-86833344e047,OSR122,F002,"Carrot, orange (Daucus carota)",195,g
6b02dd76-a1b8-4964-9c60-88522a81d56f,OSR116,UK-13-873,Chilli powder,1.5,tsp
6b0afb02-2da6-466a-a7d4-0057b0d3b205,ASC381,G017,"Onion, big (Allium cepa)",100,g
6b0c6b1b-4e85-4043-a246-af620b531f4f,OSR136,D050,"French beans, hybrid (Phaseolus vulgaris)",33,g
6b15bbbd-c55b-4caa-a998-1410814c2e8b,BFP598,D075,"Tomato, ripe, hybrid (Solanum lycopersicum)",1000,g
6b1837f4-ab99-479e-9929-61a24e8df1d2,BFP177,G014,"Ginger, fresh (Zingiber officinale)",5,g
6b1c4d97-ba7c-4589-ba16-b09452ac7f10,ASC415,UK-17-367,Salt,0.25,tsp
6b304b2c-c6dc-484e-8208-4c2bf8f84675,ASC441,UK-17-063,"Sugar, white",25,g
6b343111-d613-4686-9c70-8f6fc48890d1,ASC173,G014,"Ginger, fresh (Zingiber officinale)",6.33,g
6b49a632-6061-49d4-be56-286602af2a20,BFP291,G017,"Onion, big (Allium cepa)",20,g
6b5d2371-73ca-4e0b-844e-b65ec8ff4249,ASC196,D075,"Tomato, ripe, hybrid (Solanum lycopersicum)",50,g
6b5d588a-8fc0-430c-85a1-c39673a7c29e,BFP065,G017,"Onion, big (Allium cepa)",20,g
6b86e5c1-086d-4c52-9b4a-a075639c9cd6,BFP258,F010,"Radish, elongate, white skin (Raphanus sativus)",50,g
6b9400b2-a533-409f-bf93-f8d36821d271,ASC155,UK-13-873,Chilli powder,0.25,tsp
6ba8fd47-a55d-450f-83b3-812700f369ca,BFP355,M002,"Egg, poultry, white, raw",34,g
6badc7ac-2fc6-4513-b537-7718ad3f65f8,ASC143,UK-17-063,"Sugar, white",0.25,tsp
6bb0329a-4222-4e02-854a-611f77dddd11,ASC007,G016,Mint leaves (Mentha spicata ),1,sprig
6bb3283d-7b2f-409f-a6c3-b87b7fe4eb1d,BFP447,I001,"Jaggery, cane (Saccharum officinarum)",20,g
6bb473a1-7bcd-41f3-b2d3-d554077570ec,ASC069,F002,"Carrot, orange (Daucus carota)",25,g
6bb868f9-39b6-4343-a660-8c10b76e39a4,ASC309,UK-14-335,"Cherries, glace",5,g
6bba797e-8260-43f1-b6d6-6816e8506f62,BFP118,G019,Asafoetida (Ferula assa-foetida),0.125,tsp
6bc8f010-06eb-4233-afae-4d4df4fcb76f,BFP233,J001,"Button mushroom, fresh (Agaricus sp.)",15,g
6bca3e4c-ba20-4342-b227-e43683c445af,ASC010,G016,Mint leaves (Mentha spicata ),1,sprig
6bd27444-771e-466c-9319-50df59e96e77,OSR139,G021,"Cardamom, black (Elettaria cardamomum)",0.25,tsp
6bd37d5c-49cf-4c9f-9fe3-d36c70c9f971,BFP205,G008,"Chillies, green - all varieties (Capsicum annum)",1.67,g
6bfb013b-93c6-4175-888d-4e74258d38b5,ASC362,A018,"Wheat flour, refined (Triticum aestivum)",60,g
6bffc1ff-74e9-451e-a5db-faa85a0ffefb,ASC353,UK-17-367,Salt,0.25,tsp
6c0d1936-f3b1-4430-a0a0-fe145e647bfa,BFP289,G017,"Onion, big (Allium cepa)",5,g
6c183494-eee9-4f3d-8ceb-99940ccb2962,ASC168,UK-17-045,"Oil, sunflower",1,tbsp
6c1ff6cd-2de6-45b7-b013-8fa0470649d1,BFP158,G023,Cloves (Syzygium aromaticum),0.125,tsp
6c238bc1-9647-4a3e-983f-e684dd45665c,OSR128,G017,"Onion, big (Allium cepa)",60,g
6c2fda0e-84bb-408e-a216-8fc7ef659432,BFP305,UK-13-876,Curry powder,0.125,tsp
6c3104bf-986f-46de-8f33-4ee50a0f3be6,ASC217,C026,Mustard leaves (Brassica juncea),150,g
6c346697-11e5-4fb7-8e41-71f785cb06f8,ASC108,UK-17-640,"Ghee, butter",1,tsp
6c35aae4-50ee-4f3f-a2d9-31f44655a270,ASC202,G008,"Chillies, green - all varieties (Capsicum annum)",1.67,g
6c3b49df-4d55-470c-8af6-8050efcf96d8,BFP585,ANN-ING-0048,CITRIC ACID,2,g
6c44ee4b-fe92-40c6-a7d2-e331dcd7c598,BFP536,E015,"Currants, black (Ribes nigrum)",4,g
6c58047e-09a8-4842-b8bd-45473db3ef42,ASC183,G012,"Garlic, small clove (Allium sativum)",0.63,g
6c5ccfc5-b308-4c37-86e5-957877f8c9f4,ASC290,E057,"Raisins, dried, black (Vitis vinifera)",1.32,g
6c6c4675-d390-46e3-b461-bbe2929a7edb,OSR032,US-172225,"Milk, buttermilk, fluid, whole",183.74,g
6c9eca6a-e5b8-4489-8eb6-8b9d0a79a624,ASC103,UK-13-873,Chilli powder,0.25,tsp
6caab2d9-42b9-45f0-8dad-fb04396fbd56,BFP391,ANN-ING-0036,REETHA,0.08,nos
6cbd2aaf-d2bf-43b4-ac15-e472146c5dc0,ASC321,ANN-ING-0006,Kewra essence,0.5,tsp
6cbfbb63-59bb-4aec-9b74-32ed70270e62,OSR060,F006,"Potato, brown skin, big (Solanum tuberosum)",70,g
6cc0977f-2378-4b4d-8fe7-ea81545dac85,ASC046,UK-17-045,"Oil, sunflower",0.5,tsp
6cc32ebc-9780-49f8-be98-cf6662fb012c,OSR076,G033,Turmeric powder (Curcuma domestica),0.25,tsp
6cc35aa0-8ae9-4d43-9683-787c9646d70a,ASC305,L002,"Milk, whole, Cow",125,ml
6cc4f929-135f-435d-a2f1-c384b102be60,ASC424,UK-17-367,Salt,0.25,tsp
6ccc816a-cfa4-4285-8a8b-05aee5fa0a54,BFP430,UK-11-1145,"Bread, white, average",30,g
6cd138c5-6ac2-417d-8174-f826008157a0,ASC418,E001,"Apple, big (Malus domestica)",50,g
6cd5e41a-74e8-44bc-bb3b-808e4ec7277b,BFP024,G023,Cloves (Syzygium aromaticum),0.8,tsp
6ce49481-8ad4-45af-80f5-8f9ea64ccbc8,OSR137,UK-13-832,"Ginger, ground",1,tsp
6ce78b6a-7fed-48a7-874f-148979618812,BFP054,UK-17-661,"Butter, unsalted",10,g
6ced11c4-7793-466f-af36-88850ddbb395,ASC232,G023,Cloves (Syzygium aromaticum),0.5,tsp
6cf08467-0724-467f-b788-49229e9e672a,ASC467,A019,"Wheat flour, atta (Triticum aestivum)",100,g
6cf873a8-88cd-46c6-adc9-da8e2d286965,ASC477,A011,Rice flakes (Oryza sativa ),70,g
6d0343dd-c94d-48b4-8e92-74a676a7c020,BFP589,UK-17-063,"Sugar, white",2000,g
6d0cdc78-62a2-4ad6-9ac4-ac1d712a7f2f,ASC164,G014,"Ginger, fresh (Zingiber officinale)",3.17,g
6d0f742e-0d84-4c14-9138-c4911e9cef12,ASC199,UK-12-184,"Yogurt, whole milk, plain",1,tbsp
6d13a853-c24f-4305-ba38-3cc372b32aeb,OSR033,UK-17-063,"Sugar, white",200,g
6d155231-aa01-481d-9349-1c1f9907f644,BFP447,UK-13-873,Chilli powder,0.17,tsp
6d189e69-4c90-49b6-8e6e-83f8084ca6f9,ASC283,US-170149,"Seeds, lotus seeds, dried",5,g
6d2a2dae-02d8-4116-8f11-3d57e979dcb6,BFP431,UK-17-045,"Oil, sunflower",240,ml
6d2f5af5-f661-4fd3-b1e1-0a3a89f71c86,BFP561,UK-17-640,"Ghee, butter",15,g
6d314d1b-16d1-482e-9d8f-a0bc129d6ec2,ASC231,UK-18-481,"Lamb, mince, raw",80,g
6d3f79ac-778a-4a84-a52b-d6d03a16263e,BFP535,UK-17-726,"Stock cubes, chicken",75,ml
6d42d87c-12fc-4b7f-8e56-0e31f5ff28e9,ASC210,UK-12-332,"Cream, fresh, single",10,ml
6d5b819b-db19-4566-ae8e-28bfc97f4f87,BFP346,UK-17-377,"Water, distilled",1,tsp
6d5d46e3-7dd4-4ee0-bdb5-232da202ca34,BFP155,G017,"Onion, big (Allium cepa)",20,g
6d5e6772-f34c-4f3a-b150-58666438a795,ASC054,UK-17-063,"Sugar, white",2,tsp
6d5fadfb-5cf4-46ae-8d73-83628503074e,ASC198,G012,"Garlic, small clove (Allium sativum)",1.25,g
6d667114-ef15-4fa0-81e7-576325f34ddd,ASC266,UK-17-062,"Sugar, icing",0.5,tsp
6d6ce359-3a66-4016-bde4-e1408492403c,ASC092,US-711552,MSG MONOSODIUM GLUTAMATE,0.25,tsp
6d6d832c-0682-417d-ae12-7a001e3c5822,BFP024,US-806241,HIMALAYAN BLACK SALT,0.25,tsp
6d6d9d06-840f-4d18-88ad-38af09601906,BFP125,UK-17-661,"Butter, unsalted",10,g
6d74dd11-29e9-4813-86e1-fc9fcd2eee20,ASC432,US-499195,JAM,60,g
6d76f0ef-43e9-4a17-a1ef-2b9a2e869bd3,BFP509,UK-17-377,"Water, distilled",1,tsp
6d7b8a4d-9242-4c23-bbe3-d20bb74d86e2,OSR132,UK-17-377,"Water, distilled",2,C
6d8482f3-be8e-4be9-b644-3bdc0a2902d5,BFP241,G017,"Onion, big (Allium cepa)",30,g
6d86381a-dbf7-413c-b6ef-28b6cb55c2c3,OSR124,UK-12-545,Cocoa powder,2.5,tbsp
6d8b16e5-f481-4329-9652-759bf2dd2008,OSR081,UK-17-367,Salt,1,tsp
6d96298a-2ed6-4945-a6b7-d4aa1354cce1,ASC085,F002,"Carrot, orange (Daucus carota)",20,g
6d986c2d-3e78-4954-8c34-146d3dabd626,ASC198,D061,"Peas, fresh (Pisum sativum)",150,g
6d9c5779-fc7f-4ec7-9ab3-8bf04e2e2e11,BFP535,N003,"Chicken, poultry, breast, skinless",100,g
6db44bf1-7934-43bf-b26f-400a434a495a,OSR075,UK-17-339,Vinegar,2,tsp
6db8c160-b026-4bd0-b3f5-2b7a8765b203,BFP519,A018,"Wheat flour, refined (Triticum aestivum)",30,g
6dbed4f4-8998-415f-8702-5789398fa26c,ASC444,ANN-ING-0017,Ammonium bicarbonate,0.25,tsp
6dbf99be-83f6-409a-8c17-999423aa543a,ASC237,UK-13-873,Chilli powder,0.125,tsp
6dc5fbf9-fe7f-44df-917b-4a9ea77d7c9b,BFP576,UK-17-377,"Water, distilled",0.5,C
6dc92582-4280-4f13-b838-21d84b8290c3,ASC231,G017,"Onion, big (Allium cepa)",40,g
6dc94de5-ec62-482d-9928-c95a6a8b820e,ASC134,UK-17-045,"Oil, sunflower",1,tsp
6dc9ef1e-a638-45c2-8780-f91701fd4afd,BFP241,F006,"Potato, brown skin, big (Solanum tuberosum)",50,g
6dd159e3-0ebb-463e-892f-968575c64eb7,BFP159,UK-13-874,"Cinnamon, ground",2,g
6dd2f8a4-2c34-439f-945e-66915c3e3362,BFP274,UK-17-045,"Oil, sunflower",240,ml
6ddb6407-d41e-4dc2-89b0-45a86c11dc8d,ASC218,UK-17-045,"Oil, sunflower",2,tsp
6ddefb2d-e3e8-4d40-a5f5-501e9537c471,ASC371,UK-13-829,Garam masala,0.25,tsp
6de18f93-5693-4cfe-b43c-d17fcb732053,OSR107,A009,Quinoa (Chenopodium quinoa),85,g
6de5f84a-2216-43d1-9b56-f8527ddc354c,BFP178,UK-17-640,"Ghee, butter",5,g
6de62546-4f4d-486f-8df6-2bad3f948e5a,BFP293,G028,Nutmeg (Myristica fragrans),0.25,tsp
6de99d82-36a6-437e-ad4e-57526d4afa1d,OSR091,UK-12-184,"Yogurt, whole milk, plain",490,g
6dea42a3-bcf0-4a26-ada1-ac618a1df110,ASC322,US-169103,"Orange peel, raw",0.25,tsp
6dea9fe8-50ae-4f69-8bf4-fc3d24c2b4da,ASC270,G025,Cumin seeds (Cuminum cyminum),0.125,tsp
6deddac0-a4c7-4f23-9558-2cf028e50eee,BFP132,A014,"Rice, parboiled, milled (Oryza sativa )",80,g
6df4d6ca-a6fe-41c1-bfaa-64750cc2fb23,OSR033,A018,"Wheat flour, refined (Triticum aestivum)",240,g
6dfbbe0c-7224-47d4-89b8-ba10d3c0c50f,ASC184,UK-13-829,Garam masala,0.25,tsp
6e037df7-b9e4-45b7-baa2-a5ddee9a0329,ASC240,UK-13-873,Chilli powder,0.25,tsp
6e05b113-3312-4857-9d74-e47ad72c7206,ASC244,J001,"Button mushroom, fresh (Agaricus sp.)",20,g
6e0c29fb-38e4-4580-8a29-e8a74b52c411,OSR033,UK-17-661,"Butter, unsalted",227,g
6e0e3546-c7fd-457e-a8a8-7953ef3ed8ed,ASC179,G012,"Garlic, small clove (Allium sativum)",0.63,g
6e1399a0-f8f8-47a0-a298-f79d3a78bef7,BFP597,UK-13-873,Chilli powder,30,g
6e197019-37e1-4ef8-b96e-5d4bec4710e9,ASC205,UK-17-367,Salt,0.5,tsp
6e291279-f598-4992-9226-4dc7e9212a53,ASC028,G031,"Pepper, black (Piper nigrum)",0.25,tsp
6e2a6b36-8445-4916-a4b9-d1652fe6c0c8,ASC369,M001,"Egg, poultry, whole, raw",12.5,g
6e39e51f-2224-4c1c-b2ac-75b05df68266,ASC062,G031,"Pepper, black (Piper nigrum)",0.25,tsp
6e3acfbc-07ad-4877-9d9b-a70379326036,OSR011,US-851134,"MIXED NUTS CASHEWS, ALMONDS, HAZELNUTS, PISTACHIOS, PECANS, MIXED NUTS",25,g
6e4257e7-12b8-4327-bbf3-a29e93a7b2e2,BFP336,D066,"Pumpkin, orange, round (Cucurbita maxima)",50,g
6e435691-b499-409f-b953-784534461678,OSR074,H005,Cashew nut (Anacardium occidentale),12.53,g
6e4d58b9-fb86-46ef-9f32-cd441bf9de58,ASC240,G031,"Pepper, black (Piper nigrum)",0.375,tsp
6e587744-7bb6-429b-bbca-1edc2435df12,BFP246,F006,"Potato, brown skin, big (Solanum tuberosum)",120,g
6e6278f1-96af-4793-93a9-918aad5c80d6,BFP161,UK-11-716,"Pasta, white, dried, raw",80,g
6e79117d-c608-4d28-87ba-46d2b01c97cf,ASC232,O064,"MUTTON, muscle",100,g
6e823209-0367-41d8-9315-e5b89ad143a3,BFP306,UK-17-360,Gelatine,1,tbsp
6e87b24b-1a6f-4e93-937b-f6bd10c79a0f,BFP263,G017,"Onion, big (Allium cepa)",30,g
6e909ad9-4dc5-45d2-9f6b-e092a76e35b3,BFP091,G008,"Chillies, green - all varieties (Capsicum annum)",6.67,g
6e9550cf-f180-4293-a42a-ac1ff079e51e,BFP246,G025,Cumin seeds (Cuminum cyminum),0.125,tsp
6e95a311-1fd6-43e6-8188-0fb2866d7c24,ASC127,UK-17-367,Salt,0.25,tsp
6ea0539d-8dbf-460d-93e5-7f776c36d975,ASC129,UK-17-045,"Oil, sunflower",1,tbsp
6eaa6da3-669c-40ba-adf9-fb6d907ee5fa,BFP532,UK-17-063,"Sugar, white",22,g
6eae8440-5a05-4528-901c-4d0ea833385c,ASC383,C015,"Cabbage, green (Brassica oleracea var. capitata f. alba)",15,g
6eb8e219-bdf9-408d-ab87-573d59bd63d5,BFP091,G012,"Garlic, small clove (Allium sativum)",1.87,g
6ebb373e-5425-4cb2-8692-72044cdf09aa,ASC445,UK-17-661,"Butter, unsalted",25,g
6ebca6d2-cfe3-49cf-8c08-786abdd0835a,ASC137,G017,"Onion, big (Allium cepa)",50,g
6ec66af3-2e75-4431-af58-a2a3496d2341,ASC261,G016,Mint leaves (Mentha spicata ),1,sprig
6ed077fe-20f8-4041-bd3a-c8f2a68fe869,ASC424,UK-17-062,"Sugar, icing",85,g
6ed3c6a1-a7cc-40c9-8339-e5e2a6afc55b,BFP460,G022,"Chillies, red (Capsicum annum)",3.33,g
6ed9edf8-8122-4519-8701-ee5d80cbabf2,BFP138,A014,"Rice, parboiled, milled (Oryza sativa )",80,g
6edba38b-b695-46e4-9a15-f8eaf3aa3ae4,ASC429,M001,"Egg, poultry, whole, raw",100,g
6ee0e4e5-c8a9-4e9d-ae6b-67a906ca7255,ASC363,UK-17-045,"Oil, sunflower",2,tsp
6ee1eb03-e403-46df-adcf-cde7737bafe4,ASC413,UK-17-661,"Butter, unsalted",4,tsp
6ee6aa5f-fa19-4f43-bbf0-afa4195bc7c7,ASC300,M001,"Egg, poultry, whole, raw",50,g
6ef0f63d-b814-402f-b598-8fbecfc446ba,OSR132,G012,"Garlic, small clove (Allium sativum)",1.25,g
6f0189bd-275e-4572-a676-022c1e861241,BFP246,UK-17-367,Salt,0.17,tsp
6f03ebf1-fc1a-4920-8126-eded3f466fd9,BFP234,M001,"Egg, poultry, whole, raw",50,g
6f128d56-e206-4c44-ad6a-a33da558d02b,BFP190,G031,"Pepper, black (Piper nigrum)",0.75,tsp
6f24cd10-cb29-41e8-a595-2108fd6f3217,BFP312,UK-17-339,Vinegar,1,tbsp
6f26bcbc-477d-4e8e-a73f-565c9d9cbe66,ASC006,G014,"Ginger, fresh (Zingiber officinale)",10,g
6f307454-93e9-4e74-80eb-f2fa53e2e71b,BFP165,UK-17-377,"Water, distilled",0.33,C
6f308e43-f92b-45d9-acf7-547419b3b266,BFP440,UK-17-367,Salt,0.17,tsp
6f35845b-2cf5-42bc-b04c-d3a64bfb60b2,ASC263,C025,Lettuce (Lactuca sativa),24,g
6f418063-9afb-4d8a-955e-168252714288,BFP040,A024,"Wheat, vermicelli, roasted (Triticum aestivum)",40,g
6f603321-e306-4a81-85d9-f55c08a99c0b,ASC126,UK-12-184,"Yogurt, whole milk, plain",61.25,g
6f615b78-7f55-4f82-9c3f-596727ba5581,ASC198,UK-17-045,"Oil, sunflower",2,C
6f6635b9-9620-4873-b913-bc0dfd7a80c8,BFP273,UK-13-873,Chilli powder,0.125,tsp
6f6676d0-e444-42e5-8d3f-c6d1cdbbc359,ASC175,G014,"Ginger, fresh (Zingiber officinale)",6.33,g
6f72b01f-8467-43d5-a612-95f8caebf8b0,ASC201,UK-13-829,Garam masala,0.25,tsp
6f8073b8-6322-409c-9ac1-9fb27f3038ba,BFP294,D036,Cauliflower (Brassica oleracea var. botrytis),30,g
6f991b21-e7ca-491b-9a62-daeef053b6bb,BFP134,UK-17-045,"Oil, sunflower",2,tsp
6f9b5cf2-6f32-45cc-bb02-74a6e8fb018d,OSR104,UK-17-367,Salt,0.75,tbsp
6fa1f4e5-7dc9-48e1-aff0-fdf2e9cafcea,OSR152,UK-13-873,Chilli powder,0.6,tsp
6fa9a7ce-1ee2-4b04-8ba1-bcb538401966,BFP345,UK-17-063,"Sugar, white",10,g
6fb7fd0b-fa93-44a9-a6ed-9b7889dfbb1a,BFP532,A018,"Wheat flour, refined (Triticum aestivum)",120,g
6fbf4567-2f19-49e2-9334-58e8d5056d37,BFP505,UK-17-355,Baking powder,0.17,tsp
6fdd3260-79df-4306-9272-d057a923d498,ASC290,L002,"Milk, whole, Cow",250,g
6fe110cd-e343-40db-8d11-13f780d36d32,BFP127,UK-17-367,Salt,0.06,tsp
6fefd099-3f14-4d06-bd90-577656ada141,ASC181,G025,Cumin seeds (Cuminum cyminum),0.25,tsp
6ff23105-857d-4e11-ba7f-5a0fb9fcaab3,BFP522,M003,"Egg, poultry, yolk, raw",8,g
6ff8db2d-ff2b-4673-93cf-86aecb61f46e,ASC502,E028,"Guava, white flesh (Psidium guajava)",500,g
6ffb0f60-3575-4876-9c55-2676a4e579f5,ASC149,G017,"Onion, big (Allium cepa)",25,g
6ffb68c7-448d-4da4-b55f-9bc059fd1606,BFP110,G014,"Ginger, fresh (Zingiber officinale)",5,g
6fffde6b-b1e5-4ef9-979f-32e9b5d3ff22,BFP302,UK-17-654,"Mayonnaise, standard, retail",2,tbsp
7002b7ae-ba73-4a66-aa14-68dc70fea25b,ASC282,A014,"Rice, parboiled, milled (Oryza sativa )",10,g
700502a2-38fc-48c6-bc17-7d125ce09b51,BFP058,G017,"Onion, big (Allium cepa)",10,g
700f8a90-85b0-40c7-b479-f56f370d672b,ASC163,G017,"Onion, big (Allium cepa)",25,g
7010d6a7-b13e-419e-a2ef-c724d61aefb8,ASC204,UK-13-873,Chilli powder,0.25,tsp
702a1659-9cd4-4a09-b584-b7063c741419,OSR127,A018,"Wheat flour, refined (Triticum aestivum)",260,g
702cab11-94aa-4f46-a22d-e9fb3e91783b,ASC214,UK-17-045,"Oil, sunflower",480,ml
7033d5c3-e144-4802-ad49-a5655d695297,BFP529,E033,"Lemon, juice (Citrus limon)",0.5,tsp
70447bd8-5e62-4c0e-8695-c3d55967c54e,OSR108,A019,"Wheat flour, atta (Triticum aestivum)",97.5,g
705098bf-e987-48ed-a557-aeb4dc2ca209,BFP197,G024,Coriander seeds (Coriandrum sativum),0.5,tsp
7057f714-1337-41cb-a539-19eab334d9b3,BFP275,UK-13-873,Chilli powder,0.25,tsp
705cbe12-b2a7-4918-ad3f-744c490c2767,ASC383,M001,"Egg, poultry, whole, raw",25,g
705db2d8-884a-495a-9c7c-1e682a27640f,BFP024,UK-13-874,"Cinnamon, ground",0.8,tsp
7070cab2-ddce-4763-b46c-04ee8a303abb,BFP088,G031,"Pepper, black (Piper nigrum)",0.25,tsp
707c01ef-8051-4249-b8a3-bb00edf2d7fa,OSR057,UK-13-873,Chilli powder,1,tsp
707c5b9b-cdf4-4928-9b3d-b294d83e4858,ASC415,P057,"Pomfret, white (Pampus argenteus)",120,g
707cb2a2-0473-463a-89f4-360845672e41,OSR112,G022,"Chillies, red (Capsicum annum)",4.7,g
70881321-fdf4-44db-8040-1d74bd9614c0,OSR123,UK-12-520,"Milk, condensed, whole, sweetened",152,g
708ab08c-f1df-411d-856a-957a32fdc687,ASC065,A018,"Wheat flour, refined (Triticum aestivum)",40,g
708b685e-4a5c-4488-9ba2-114fd3070e5b,BFP289,UK-17-367,Salt,0.17,tsp
708d256c-f307-4684-9984-f80226ed8581,OSR141,UK-13-832,"Ginger, ground",12.66,g
7096ee33-7eeb-45f4-a7b7-6d1c8535e50c,BFP153,UK-17-377,"Water, distilled",100,ml
70a28266-746e-4191-ab2d-360e57ee8129,ASC082,G031,"Pepper, black (Piper nigrum)",0.125,tsp
70a441fd-3c37-488b-9000-868c3833a9e5,BFP230,G017,"Onion, big (Allium cepa)",30,g
70b456e4-77ef-481b-9ac8-bbb155854193,BFP157,G014,"Ginger, fresh (Zingiber officinale)",5,g
70c2288e-7aa3-4b48-929a-4d68751f7aea,ASC272,D007,"Bottle gourd, elongate, pale green (Lagenaria vulgaris)",50,g
70d16739-a3f2-4f79-8047-d75eb89ac169,BFP407,H005,Cashew nut (Anacardium occidentale),5,g
70d2ba6a-c938-4968-b2ad-27383c48c029,ASC402,UK-17-045,"Oil, sunflower",1,tbsp
70d8d276-a8cb-4ff3-8cfc-e32b2fea5f2f,BFP473,UK-17-367,Salt,0.125,tsp
70de1bf0-8adc-4cb0-9df2-4375b500df60,ASC139,UK-18-481,"Lamb, mince, raw",125,g
70e19a1a-d89b-4b55-8e71-920577952604,BFP334,L002,"Milk, whole, Cow",200,ml
70e79de7-4084-4929-aa93-ba43a7030396,ASC141,UK-11-716,"Pasta, white, dried, raw",50,g
70e7ebdc-8459-49e5-8e86-073fcbff6c7c,ASC474,UK-11-896,"Flour, gram",150,g
70ec9e46-8a97-434b-baa5-be84cb7d9f94,ASC182,UK-13-389,"Turnip, flesh only, raw",100,g
70edfcdf-0744-4551-8cbb-8da0631ff2e3,BFP351,H001,Almond (Prunus amygdalus),8.8,g
710322d0-977e-4a9c-bfad-da9fa658a337,ASC454,UK-17-355,Baking powder,0.25,tsp
710e1738-fc7f-4571-b4fa-5e1442e9a9bc,ASC499,E001,"Apple, big (Malus domestica)",1250,g
710f8111-944f-495f-bd6a-31d1c57b8703,BFP458,UK-14-892,"Peanut butter, smooth",20,g
7112b65f-791d-4c36-a3a6-272809cbedac,BFP531,UK-17-377,"Water, distilled",5.5,tbsp
711ec0f6-6cca-4b4d-94ea-14ad68cce224,BFP531,UK-17-360,Gelatine,3,g
71333193-afc4-4267-824b-64a330125b0f,ASC337,ANN-ING-0012,Colour,0.25,tsp
713de497-628e-485e-a813-07792118e22d,BFP421,UK-11-896,"Flour, gram",30,g
71463cfa-2b6c-4289-84c5-f8de2bf4c91c,OSR063,UK-17-367,Salt,1,tsp
7155234c-d213-4eec-9ffc-73029d90e364,OSR013,UK-11-023,"Sago, raw",43.89,g
7156aa86-eb66-44b4-80bc-4f6c90577bbe,ASC171,UK-13-829,Garam masala,0.25,tsp
715a67ef-8efb-4f61-a401-344065f2c71c,ASC454,UK-17-661,"Butter, unsalted",35,g
715c160a-0485-474d-8ec0-f868a5f9f44f,OSR120,UK-17-355,Baking powder,0.5,tsp
715f8254-1b13-4679-937d-c459d0619a52,ASC125,G020,"Cardamom, green (Elettaria cardamomum)",0.25,tsp
716590d0-1e95-44f5-b8a6-9c636a3cbfd0,ASC456,UK-13-873,Chilli powder,0.125,tsp
7173af4a-c9bb-410b-9a61-42fa0791e424,ASC037,M001,"Egg, poultry, whole, raw",25,g
7179db20-97b6-447b-b295-5b440f48da61,BFP218,N003,"Chicken, poultry, breast, skinless",50,g
717c3434-3dfb-4974-8a26-8e7b82cfaa92,BFP124,UK-17-367,Salt,0.25,tsp
717d52fc-d049-486d-bdcd-bdfea4d3d5af,BFP390,L002,"Milk, whole, Cow",15,ml
7183d1ec-8f99-408e-8ce7-ae822d5432fd,BFP360,UK-17-064,"Syrup, corn, dark",4,tbsp
718ca860-93c6-4d5c-9b15-04f3dd09c3ae,BFP232,G031,"Pepper, black (Piper nigrum)",0.25,tsp
719bcb8d-a520-4604-9be1-6dd6f87c64c7,BFP313,G012,"Garlic, small clove (Allium sativum)",0.5,tsp
71a60cc2-e6d6-4b98-9ef0-b453db266dba,ASC137,UK-17-367,Salt,0.5,tsp
71a81e3b-e06d-4f4c-81b2-1cac66c8234c,BFP230,H013,Mustard seeds (Brassica nigra),0.5,tsp
71a9613c-d1e5-4fcd-8021-17201ec60d03,OSR035,UK-17-063,"Sugar, white",134,g
71b947e7-d10c-49f7-92a2-faf8fa10cf19,OSR112,G025,Cumin seeds (Cuminum cyminum),1,tsp
71bd3fdc-2f82-4332-a87e-a6e549a68d2d,ASC179,G033,Turmeric powder (Curcuma domestica),0.125,tsp
71cd0eaa-bd91-408d-bce1-08385ceda790,ASC035,UK-17-362,Mustard powder,0.25,tsp
71cf5110-b05d-4c9e-8830-58b8cf6531a7,BFP370,UK-12-545,Cocoa powder,3,g
71ef9dea-13b2-4b14-bfc7-903cbb8bf782,OSR042,UK-13-874,"Cinnamon, ground",1,tsp
71fc15ae-3408-4385-a7b6-fac04c3d45bb,ASC199,UK-17-045,"Oil, sunflower",480,ml
720190b1-8b85-4354-8515-9d8a056bcc56,BFP455,UK-17-367,Salt,0.125,tsp
7203888a-e1a4-4f0d-b213-56b3a6d4e00f,ASC041,G014,"Ginger, fresh (Zingiber officinale)",6.33,g
7205eca4-f1ba-406a-9676-5847e60dda7e,BFP286,UK-17-367,Salt,0.17,tsp
7207ce4f-b939-401b-8fa0-6c0bfacb4713,ASC231,UK-13-832,"Ginger, ground",0.125,tsp
720c4101-9014-47f0-a582-0b86260c0b5a,ASC458,B025,"Soya bean, white (Glycine max)",30,g
720d6ccf-48d6-4c59-9a97-d8f723a9f30a,OSR075,UK-17-045,"Oil, sunflower",4,tsp
720eb238-cda1-4b2f-b12a-d815eb919e4c,ASC121,G017,"Onion, big (Allium cepa)",50,g
72121b49-303c-4e35-96d0-9990807416b6,ASC084,UK-17-367,Salt,0.25,tsp
721bde0e-ead9-442b-a341-a1ddb42527fc,ASC126,G022,"Chillies, red (Capsicum annum)",3.33,g
7223e99c-3708-4ef2-ae77-899dc0d46fd0,BFP091,D061,"Peas, fresh (Pisum sativum)",30,g
722ebc3b-b231-4063-8e07-49e77aca64f0,ASC030,UK-17-362,Mustard powder,0.25,tsp
723840ee-ec8a-447e-b3ab-b470417f1aac,OSR043,UK-17-062,"Sugar, icing",6,tbsp
7239c991-65b4-4f6d-b02e-3777d25bdbf2,BFP495,UK-12-545,Cocoa powder,20,g
72462595-cc53-49b3-9d96-082cd39f4a07,BFP325,G025,Cumin seeds (Cuminum cyminum),0.25,tsp
7249622a-c781-44a0-9c2c-1f073f25a8b4,ASC455,A018,"Wheat flour, refined (Triticum aestivum)",50,g
724ef727-c05a-4ef1-966c-5f6b15debaf7,ASC280,G025,Cumin seeds (Cuminum cyminum),0.25,tsp
725bcae9-1a30-418b-95da-0e93b71e9d71,ASC325,L002,"Milk, whole, Cow",75,ml
725cc0e7-02ba-4652-acf4-13d42c3aedb4,BFP557,F006,"Potato, brown skin, big (Solanum tuberosum)",20,g
725e4238-081b-405f-a8c2-3b8f0ac76a18,OSR076,UK-13-873,Chilli powder,1,tsp
72631cc2-ba94-4e1b-9f30-cd33d3ed8b47,ASC506,UK-17-377,"Water, distilled",750,ml
726b627f-d970-4722-aafa-1790fc2049ee,ASC283,L002,"Milk, whole, Cow",250,ml
726d3044-aea1-4c87-8c5f-235a5ff39a0f,ASC351,F006,"Potato, brown skin, big (Solanum tuberosum)",80,g
72778d8e-e8b6-457a-b9bf-7e31aec4a2dc,ASC359,UK-17-045,"Oil, sunflower",0.5,tsp
728954a5-9cf4-4f77-87ba-496a229d3977,OSR115,UK-17-377,"Water, distilled",2.5,tbsp
728d6c38-6671-4343-b819-2ed3ca28eea9,BFP545,L002,"Milk, whole, Cow",1,tsp
729256ff-b8ee-46fa-bcba-4f41fd9261f9,ASC443,A018,"Wheat flour, refined (Triticum aestivum)",50,g
72a0f847-fbfa-4cd8-b4e1-5e5dd52f4840,ASC363,UK-17-045,"Oil, sunflower",480,ml
72ac0989-4987-4bfc-b7ef-0cd1b7941eb2,BFP322,G025,Cumin seeds (Cuminum cyminum),0.33,tsp
72afe63b-49f0-4bb5-8992-5876aee443b4,ASC418,UK-13-874,"Cinnamon, ground",0.25,tsp
72bc828a-4ffc-4904-8408-cdc6c4bc85c2,BFP082,G017,"Onion, big (Allium cepa)",20,g
72d11bdc-da79-41c6-a788-e08b1c53213d,BFP090,UK-14-820,Coconut milk,15,ml
72d357fd-dbd7-4e7e-b1cd-9345f42675c7,BFP559,I001,"Jaggery, cane (Saccharum officinarum)",30,g
72d3c0d0-d495-459d-b4c4-ae1539c3fa5c,ASC067,UK-17-045,"Oil, sunflower",3,tsp
72daab90-c16c-451b-a0a6-320a443d32be,BFP218,UK-17-661,"Butter, unsalted",5,g
72ddb75a-5545-495c-9191-312e5583e688,OSR101,H013,Mustard seeds (Brassica nigra),0.5,tsp
72e8830b-f864-4bcb-9014-a351d90220b8,OSR093,L002,"Milk, whole, Cow",0.25,C
72ef0c90-120a-4846-b15c-540196d71101,ASC277,UK-11-896,"Flour, gram",25,g
72f6b6f2-3ffc-4f6d-ba6a-73cbed5537b5,OSR005,ANN-ING-0050,Gulkand,1.5,tsp
72f6ffc8-52cc-4083-9a99-1f4e6f8d91e8,BFP553,I001,"Jaggery, cane (Saccharum officinarum)",30,g
72febb72-7474-4946-94d7-62f1e17eb531,BFP076,A014,"Rice, parboiled, milled (Oryza sativa )",15,g
731442ec-7b7b-40cb-8883-ed669cf1c8c0,BFP261,UK-17-045,"Oil, sunflower",1,tsp
73185e72-27f1-4860-a7c2-249c0e454d33,OSR114,US-400113,"SIVA'S, AMHUR POWDER (DRY MANGO POWDER)",0.62,tsp
73189e37-0cd1-4bfe-bf0d-0585a9fb596a,BFP300,D043,"Cucumber, green, elongate (Cucumis sativus)",20,g
731c4fd8-0041-4e77-abdc-79b96d90b5f9,BFP276,G009,Coriander leaves (Coriandrum sativum),1,sprig
732b8684-168a-4c58-85a1-ada766fe9637,ASC193,UK-17-045,"Oil, sunflower",1,tbsp
7332279a-c473-4caa-894f-98f4977db187,BFP580,A019,"Wheat flour, atta (Triticum aestivum)",90,g
7332eab1-adec-42cb-8343-d9dda24423d4,ASC044,UK-13-873,Chilli powder,0.125,tsp
733f6009-923e-4868-b20f-ace20386287a,ASC379,G009,Coriander leaves (Coriandrum sativum),1,sprig
733ff5f4-1f91-4e85-b5d1-db9d4011f195,ASC346,L002,"Milk, whole, Cow",500,ml
734452ce-a109-4efc-9461-8d26c2503d08,ASC462,UK-17-045,"Oil, sunflower",2,C
73461e40-2499-4171-9673-ec3f922ca7bc,BFP041,G017,"Onion, big (Allium cepa)",30,g
734f45f5-95cc-4efb-ac69-2b806dc56a1f,OSR112,UK-17-661,"Butter, unsalted",6,tbsp
7362c81d-a9d1-41fb-bff5-ea382180ef80,OSR155,B003,"Black gram, dal (Phaseolus mungo)",87.5,g
73630875-e744-4598-aaf6-cc1208b8a29b,BFP208,G025,Cumin seeds (Cuminum cyminum),0.25,tsp
7366a163-0cbb-43ae-8943-e0468d2f1e6e,BFP231,G017,"Onion, big (Allium cepa)",10,g
736f7b66-b66d-410a-8b7b-24915921da54,BFP491,L002,"Milk, whole, Cow",0.75,tbsp
73800452-f72e-404d-a826-05d613a9e278,ASC123,G021,"Cardamom, black (Elettaria cardamomum)",0.25,tsp
738a66c9-d242-475a-a960-d6372b55b6c4,ASC210,D050,"French beans, hybrid (Phaseolus vulgaris)",50,g
73959dba-f06c-4531-8ae2-df612de5d30c,BFP518,A018,"Wheat flour, refined (Triticum aestivum)",30,g
7398f226-b825-4572-94cb-628cb423041d,BFP416,UK-13-829,Garam masala,0.125,tsp
739b00b0-b66a-4803-b0a1-d52a05b9c925,ASC165,G017,"Onion, big (Allium cepa)",25,g
739b7a32-513d-4eb1-b784-8dcb12514418,OSR062,N003,"Chicken, poultry, breast, skinless",500,g
73a4f76a-dd26-476b-a336-a01110b4eaa0,ASC419,US-173471,Vanilla extract,0.5,tsp
73acaf3b-5942-4668-a466-08de00e30b6d,OSR147,UK-13-873,Chilli powder,0.5,tsp
73b229b3-929d-48bb-bf3b-51deb057d599,BFP220,J001,"Button mushroom, fresh (Agaricus sp.)",20,g
73b6ae6e-47f3-4ece-a9f4-5ab611da442b,ASC142,UK-17-640,"Ghee, butter",0.5,tsp
73bb99c8-bfef-4efc-88ad-bd4d897a7b13,BFP205,UK-13-806,"Bay leaf, dried",0.4,g
73c3d882-6c7f-446c-975b-f938a9a1d25b,ASC203,D075,"Tomato, ripe, hybrid (Solanum lycopersicum)",50,g
73c72f34-2d4a-4456-85af-74ace82022fe,BFP187,UK-12-184,"Yogurt, whole milk, plain",15,g
73cdc18d-c690-4087-aaf2-d2fb84833a60,BFP041,G019,Asafoetida (Ferula assa-foetida),0.25,tsp
73db0892-0a32-41e8-8fda-07afdb401e19,ASC379,F006,"Potato, brown skin, big (Solanum tuberosum)",75,g
73df21b7-8cb1-4613-a7b5-45e84f6e48df,ASC448,UK-17-367,Salt,0.25,tsp
73f8d977-8a53-4ea3-bef7-bd476bd01501,ASC185,G033,Turmeric powder (Curcuma domestica),0.125,tsp
740493a9-a652-448b-9811-42cc0ce9949b,OSR077,C020,Fenugreek leaves (Trigonella foenum graecum),1.5,tsp
74085385-b905-4f5b-8e8c-716dc4c9d9d2,BFP451,UK-12-184,"Yogurt, whole milk, plain",100,g
74086a69-ead7-4649-b131-e8ec85981cc8,BFP436,UK-17-367,Salt,0.25,tsp
7413b737-af1d-4c90-a678-b5280dd03ad0,ASC307,UK-12-332,"Cream, fresh, single",100,g
741f8db8-3e6a-4149-a6ae-cc1fbdd35f03,BFP155,F002,"Carrot, orange (Daucus carota)",20,g
742a63f5-e58a-4d26-8ccc-c906ca2056c5,OSR087,UK-17-063,"Sugar, white",1,tbsp
7431ae59-82f7-4322-a9eb-038fe76fe8cb,OSR045,UK-17-367,Salt,0.25,tsp
7440689c-ca74-4588-8c6e-2763272050c8,ASC118,UK-17-045,"Oil, sunflower",2,C
74468076-b528-4138-8d2e-7cc4800003a4,ASC464,I001,"Jaggery, cane (Saccharum officinarum)",50,g
744de69b-62b4-430e-bc1e-01c9d0e82cc7,ASC147,G010,Curry leaves (Murraya koenigii),1,sprig
74520f5d-b830-4848-9425-412f9b7cce14,BFP207,G019,Asafoetida (Ferula assa-foetida),0.125,tsp
746200d2-266a-43bc-a087-f55583896564,BFP040,UK-14-130,"Lemons, flesh only, raw, weighed with peel and pips",5,g
7464e892-d7b9-43ce-80c8-f3fd8dec73d7,BFP220,UK-17-045,"Oil, sunflower",20,g
74692dc9-824d-44c6-ac6e-cb69e8b9fb68,BFP561,UK-17-377,"Water, distilled",75,ml
747d6919-dc27-421f-bc04-86fb9887ceb5,OSR146,B003,"Black gram, dal (Phaseolus mungo)",2,tbsp
747e1e2e-2bdd-4f2d-bb04-ff310e466174,BFP450,UK-17-367,Salt,0.5,tsp
747e559c-c3a5-48b6-8426-e038a108cbf4,ASC425,UK-13-874,"Cinnamon, ground",0.5,tsp
747f3f7c-cc3c-428d-9ef3-38c4b379c8ff,ASC210,G031,"Pepper, black (Piper nigrum)",0.25,tsp
74832f5a-32a4-495a-b126-5ce3600d1902,ASC343,G033,Turmeric powder (Curcuma domestica),0.25,tsp
74854f87-5d6e-43e9-bf51-d67cf6787eac,ASC149,UK-13-829,Garam masala,0.125,tsp
7486946b-d8b2-4c78-b6f5-f22b394ba37a,ASC349,ANN-ING-0006,Kewra essence,0.5,tsp
74899ff8-8d8b-4540-89fe-a6779036581c,BFP115,UK-17-377,"Water, distilled",2.5,tbsp
748f5dd9-e108-4dbd-ad15-70327d100879,ASC472,C033,Spinach (Spinacia oleracea),50,g
7494a92e-ea34-493d-8e6d-c43f386439bf,BFP205,J001,"Button mushroom, fresh (Agaricus sp.)",60,g
749fd67d-52bd-4a74-8653-6f86be3b9e70,OSR114,G008,"Chillies, green - all varieties (Capsicum annum)",33,g
74b9b2f5-57d1-40c3-b6f1-94beaaa975ac,ASC447,H001,Almond (Prunus amygdalus),2.22,g
74ba397e-5939-4a20-b035-89e068d91a5f,BFP125,D075,"Tomato, ripe, hybrid (Solanum lycopersicum)",100,g
74d920f5-0f05-4bb6-8f03-1318a24f8ffb,ASC210,L002,"Milk, whole, Cow",200,ml
74e24dd4-06d1-4c8c-82ad-8bacfe37926e,OSR105,UK-11-021,"Flour, rice",120,g
74e57a30-9f0a-49bd-8577-2438b086206f,BFP166,G025,Cumin seeds (Cuminum cyminum),0.5,tsp
74eea816-85fc-4d99-b457-11ec5ca59257,BFP489,M001,"Egg, poultry, whole, raw",50,g
74f128fa-8d57-4a9e-95f3-040daa9ab622,BFP278,D042,"Corn, Baby (Zea mays)",20,g
74f14ff0-3afa-4efc-860f-5db60844142c,ASC161,G012,"Garlic, small clove (Allium sativum)",1.25,g
74f31359-8533-4038-8868-97a6b815a630,BFP159,UK-17-377,"Water, distilled",0.5,C
74f36176-f3c1-471e-b53d-c436191472c5,BFP214,L004,Khoa,30,g
7504450b-4b8c-46de-b6e5-3babbdb76c72,BFP072,G009,Coriander leaves (Coriandrum sativum),1,sprig
75073d10-674a-406f-9016-0efbbfa0aab5,BFP046,UK-14-130,"Lemons, flesh only, raw, weighed with peel and pips",8,g
750f1abf-5ddb-4e18-a090-f0226a50409c,BFP511,UK-17-355,Baking powder,0.17,tsp
75125dce-8c9e-4859-8585-ba5989f8319d,OSR068,UK-14-130,"Lemons, flesh only, raw, weighed with peel and pips",10,g
751a2183-8606-4876-9d1d-7da7dc38f48b,BFP393,ANN-ING-0036,REETHA,0.08,nos
751d1715-75af-4cc3-96fa-91610a4e1601,BFP442,UK-17-063,"Sugar, white",0.25,tsp
752729fc-8127-422c-8f6c-1b2c06f1cbb8,ASC007,UK-14-130,"Lemons, flesh only, raw, weighed with peel and pips",11.67,g
752b875c-6f4a-47c6-801b-68ac48750f33,ASC026,UK-17-362,Mustard powder,0.25,tsp
752d8109-4130-4e97-a345-41e0f8958d2e,ASC366,G014,"Ginger, fresh (Zingiber officinale)",3.17,g
7533ab89-43e8-4b32-a967-43fc8417fd38,BFP067,G023,Cloves (Syzygium aromaticum),0.25,tsp
7535db82-5945-4545-9b62-1c439efd426c,ASC330,UK-17-063,"Sugar, white",20,g
7543c65a-083e-4e4c-b2dd-98d35fc9affc,ASC191,G009,Coriander leaves (Coriandrum sativum),1,sprig
7554b04a-dd03-493b-8eaf-8c1ffc24a7a9,ASC114,UK-13-806,"Bay leaf, dried",0.4,g
75550ff5-c8bd-4958-aecd-4ee699903040,ASC310,E047,"Orange, pulp (Citrus aurantium)",42.5,g
75594f4b-8b39-4dc3-8ed5-fc64afeb56a8,BFP222,G033,Turmeric powder (Curcuma domestica),0.25,tsp
7569ac21-fa60-4e80-bbc2-410a3ebbdcc9,BFP482,UK-12-332,"Cream, fresh, single",100,g
756a0a43-af1a-400b-afc9-e11ee3c427eb,OSR060,G025,Cumin seeds (Cuminum cyminum),0.5,tsp
75905501-9489-4cd9-a7b6-9d85daa2fc99,ASC347,A018,"Wheat flour, refined (Triticum aestivum)",60,g
75965f5a-8173-4ffc-908f-c813fa6c5339,BFP082,G031,"Pepper, black (Piper nigrum)",0.25,tsp
759ee1bb-3d56-4df9-a4da-9b0a86ae0a31,ASC088,UK-12-527,"Cheese, processed, plain",10,g
75a424cc-5c0b-4a6f-aae6-d33a340316bb,ASC350,UK-17-063,"Sugar, white",100,g
75a7b894-b547-4aca-af59-a88633d27cc6,BFP532,UK-12-332,"Cream, fresh, single",120,g
75bb935d-e149-420f-8969-81f9f2c88e80,ASC232,G021,"Cardamom, black (Elettaria cardamomum)",0.25,tsp
75c1fca1-dea7-4917-95b6-6b5310760bc3,BFP566,UK-17-367,Salt,0.25,tsp
75cdbc7b-d08d-4194-95ab-1f8f87aa485f,BFP261,UK-13-873,Chilli powder,0.125,tsp
75da71ab-acbe-465e-973d-a0e5a2504a28,BFP467,UK-12-333,"Cream, fresh, whipping",30,g
75e2497d-1266-442e-80ac-9ff9100f6eaf,OSR026,UK-13-852,Saffron,0.0375,g
75e75be4-eaac-4b3c-b781-293f91e308f6,ASC439,UK-17-063,"Sugar, white",30,g
75e962cd-b294-4b25-863e-bc58f3cd81a0,ASC193,UK-17-367,Salt,0.5,tsp
75ebd644-4a89-4bd0-bd99-e70a98596888,ASC240,UK-17-045,"Oil, sunflower",1,tbsp
75ecb1a0-7c5a-41cc-9303-7ea2b42ce7c5,OSR091,UK-13-873,Chilli powder,0.5,tsp
75f073f4-fe0c-40a1-91ac-3ebc5992404f,ASC360,G009,Coriander leaves (Coriandrum sativum),1,sprig
75faf869-defe-40b2-8008-d4cd5f58c24d,OSR059,G026,Fenugreek seeds (Trigonella foenum graecum),0.5,tsp
760be7db-64b8-4fec-81bf-57c9d8716668,BFP153,A014,"Rice, parboiled, milled (Oryza sativa )",100,g
760c245a-1e6c-46e5-9714-ec5d3d34c1b0,ASC174,UK-13-873,Chilli powder,0.25,tsp
7612f674-fab2-4c67-9ad1-852c4ea6b87a,ASC090,G017,"Onion, big (Allium cepa)",20,g
761368a5-ee5a-46d1-91c5-59d0024eb9af,BFP047,UK-17-045,"Oil, sunflower",10,g
761465f3-236e-49f3-b57d-24727ce6e857,BFP523,UK-17-661,"Butter, unsalted",10,g
7614c746-18c6-4ee4-a108-d0d833eb3eac,OSR125,UK-17-050,Honey,1,tbsp
761eec4b-2bb4-44d3-afc1-e3a28dedcb42,BFP210,G031,"Pepper, black (Piper nigrum)",0.125,tsp
76231023-ff1f-4c63-a518-0aa75ae2ad4f,BFP204,G024,Coriander seeds (Coriandrum sativum),0.33,tsp
7624641b-9e99-4b73-bf70-5077001a777b,ASC156,UK-13-873,Chilli powder,0.25,tsp
7626685f-2dd7-4fab-97a7-6c16c8390ce9,ASC363,UK-17-367,Salt,0.5,tsp
76278140-c3a8-4a81-9662-e1f549d591a5,ASC032,UK-12-527,"Cheese, processed, plain",30,g
762f85c6-c965-4ddb-b5ee-0fb1ad3c3efd,BFP114,A018,"Wheat flour, refined (Triticum aestivum)",40,g
7632bfc6-a5f5-4cab-96cd-0952dcd2663d,BFP141,UK-12-184,"Yogurt, whole milk, plain",2,tbsp
7632e934-b5d0-446c-98da-f18c7d1490ab,BFP450,G022,"Chillies, red (Capsicum annum)",8.33,g
763b72e2-3689-465a-bc14-e0a130468116,BFP210,G008,"Chillies, green - all varieties (Capsicum annum)",1.67,g
763da58e-5e52-4dee-8140-c8ea227cd5f3,BFP272,D050,"French beans, hybrid (Phaseolus vulgaris)",120,g
764bc8f8-8e21-458a-84ac-c389fcff9643,ASC218,G009,Coriander leaves (Coriandrum sativum),1,sprig
7670fb52-5e02-443a-bfb6-2d0fe237b921,OSR142,D075,"Tomato, ripe, hybrid (Solanum lycopersicum)",180,g
76788001-c836-460c-8e01-0c3b6db65438,BFP166,G014,"Ginger, fresh (Zingiber officinale)",5,g
7682dd61-f8aa-49e5-9282-f1b734cc21d1,ASC513,UK-13-873,Chilli powder,10,g
7682fe13-b8a7-4c9f-b103-38be62fb021f,OSR074,UK-12-539,"Cheese, cottage, plain",250,g
769b9551-b67d-479f-af4e-d6f34d5891b4,ASC268,UK-17-367,Salt,0.25,tsp
76a126bb-824c-45c0-aab6-f5db156c7b8b,OSR035,UK-17-661,"Butter, unsalted",227,g
76a21612-bcd7-4bee-a370-3f50e2597ff0,BFP040,G008,"Chillies, green - all varieties (Capsicum annum)",1.67,g
76a52260-aa21-4a47-bc29-0264e5006a58,BFP280,G031,"Pepper, black (Piper nigrum)",1.125,g
76a8fc24-c5ab-46ad-a443-be4434c0c551,BFP380,UK-17-355,Baking powder,0.3,tsp
76ae72b7-7a90-4b8b-b0f1-a3525de4a903,OSR042,M001,"Egg, poultry, whole, raw",150,g
76b22329-5f03-4803-8205-a2e70b8a58f0,ASC341,UK-17-640,"Ghee, butter",20,g
76c309e2-dd26-48a7-8a7b-0a42d9000328,ASC331,UK-17-377,"Water, distilled",125,ml
76cbb24b-381b-4013-b0e0-8fb4f98b8b51,BFP506,UK-17-356,Bicarbonate of soda,0.25,tsp
76cedfd6-1082-465f-bb92-4f3b547dd533,BFP529,A018,"Wheat flour, refined (Triticum aestivum)",90,g
76e0f338-1840-4556-85c3-168697abac79,ASC198,G017,"Onion, big (Allium cepa)",50,g
76e76b54-6749-4d3f-9465-86e40df7f15f,ASC058,G031,"Pepper, black (Piper nigrum)",0.25,tsp
76ef713a-01c2-4a85-80a6-4bd41fdb4083,OSR023,E055,"Pomegranate, maroon seeds (Punica granatum)",87,g
76f0ddb0-dc68-40d9-b5d6-7101fbd519d2,BFP205,D061,"Peas, fresh (Pisum sativum)",50,g
76f77916-be4a-499c-ae07-6eff53634b31,ASC242,G020,"Cardamom, green (Elettaria cardamomum)",0.25,tsp
76fbef53-165e-4069-b9c1-3adbe9709d74,BFP117,A019,"Wheat flour, atta (Triticum aestivum)",40,g
7702fd83-df46-4b88-9b15-2fdb2dc91223,ASC295,L004,Khoa,40,g
77042fe6-96e9-4a5c-bb5e-7f0d369a025c,ASC417,UK-17-661,"Butter, unsalted",35,g
7704fa15-08a0-4c46-b8d2-be423e4721d7,ASC514,UK-17-367,Salt,0.25,tsp
77075b82-2cf6-4f3d-88a9-dbb03f279fee,BFP222,N003,"Chicken, poultry, breast, skinless",120,g
770b8172-0041-4626-bdaa-26f8e9c59d21,BFP575,UK-13-873,Chilli powder,0.25,tsp
770e3184-e980-4ee1-99d0-83853796392b,BFP263,UK-17-367,Salt,0.17,tsp
77110b81-4368-4b76-98a9-6f0c88ce8e3f,ASC139,UK-13-352,"Spring onions, bulbs and tops, raw",60,g
77138250-07ca-4b15-8c9f-18f9f1d216d0,BFP205,G033,Turmeric powder (Curcuma domestica),0.25,tsp
77399220-5f59-46b4-bbab-c2715f550859,ASC308,L002,"Milk, whole, Cow",250,ml
7744ed89-0eb5-4d16-b15e-7f23c93e2aca,ASC216,F006,"Potato, brown skin, big (Solanum tuberosum)",50,g
774bdad8-7276-4d92-947a-101da5126319,BFP201,UK-11-896,"Flour, gram",10,g
77500d0c-5e1b-4eff-904a-f7aa8d401e70,ASC086,J001,"Button mushroom, fresh (Agaricus sp.)",75,g
775a5684-09d7-40b2-a96b-a63658b968a3,ASC264,UK-17-654,"Mayonnaise, standard, retail",1.5,tsp
77680c75-da8b-4ff1-bd66-d6081803154a,BFP286,F006,"Potato, brown skin, big (Solanum tuberosum)",125,g
776b6b30-e56f-4cf3-ae16-886c79f67065,BFP263,G012,"Garlic, small clove (Allium sativum)",1.25,g
777d1353-d7b6-43d4-a0f3-1c53fbce56c7,OSR152,UK-17-045,"Oil, sunflower",2,C
779840a9-6cc8-4ae0-80d0-b847367cdf69,ASC148,D075,"Tomato, ripe, hybrid (Solanum lycopersicum)",50,g
77a5ec36-0d6a-4cb5-a990-6ec7c30b1467,OSR101,D061,"Peas, fresh (Pisum sativum)",36.25,g
77a60e6c-3c6d-475d-9cfa-9667afb77cdc,ASC238,UK-18-481,"Lamb, mince, raw",75,g
77ab2af4-50dc-4aac-ade9-acd0f1055c54,BFP024,G025,Cumin seeds (Cuminum cyminum),10,g
77ac1b5f-8914-45b8-b860-9a2272f5b693,ASC023,UK-17-367,Salt,0.25,tsp
77ae0eba-3643-4b9b-a4b0-3585e31c3afb,OSR132,UK-17-038,"Oil, olive",2,tbsp
77b40c58-8ee3-4b89-bed6-d341ee3434c9,BFP292,UK-17-661,"Butter, unsalted",10,g
77cb518f-64d2-434d-b700-7c76475e6e05,ASC155,G014,"Ginger, fresh (Zingiber officinale)",6.33,g
77cd2e42-9811-4d14-8774-3e2a7cf85bb8,ASC067,H007,"Coconut, kernel, fresh (Cocos nucifera)",30,g
77d07a3e-f45c-4b02-916c-a2d55d050b52,BFP039,G009,Coriander leaves (Coriandrum sativum),1,sprig
77d5c7da-ed75-461a-99ec-ec49dff94228,OSR124,A010,Ragi (Eleusine coracana),150,g
77e1c31f-8035-4c34-bee4-0d25fbb52282,ASC065,UK-13-873,Chilli powder,0.25,tsp
77fb5a94-1404-45c4-9027-e8750970f6da,OSR136,D061,"Peas, fresh (Pisum sativum)",36.25,g
77feb02c-066d-43da-81ec-90c4325506e3,BFP231,E033,"Lemon, juice (Citrus limon)",0.5,tsp
77ff043a-337c-44de-bea0-ee4d4f0be0e2,BFP280,D075,"Tomato, ripe, hybrid (Solanum lycopersicum)",30,g
78044165-ae97-4efd-bfd4-570459cc221c,BFP027,UK-17-377,"Water, distilled",360,ml
7807e507-0032-4cf9-a96f-876ef5a53a6b,ASC014,UK-17-063,"Sugar, white",2,tsp
78094fa3-756c-4787-a288-cc138d247f0b,BFP170,G017,"Onion, big (Allium cepa)",20,g
78105648-278f-4166-b4e0-a18c62646731,ASC351,UK-17-367,Salt,0.25,tsp
78218160-07f4-47e9-af9b-56cf493f7cd4,OSR007,UK-17-050,Honey,1,tbsp
782656f1-17cb-429c-afdf-e7037fe66446,BFP194,UK-17-045,"Oil, sunflower",10,ml
782d9c53-efba-4893-a803-048700173bd5,ASC072,UK-17-661,"Butter, unsalted",2,tbsp
7830e241-a823-466c-8847-82b0e36541d6,ASC323,M001,"Egg, poultry, whole, raw",50,g
7831568e-87dd-473b-a6d8-ae5f36703989,BFP318,D066,"Pumpkin, orange, round (Cucurbita maxima)",50,g
78335848-7652-4bba-83c1-84ff833354d2,ASC094,UK-17-367,Salt,0.25,tsp
78337d51-bd63-4b08-a10f-223fb2ccff01,ASC120,G017,"Onion, big (Allium cepa)",50,g
7843f001-819b-4325-8b38-52cdf65514a2,ASC337,UK-17-063,"Sugar, white",50,g
784eda8a-9653-44d2-ab74-325dc19f683f,ASC031,UK-17-362,Mustard powder,0.25,tsp
785e8f20-9bed-4479-b799-687a7d7e278d,BFP024,UK-17-367,Salt,2,tsp
785fe42c-7de2-4ad9-9108-3325fc56a1e6,ASC359,UK-13-829,Garam masala,0.125,tsp
7860b327-4cc0-4d94-b090-60a47abee753,ASC246,UK-12-184,"Yogurt, whole milk, plain",2,tsp
7862544a-742e-41d1-8160-15dbcb86ec3e,BFP456,UK-11-1145,"Bread, white, average",60,g
786275ae-cdf8-480f-97fc-ac35f62facce,OSR075,UK-17-377,"Water, distilled",1,C
78689801-9c49-4c5f-aa6a-6be3f62df4c5,ASC291,UK-17-377,"Water, distilled",0.5,C
787266ad-ef70-4bec-afbc-2546b8a968c5,ASC470,B010,"Green gram, dal (Vigna radiata)",20,g
787407d5-1cbf-47d5-9048-551e2ad4db22,ASC381,UK-17-367,Salt,0.5,tsp
7874cccb-e18e-45c8-aaf7-740c09650383,BFP379,UK-17-661,"Butter, unsalted",15,g
787ce407-d9bd-41e7-9566-27eda7f1224a,BFP231,UK-11-1145,"Bread, white, average",20,g
787f0e7e-f496-4001-b86b-c88bf20b0d08,ASC405,UK-12-545,Cocoa powder,1.5,tbsp
788068e7-7bf3-4568-a54f-e17eafc7f1ba,BFP204,UK-13-873,Chilli powder,0.125,tsp
78837f56-8296-49ea-83bc-85e515151d59,ASC263,UK-17-654,"Mayonnaise, standard, retail",1,tbsp
7897377e-cc19-465b-b9a7-e58ae89d2f66,BFP040,G019,Asafoetida (Ferula assa-foetida),0.25,tsp
78a05bc0-595c-4c35-b783-362f94c2542c,ASC200,D075,"Tomato, ripe, hybrid (Solanum lycopersicum)",50,g
78a5bf6b-8061-45f0-acf9-29c96bb06182,BFP358,UK-11-1045,"Flour, corn",1,tsp
78b229f7-cd00-4b54-8437-13dee7f42c97,OSR124,L002,"Milk, whole, Cow",1,C
78b55f9e-7514-4735-af50-6d8034b0025e,BFP082,F006,"Potato, brown skin, big (Solanum tuberosum)",100,g
78b6ce2b-d661-4ae8-aa33-9a5b27f889a2,ASC059,UK-17-661,"Butter, unsalted",1,tsp
78b6e5e5-7fd9-4e6f-a29f-05ff65ab2088,OSR008,UK-14-130,"Lemons, flesh only, raw, weighed with peel and pips",15,g
78c6abf2-2c71-47e5-9945-2adc48613c00,ASC180,G022,"Chillies, red (Capsicum annum)",3.33,g
78c75987-5326-4a43-9195-cc8d11f33f60,BFP142,H005,Cashew nut (Anacardium occidentale),10,g
78d39246-de52-4452-815c-58874f939f40,ASC399,A018,"Wheat flour, refined (Triticum aestivum)",60,g
78db027e-2cc0-4f58-ac1a-ce211ee804bb,ASC065,D075,"Tomato, ripe, hybrid (Solanum lycopersicum)",50,g
78ed8897-4b32-4ff7-a92f-d8c006f6c2bd,ASC403,M001,"Egg, poultry, whole, raw",6.25,g
78f37081-4c30-4e61-bf48-762749198350,ASC341,A022,"Wheat, semolina (Triticum aestivum)",50,g
7901c057-46ce-4890-9cb1-8ecb51a7e480,BFP205,UK-17-045,"Oil, sunflower",10,g
790fec4d-9796-4606-a3e5-22aa5a8dc05c,ASC237,G031,"Pepper, black (Piper nigrum)",0.25,tsp
7912a564-8211-492e-a629-129dc4123f6b,BFP366,UK-17-360,Gelatine,5,g
7923d7cf-da25-416b-942d-7f1ce01b01bf,BFP577,UK-17-045,"Oil, sunflower",10,g
7927ff1a-b6c5-4e88-96ff-610ee86f2c1c,BFP606,UK-17-367,Salt,0.17,tsp
7938f0e6-d0d2-4b99-811f-da988ec9ff37,ASC418,G023,Cloves (Syzygium aromaticum),0.25,tsp
7940739a-0251-41d3-bf5a-a3e8c123dbdb,ASC288,H001,Almond (Prunus amygdalus),1.11,g
794d7d87-b3f0-4381-9d9a-0b3e56ae1e78,BFP223,G009,Coriander leaves (Coriandrum sativum),1,sprig
79555839-29d6-428a-824d-23bde12c9441,ASC091,G031,"Pepper, black (Piper nigrum)",0.25,tsp
79632739-b579-4b8e-a14a-ffb6d9f3ff04,BFP424,UK-11-1145,"Bread, white, average",15,g
7974c35d-77b6-40d2-bd6e-d16dba427929,BFP478,UK-17-491,"Chocolate, plain",10,g
79753430-e9b2-481c-9c06-4d16b74c2988,ASC450,I001,"Jaggery, cane (Saccharum officinarum)",15,g
797d8780-1b7c-49c6-9066-e17b320aebf0,ASC312,UK-12-332,"Cream, fresh, single",20,g
798677f6-e25f-4fe4-9d71-c153c604b869,ASC027,G031,"Pepper, black (Piper nigrum)",0.25,tsp
799e3d54-0da5-4445-a6e5-b53dbce9ec29,BFP305,E033,"Lemon, juice (Citrus limon)",0.5,tsp
79a4b410-0d85-461b-a5de-9cfbd9e03f52,BFP133,UK-13-806,"Bay leaf, dried",0.4,g
79ab3ada-58db-46f7-8499-da617461371b,BFP479,UK-17-377,"Water, distilled",0.25,C
79b09243-b3cf-4e99-a186-91829ba0776e,BFP052,UK-17-367,Salt,0.25,tsp
79b4d4ab-b579-4776-98df-2b29710cf033,ASC122,G023,Cloves (Syzygium aromaticum),0.5,tsp
79ca3399-2845-4bac-9cfc-28490a03795d,ASC147,UK-17-045,"Oil, sunflower",2,tsp
79cac2d0-33ba-4872-b052-16ecfdd9292c,BFP214,UK-12-332,"Cream, fresh, single",20,ml
79d5c34c-9ac1-4e73-bd7f-a87ffd24816e,BFP390,US-170885,"Whey, acid, fluid",0.25,C
79ea6cf8-e910-4b6e-ab88-046792822cfc,OSR136,G031,"Pepper, black (Piper nigrum)",0.5,tsp
79ed6565-256f-4909-a20d-bae7ad5c1b03,OSR020,UK-17-377,"Water, distilled",500,ml
79f567ee-d760-4220-9c17-1c81ac98b0c1,BFP518,UK-17-661,"Butter, unsalted",15,g
79f79c6f-889f-488a-86a6-cab1d4afc8af,ASC203,UK-17-367,Salt,0.5,tsp
7a04991d-0364-4a98-a8a3-76654cd866b0,ASC211,G031,"Pepper, black (Piper nigrum)",0.25,tsp
7a0a6590-99dd-46f6-9ca8-0d2b5362088c,ASC346,US-851134,"MIXED NUTS CASHEWS, ALMONDS, HAZELNUTS, PISTACHIOS, PECANS, MIXED NUTS",5,g
7a17fa0c-e62f-43e6-94b6-f357eddd9ec6,ASC070,G017,"Onion, big (Allium cepa)",50,g
7a1db70f-26e1-4500-8eff-817119162f8a,BFP201,G008,"Chillies, green - all varieties (Capsicum annum)",1.67,g
7a27cc35-3e58-4c97-93e3-7cc56129306b,BFP556,UK-17-045,"Oil, sunflower",5,g
7a2c6d23-bf6d-4558-922e-af12bcd3ced8,BFP425,G009,Coriander leaves (Coriandrum sativum),1,sprig
7a34b25d-336d-4c7b-a3b7-f2116e757bff,ASC394,UK-17-367,Salt,0.125,tsp
7a35529a-cf80-4e5a-8b60-17791f4848d8,OSR144,G009,Coriander leaves (Coriandrum sativum),2,tbsp
7a45cdb0-22dc-48a0-a076-95a21d2c88ff,BFP204,G017,"Onion, big (Allium cepa)",40,g
7a47fa4c-61af-4cb7-b8a8-d45ed50b70ec,BFP142,G024,Coriander seeds (Coriandrum sativum),0.25,tsp
7a4d2aeb-3c9c-4aa9-8b1c-ee4b25aedc4c,ASC364,UK-17-367,Salt,0.5,tsp
7a505577-e181-4ca6-bce5-e8a7b04e8972,BFP204,UK-17-367,Salt,0.17,tsp
7a5167b4-e4bb-490a-84e0-40b1727b793e,BFP280,B021,"Red gram, dal (Cajanus cajan)",15,g
7a53739e-a4cd-4ec6-bac6-1d84c155b9ee,BFP221,G017,"Onion, big (Allium cepa)",10,g
7a56f593-4378-419e-bb6d-9ff98c48be31,BFP372,UK-12-333,"Cream, fresh, whipping",60,g
7a61bd84-e068-4208-91fd-4b21c1259e60,BFP522,UK-17-063,"Sugar, white",5,g
7a61cf78-f895-4fcd-bf54-5a6c202111f6,BFP231,D075,"Tomato, ripe, hybrid (Solanum lycopersicum)",40,g
7a672ad7-54d3-47db-a9f1-da80196cd58d,BFP457,UK-17-367,Salt,0.125,tsp
7a71b48c-be05-4b4d-a18c-be34e55925d0,ASC181,UK-17-367,Salt,0.5,tsp
7a7cd645-1cc5-4865-b9b2-d7049aaca4b0,ASC070,G031,"Pepper, black (Piper nigrum)",0.5,tsp
7a834ab1-e749-465d-93d4-6d88c585668a,BFP583,ANN-ING-0048,CITRIC ACID,2,g
7a8de3ba-feb0-4710-9633-6fa610161430,BFP159,G023,Cloves (Syzygium aromaticum),0.25,tsp
7aa195bd-21c7-4933-a889-34b32f880326,ASC259,UK-12-184,"Yogurt, whole milk, plain",30,g
7aa4548b-94b1-430b-86d5-a70036ed985e,ASC194,G009,Coriander leaves (Coriandrum sativum),1,sprig
7aa7774a-518d-4d09-a461-6125b728c775,ASC174,F002,"Carrot, orange (Daucus carota)",100,g
7aabeda2-00f8-4c9c-a78c-09a3dba45a7d,BFP263,UK-17-045,"Oil, sunflower",1,tbsp
7aacbcff-99d5-4c1c-bb83-19e92f919f2b,ASC460,US-400113,"SIVA'S, AMHUR POWDER (DRY MANGO POWDER)",0.25,tsp
7aaf2f61-6c63-49b2-aec5-b9d472a9ff67,ASC230,UK-13-874,"Cinnamon, ground",0.5,tsp
7ab34ff9-ae9c-42e4-b23e-99b0e4f7e34d,ASC323,A014,"Rice, parboiled, milled (Oryza sativa )",20,g
7ab7756a-f063-4f1b-8ca4-a671cdf7c8dc,BFP358,US-490013,STRAWBERRY JAM,40,g
7abc08b0-22f5-49a8-909a-964f2beda09b,BFP122,UK-12-360,"Cheese, Mozzarella, fresh",50,g
7abfa124-d2de-4896-b90c-189a77e9c6b7,BFP142,UK-17-640,"Ghee, butter",1,tsp
7ac1bc22-fd08-4714-bcba-04ed8c0662d2,BFP428,UK-13-829,Garam masala,0.17,tsp
7ac3bf1f-f089-4a8b-acd1-1d2c17829175,OSR128,UK-17-038,"Oil, olive",2,tbsp
7acaca94-5da3-4005-9e7a-49988c546a35,OSR007,E001,"Apple, big (Malus domestica)",80,g
7acf5e33-d3d5-4ea1-a5ba-9b7a0b333348,ASC056,M001,"Egg, poultry, whole, raw",50,g
7ad27ca9-f979-4046-9b30-fafb201afce8,BFP226,M001,"Egg, poultry, whole, raw",25,g
7ad67c94-7f39-4b2e-9378-b2508f6f6374,BFP468,US-576790,HOT DOG BUNS,100,g
7aece616-3cc0-4b6d-88f1-72cb613d04c9,OSR058,UK-13-827,Fennel seeds,1,tbsp
7aee105c-8949-4118-8439-1c5d0251139f,BFP246,G012,"Garlic, small clove (Allium sativum)",1.25,g
7aefbd78-213d-436a-ae1c-936846d4b0ca,BFP509,UK-17-062,"Sugar, icing",20,g
7afd9a4a-04fe-4b08-96b5-8668323963e5,BFP208,D075,"Tomato, ripe, hybrid (Solanum lycopersicum)",50,g
7b08f519-304d-4dca-b2bc-56077e519913,BFP239,UK-17-367,Salt,0.17,tsp
7b093ab7-e854-4a2f-9af2-d7726b6eabe3,ASC353,D036,Cauliflower (Brassica oleracea var. botrytis),80,g
7b098397-9822-48f2-a7d2-8868061157ba,OSR112,G024,Coriander seeds (Coriandrum sativum),0.5,tbsp
7b0f5266-19ef-436d-99da-cd56c3715829,ASC274,UK-17-367,Salt,0.25,tsp
7b13212e-d175-48d0-8c74-440b80453dc3,BFP264,F004,Colocasia (Colocasia esculenta),100,g
7b14ecfb-ba24-42f0-b622-cef0c05e4614,ASC273,G025,Cumin seeds (Cuminum cyminum),0.125,tsp
7b1651b2-5156-4734-9add-a0533deb5858,OSR058,G023,Cloves (Syzygium aromaticum),0.75,tsp
7b185c8b-7794-4bdb-88aa-dfccc0fdf428,ASC120,G025,Cumin seeds (Cuminum cyminum),0.5,tsp
7b2150df-e173-4c98-bd2c-55eb112551d6,OSR064,UK-17-640,"Ghee, butter",3,tbsp
7b2167c6-f038-4e60-b01a-ba7d0f5eccc1,OSR122,UK-17-367,Salt,0.25,tsp
7b22d89e-8726-4603-b592-0117e5f92040,OSR026,A022,"Wheat, semolina (Triticum aestivum)",2,tbsp
7b241988-ff85-4af1-84e4-829454fa8b57,ASC513,UK-17-367,Salt,20,g
7b2acaf6-a8e1-4c47-be68-957621d65fb9,OSR106,UK-17-377,"Water, distilled",240,ml
7b2ee416-1ced-447f-9d1e-699deed6a2b2,OSR032,A018,"Wheat flour, refined (Triticum aestivum)",220,g
7b33c476-1a70-40c9-a1f9-637ce52ce246,OSR147,UK-17-377,"Water, distilled",2,tbsp
7b35c574-f9cd-4683-b1c5-242abcc4bb54,BFP529,H001,Almond (Prunus amygdalus),4.4,g
7b3a428e-553e-4b79-950d-ce0f1f8a499a,BFP555,A022,"Wheat, semolina (Triticum aestivum)",20,g
7b43f9e9-681c-417f-b871-7e6aff6dfda1,BFP058,UK-19-496,Ham,10,g
7b447714-2b3a-4f90-ab11-2ff2565f8e01,BFP598,G022,"Chillies, red (Capsicum annum)",16.65,g
7b4a1b6d-7737-48fd-81df-d0b8bc33f22f,ASC426,A018,"Wheat flour, refined (Triticum aestivum)",110,g
7b561e42-789c-41aa-b8c8-808e3b5acc83,BFP318,G025,Cumin seeds (Cuminum cyminum),0.25,tsp
7b607643-0e3c-4947-bf10-632966288b80,ASC137,UK-17-661,"Butter, unsalted",2,tsp
7b60dd69-2ac2-43b0-9b10-3b7fb3db9ffa,BFP368,ANN-ING-0031,YELLOW COLOUR,0.25,tsp
7b64a000-8a3c-4214-b9c1-77ef7a912a43,ASC330,E001,"Apple, big (Malus domestica)",100,g
7b7078a0-4cdb-4032-9d17-206a21a5729b,ASC182,G022,"Chillies, red (Capsicum annum)",3.33,g
7b7caf54-1c84-474b-a482-0f5afa8499ec,BFP138,G017,"Onion, big (Allium cepa)",50,g
7b86c48f-c5ef-46bf-9641-f5835946d372,ASC104,UK-17-367,Salt,0.25,tsp
7b88dc3c-ceb3-45a3-af84-7c26c582cf38,BFP365,UK-12-545,Cocoa powder,1,tbsp
7b8f8edf-8150-462b-b13d-f15389c9a22d,BFP040,H013,Mustard seeds (Brassica nigra),0.25,tsp
7b9075c9-70a4-4b1c-86e3-e108c5b334fb,ASC252,US-806341,AJWAIN SEED WHOLE ORGANIC SPICES,1,tsp
7b97d372-ef9f-45a6-be6a-71236cdf126f,BFP197,UK-18-481,"Lamb, mince, raw",120,g
7baf1844-495a-4293-95ce-67a31f498e57,OSR125,UK-17-377,"Water, distilled",0.25,C
7bb035dd-bf4a-4f0b-9bdf-1ad7ffdd203a,BFP428,M001,"Egg, poultry, whole, raw",50,g
7bb52e72-a0e9-4693-868b-6b336aee9282,BFP544,D075,"Tomato, ripe, hybrid (Solanum lycopersicum)",15,g
7bb8d0fc-2233-4463-9160-630d9f90d5e7,OSR068,P057,"Pomfret, white (Pampus argenteus)",680,g
7bbe1f88-0db6-4a8c-b760-198f19a8a655,BFP044,H013,Mustard seeds (Brassica nigra),2,g
7bc2550d-a422-4416-82b0-ecd0e01f4e6f,BFP450,H007,"Coconut, kernel, fresh (Cocos nucifera)",30,g
7bc5816f-fb85-456b-8409-22717578a617,BFP003,UK-13-827,Fennel seeds,75,g
7bd7f23c-260d-41f6-999e-442d58136c71,ASC079,UK-13-874,"Cinnamon, ground",0.5,tsp
7bdccd5d-1084-4c75-bb35-52f95f491a40,OSR144,G024,Coriander seeds (Coriandrum sativum),1,tsp
7be9e2be-115c-4d8c-abe1-9bced8c4eb02,ASC102,G017,"Onion, big (Allium cepa)",25,g
7bec18f8-14fc-4475-9f34-a9a8a9da4eae,BFP386,UK-12-324,"Milk, evaporated, light",30,g
7c0acdd9-e4d9-4660-a4c1-5b89d0c06fae,BFP203,UK-11-1045,"Flour, corn",1,tbsp
7c1214e5-d814-49dc-917e-c20fd9931f01,BFP241,G012,"Garlic, small clove (Allium sativum)",1.25,g
7c1e727f-afb1-4b0d-9add-8a04e05e8db1,ASC134,F002,"Carrot, orange (Daucus carota)",50,g
7c26bcbe-e338-4c0e-87fb-4546b8ab71e4,BFP024,G016,Mint leaves (Mentha spicata ),1,sprig
7c37f061-e839-40e1-a3ed-487622437161,BFP495,A018,"Wheat flour, refined (Triticum aestivum)",40,g
7c3caad7-24e6-4f46-89ab-e56f096571d6,OSR015,UK-17-063,"Sugar, white",4,tbsp
7c3deaed-618b-4dcb-8727-b7bbe4ce2072,BFP424,L003,Paneer,70,g
7c5453c8-7e5a-427e-a5bd-13f89021d202,ASC209,D075,"Tomato, ripe, hybrid (Solanum lycopersicum)",75,g
7c54d2b5-687b-429a-b07a-ea65529412ab,OSR108,UK-13-832,"Ginger, ground",0.1,tsp
7c5bb0c5-6b41-4b8d-b766-394c7f4d9f57,BFP080,UK-17-661,"Butter, unsalted",12,g
7c68ef0c-cfdb-4070-af11-0eb9c4c7a375,ASC258,G017,"Onion, big (Allium cepa)",20,g
7c71261e-dfbb-4c65-9a45-73982a1439f8,OSR136,G009,Coriander leaves (Coriandrum sativum),1,tbsp
7c751344-cf81-485e-8a9f-1e4f6422c792,BFP450,G019,Asafoetida (Ferula assa-foetida),0.25,tsp
7c7c714c-c115-47d9-9d7e-db9f78960ea2,BFP206,G008,"Chillies, green - all varieties (Capsicum annum)",1.67,g
7c8484f2-2fa8-4439-8c0b-a5f3e7b61827,ASC090,UK-17-045,"Oil, sunflower",480,ml
7c8acb95-f89a-4c66-a4a6-e6d07d1af55c,BFP172,UK-17-377,"Water, distilled",1.25,C
7c8e5737-c8c4-43dc-a3d1-4414b03aa231,ASC095,G017,"Onion, big (Allium cepa)",15,g
7c90471a-a7fe-47ba-8405-a37d80c3eb8a,ASC352,UK-17-377,"Water, distilled",4,tbsp
7c94b1df-737c-42f9-bf9d-d3efefb24712,ASC057,UK-17-367,Salt,0.25,tsp
7c986be6-6784-4d8c-bf47-c24a0a97b40c,BFP365,UK-17-360,Gelatine,1,tsp
7ca4a82c-5657-44ad-a1e5-5ba95cfb908c,ASC218,G017,"Onion, big (Allium cepa)",50,g
7ca6e3e6-4b3a-4096-8d14-a6229240d7b0,ASC194,D061,"Peas, fresh (Pisum sativum)",150,g
7ca75286-efa4-45fd-aad8-2d36b0765c89,ASC364,A018,"Wheat flour, refined (Triticum aestivum)",100,g
7ca9a548-d8a5-4caa-897f-d88338d8318d,BFP142,G012,"Garlic, small clove (Allium sativum)",0.63,g
7cab132b-f8c5-4614-9895-87a8c7f92615,OSR094,UK-11-1145,"Bread, white, average",2,tbsp
7cac2bca-2f47-499e-9ef0-dff12cc68854,ASC024,UK-11-1145,"Bread, white, average",60,g
7cbac777-0165-4d8c-88d4-47032bedfce8,ASC325,UK-11-1045,"Flour, corn",0.5,tsp
7cc45d40-181b-4a24-ac42-fb6ff9628f5e,ASC157,G033,Turmeric powder (Curcuma domestica),0.25,tsp
7cc5beaa-c32a-4064-a4c6-7d63c68f5147,ASC213,UK-13-873,Chilli powder,0.25,tsp
7ccaef75-e65b-4de0-aa87-6bbd38b2f035,OSR146,UK-12-184,"Yogurt, whole milk, plain",122.5,g
7cd0ea09-e079-4df1-b074-b4b81c4759f6,BFP279,G022,"Chillies, red (Capsicum annum)",10,g
7cd4947f-b304-424f-83ee-d86108275e72,BFP294,UK-12-527,"Cheese, processed, plain",5,g
7cd5c8b0-bd19-42f9-bcc1-1c9be95922f6,BFP461,G031,"Pepper, black (Piper nigrum)",0.25,tsp
7ce3bd47-5c83-411a-b5ca-1d104c4d069b,ASC182,G010,Curry leaves (Murraya koenigii),1,sprig
7ce810bc-e6a4-4486-9ec0-8a7873eb9d1a,BFP420,UK-11-896,"Flour, gram",30,g
7ce90266-2704-4077-a367-cb6c810a3141,BFP294,G031,"Pepper, black (Piper nigrum)",0.125,tsp
7cf2e4a0-8a3f-4d0c-b5d3-be9c3afa8600,ASC246,UK-17-045,"Oil, sunflower",1,tbsp
7cf45b19-4e56-4c4c-aa00-21b4a353b9f8,ASC204,G012,"Garlic, small clove (Allium sativum)",1.25,g
7cf79131-89e0-4fc4-bafd-29614ec859e1,BFP072,L002,"Milk, whole, Cow",30,g
7d00b098-6de7-4f9d-b1a2-91009cf4ed33,ASC032,J001,"Button mushroom, fresh (Agaricus sp.)",20,g
7d019102-537c-4773-948d-41e4256105d7,OSR135,UK-13-832,"Ginger, ground",1.5,tbsp
7d1c57ba-6dfa-4376-a151-8ba36d177113,OSR076,UK-17-045,"Oil, sunflower",1,tsp
7d255bfa-639b-4d1e-977d-bb5fa08110c0,ASC383,G012,"Garlic, small clove (Allium sativum)",0.63,g
7d30973c-008f-4e9a-82f9-b2cbe9807283,ASC062,J001,"Button mushroom, fresh (Agaricus sp.)",25,g
7d382073-242a-4cae-a05a-24dab155aecf,BFP073,UK-17-727,"Stock cubes, vegetable",360,ml
7d3fc431-9ee8-4409-a30b-1b8c6fbf9402,BFP527,UK-12-333,"Cream, fresh, whipping",30,g
7d4486f8-5b05-4132-96d2-88620d7c0861,ASC395,UK-17-063,"Sugar, white",1,tbsp
7d46003b-ec6c-4b3a-8a0f-86be2356a6de,ASC274,C033,Spinach (Spinacia oleracea),50,g
7d593e12-97bc-4c7e-957f-1a87d080eb1d,BFP132,H013,Mustard seeds (Brassica nigra),0.25,tsp
7d5c7111-560b-49da-b882-b07794c506a4,ASC021,UK-17-377,"Water, distilled",0.5,C
7d6555b5-f66f-4297-b24d-0dac60d49e02,BFP291,L002,"Milk, whole, Cow",80,ml
7d6ce2d4-9840-463e-b560-fd33b5e26b12,OSR155,G012,"Garlic, small clove (Allium sativum)",3.4,g
7d71eb42-d3d3-4ec4-9d6c-24db50f7e2cd,OSR141,G022,"Chillies, red (Capsicum annum)",6.67,g
7d76de6c-cc1d-4fdd-b80f-7ffa151f64ea,ASC431,UK-12-332,"Cream, fresh, single",100,g
7d84d502-3a00-4c47-8990-bab65f70d974,OSR155,B015,"Lentil whole, yellowish (Lens culinaris)",43.75,g
7d91ec26-c224-40ba-a2eb-cc1978e2556c,BFP185,G033,Turmeric powder (Curcuma domestica),0.125,tsp
7d9b428c-a1dd-46ba-9e6a-e2bdbbcdb845,BFP397,ANN-ING-0006,KEWRA ESSENCE,0.25,tsp
7d9d2784-5abc-41d9-9354-9cd47cf77915,ASC221,G008,"Chillies, green - all varieties (Capsicum annum)",1.67,g
7d9da4c0-e7e5-429f-841b-d996e19a9ec1,BFP407,G020,"Cardamom, green (Elettaria cardamomum)",0.25,tsp
7da542bc-134f-463f-9170-08923392f8f6,ASC146,A014,"Rice, parboiled, milled (Oryza sativa )",60,g
7da9b130-94a6-4ced-b93c-b0c16844c71e,ASC472,UK-17-367,Salt,0.25,tsp
7dba17ca-2209-4fe5-bdd2-d66e0216a08b,OSR145,G022,"Chillies, red (Capsicum annum)",3.33,g
7dbe9458-ed1c-407d-8962-baf8a61aea4c,ASC225,H005,Cashew nut (Anacardium occidentale),10,g
7dc211ae-13ab-45a4-8b06-428595fd3415,BFP290,UK-17-661,"Butter, unsalted",2,tsp
7dcb599d-0aec-4f7c-a0f0-2e89e7e72899,BFP199,UK-17-367,Salt,0.17,tsp
7dcb960a-b1f0-4781-bb9d-89c9b2ca22ee,OSR069,UK-17-367,Salt,0.5,tsp
7dd11f5a-7c87-43bf-94f2-caa91fc45892,BFP291,UK-17-661,"Butter, unsalted",10,g
7dd3e919-84de-471f-89ed-3209bba3eb8b,ASC101,US-400113,"SIVA'S, AMHUR POWDER (DRY MANGO POWDER)",0.5,tsp
7dd7781f-ba83-4c24-acc5-31a2031fed29,BFP448,G019,Asafoetida (Ferula assa-foetida),0.25,tsp
7ddf07bd-bf49-463d-9561-fb7206cda2af,OSR063,G012,"Garlic, small clove (Allium sativum)",0.5,tbsp
7dfdcbbd-7b57-437d-aa31-8115fed9ab0c,BFP207,UK-17-367,Salt,0.17,tsp
7e206dc8-36db-4eb4-82dc-3b6be8a89c01,OSR114,G024,Coriander seeds (Coriandrum sativum),0.5,tsp
7e220416-f2ae-45ac-8184-0dcae105e937,BFP079,G031,"Pepper, black (Piper nigrum)",0.25,tsp
7e22503b-5d56-478d-9d31-e046c7e69cf6,BFP250,UK-17-045,"Oil, sunflower",10,g
7e25180f-44a9-45fb-8c70-672f736e4f1d,BFP046,G017,"Onion, big (Allium cepa)",25,g
7e26576f-5488-4bfd-9af7-d76005ba702e,BFP222,G009,Coriander leaves (Coriandrum sativum),1,sprig
7e26a612-518b-46c2-ac10-6384b7ccf3ac,ASC210,D036,Cauliflower (Brassica oleracea var. botrytis),50,g
7e26d1e1-88ba-47e2-8787-8a5864e3e54a,ASC136,D075,"Tomato, ripe, hybrid (Solanum lycopersicum)",30,g
7e2d1592-94be-49ba-9a7e-ca481c52ba08,ASC362,UK-18-481,"Lamb, mince, raw",150,g
7e3560c2-fde3-4a8f-83e9-bc03669c10ba,ASC141,G012,"Garlic, small clove (Allium sativum)",0.63,g
7e38b976-f723-42fd-96af-6df9a3a13b9a,OSR041,A018,"Wheat flour, refined (Triticum aestivum)",360,g
7e39b901-3ff9-43b4-93ca-713c700bcca1,ASC044,UK-11-1145,"Bread, white, average",60,g
7e3e2788-6641-4da1-b3e5-c4a292eaa5a6,ASC419,UK-17-062,"Sugar, icing",110,g
7e5479e2-db41-4f7e-ad7c-3dea505b1c1f,OSR063,UK-17-339,Vinegar,1.5,tbsp
7e58f751-57ca-489d-a52b-2caf6c9fba1d,OSR096,I001,"Jaggery, cane (Saccharum officinarum)",100,g
7e5d17c3-6ff6-40e7-8f27-b8d9f6798f82,ASC178,G025,Cumin seeds (Cuminum cyminum),0.125,tsp
7e62b47d-90a4-427d-94f8-0ecb9ffdfdab,OSR081,UK-17-045,"Oil, sunflower",0.5,C
7e674d09-6524-470f-bcf1-62858fd01a92,ASC162,G017,"Onion, big (Allium cepa)",25,g
7e67dd18-5264-4478-b0bb-bcec2260af93,BFP473,US-463153,CREAMED CORN,3,tbsp
7e6ce0f5-c1dc-439d-974f-da23b44e4f95,BFP043,UK-17-045,"Oil, sunflower",10,g
7e6e6773-ae0c-48f7-ae6e-a27170f59aea,ASC329,UK-17-050,Honey,1.5,tsp
7e74927f-b72d-46fa-ab23-94f20763b878,BFP226,A018,"Wheat flour, refined (Triticum aestivum)",10,g
7e7833eb-5031-4cc3-af1f-43b4225f5453,BFP230,G010,Curry leaves (Murraya koenigii),1,sprig
7e79357d-185b-4810-89f7-d843ad29f37b,ASC236,UK-17-367,Salt,0.25,tsp
7e7ecc43-bafa-4951-9ad4-beb1ec0816ef,OSR035,US-476436,ALMOND MILK,0.5,tsp
7e8870c0-0641-44a3-ae59-9b0f00c30df5,BFP534,UK-17-377,"Water, distilled",75,ml
7eaa0525-5254-452b-aabe-91a8b1a9e093,BFP407,UK-17-062,"Sugar, icing",20,g
7ead9a42-22df-4d16-b5e5-7d5efa8a7240,ASC357,UK-11-896,"Flour, gram",50,g
7eaeb260-4410-4122-bfc3-f97e06c8172f,BFP056,M001,"Egg, poultry, whole, raw",50,g
7eafb5f7-ad01-4b5e-a5e2-ea7506b4529d,BFP162,C028,Parsley (Petroselinum crispum),1,sprig
7eb2ed26-a803-4c3b-a8d3-36e54227448e,ASC086,UK-11-1045,"Flour, corn",1,tsp
7eb423ac-059d-4d04-88ae-01733a40ac17,BFP509,UK-17-661,"Butter, unsalted",15,g
7ebd05bf-0dd0-4362-9a77-9f4a711e2493,BFP150,UK-17-045,"Oil, sunflower",1,tsp
7ec6e327-fa1d-40ca-96d0-ecc955d9f2e6,ASC405,UK-17-377,"Water, distilled",3,tbsp
7ec7e3fa-f78a-4991-93bc-222f16dc5a62,BFP439,H007,"Coconut, kernel, fresh (Cocos nucifera)",1,tbsp
7ec80253-0d51-425c-b615-0db1e723245b,OSR130,UK-13-884,"Mixed herbs, dried",0.75,tsp
7ecfc9e3-a431-469c-8dff-fe0bbf51a6b3,BFP164,A018,"Wheat flour, refined (Triticum aestivum)",130,g
7ed20d44-28d2-4932-9c77-af4630a32824,OSR036,UK-17-355,Baking powder,0.5,tsp
7ed2560b-70c7-41e8-991c-7d216528326b,BFP534,M001,"Egg, poultry, whole, raw",50,g
7ee448b4-d648-4e85-9982-039b8e3b6d1b,ASC447,UK-17-062,"Sugar, icing",20,g
7eeb131d-a8d7-4b8f-9521-2c1f3ea00d8d,BFP179,B020,"Rajmah, red (Phaseolus vulgaris)",5,g
7eee6288-3caf-4fb6-847e-a6bebf59776d,BFP138,G023,Cloves (Syzygium aromaticum),0.25,tsp
7eeff749-dbd7-4ba3-a28f-195ef55e0f2c,BFP549,B001,"Bengal gram, dal (Cicer arietinum)",30,g
7ef1a49e-01bb-4829-9f28-e10c68e52bc4,BFP565,UK-13-827,Fennel seeds,0.5,tsp
7f03bfe5-c65b-462f-b1f9-637e5ba3b2df,BFP262,UK-18-481,"Lamb, mince, raw",60,g
7f09fbdd-1341-4de2-a2b8-bedf4cbbde43,OSR095,UK-12-332,"Cream, fresh, single",60,g
7f0b0b43-f8f6-4f1b-8ad0-151d790e8568,ASC233,G025,Cumin seeds (Cuminum cyminum),0.25,tsp
7f16c058-be6f-410d-9a26-01326f9b34ed,OSR093,G031,"Pepper, black (Piper nigrum)",1,tsp
7f17ab85-d01a-47dd-859f-bf17c845e200,BFP511,H001,Almond (Prunus amygdalus),3,g
7f1ff185-25dd-4728-a591-984cef9d13ac,BFP424,G008,"Chillies, green - all varieties (Capsicum annum)",3.33,g
7f2a4e51-d69c-4018-bb1f-a70ea1f97239,OSR011,L002,"Milk, whole, Cow",4,C
7f316672-8a5c-4c23-8707-c6abee888952,ASC228,G025,Cumin seeds (Cuminum cyminum),0.25,tsp
7f34a6e2-4445-4d4d-aa54-285696e1fd9c,BFP292,J001,"Button mushroom, fresh (Agaricus sp.)",50,g
7f3d15d6-730d-4413-9056-c97919a0e722,OSR078,G031,"Pepper, black (Piper nigrum)",0.5,tsp
7f5611fb-7910-4dc9-9985-66e27fd768eb,ASC457,F006,"Potato, brown skin, big (Solanum tuberosum)",50,g
7f5a8a4d-aa17-4d82-a4bf-5a93cd9581d5,ASC254,UK-17-654,"Mayonnaise, standard, retail",1.5,tbsp
7f62db0c-e91d-4c9f-8782-817633701752,BFP194,UK-17-367,Salt,0.17,tsp
7f79d712-3d6c-4778-a3a1-e26062d45358,ASC450,G023,Cloves (Syzygium aromaticum),0.125,tsp
7f7ff316-600b-4be6-b7f0-85567ca760af,BFP536,UK-17-062,"Sugar, icing",10,g
7f86340e-f5c8-43fc-9cf5-595018004f62,OSR088,US-1097906,"Sour cream, regular",100,g
7f8d7f27-545d-4857-be36-6d59f2d1639b,BFP234,UK-17-367,Salt,0.17,tsp
7f8f138f-be27-4b7b-80f0-38f19b685fa1,BFP389,A018,"Wheat flour, refined (Triticum aestivum)",0.5,tbsp
7f919498-91d9-4cea-b483-a2c0d3578bf2,OSR112,UK-17-367,Salt,2,tsp
7f9a30c1-5786-4994-912a-338281b1a383,OSR001,UK-17-063,"Sugar, white",100,g
7f9be920-8773-438d-b4fb-d6980b3e1e66,BFP197,G014,"Ginger, fresh (Zingiber officinale)",8,g
7f9ebe22-5b04-4472-866e-c4aed5d563ab,OSR076,UK-17-367,Salt,0.25,tsp
7fa0f8e9-f7a0-4258-b4c8-6a79cd057a0d,ASC233,UK-17-045,"Oil, sunflower",1,tsp
7fa9bf59-c94f-4c30-922a-e781a8066f0c,ASC199,UK-17-045,"Oil, sunflower",1,tbsp
7fb32538-4d81-44ea-99f9-033b820f21d3,BFP325,E014,"Cherries, red (Prunus cerasus)",7.5,g
7fb555be-bd81-436c-9ea8-8b7991d8e212,BFP076,G017,"Onion, big (Allium cepa)",20,g
7fc45aaa-2f33-45c8-b02f-0dcd940414fa,BFP190,UK-13-874,"Cinnamon, ground",0.25,tsp
7fc48b6a-d943-4e2d-87bb-f45b51b3e68d,BFP307,UK-17-060,"Sugar, brown",1,tsp
7fc86c4f-cf32-47a0-9655-afe0c76e631b,BFP269,UK-13-873,Chilli powder,0.125,tsp
7fcffd80-1bf2-4ab3-8881-468d310e5f13,ASC171,D036,Cauliflower (Brassica oleracea var. botrytis),100,g
7fd9fcf7-11d9-4807-b3d8-cfb5846cc399,OSR074,UK-17-640,"Ghee, butter",1.5,tbsp
7fe078ac-3a2f-45c8-ba89-7f15a0543413,ASC099,UK-17-377,"Water, distilled",4,tbsp
7fe2e1e8-58df-4e33-8de7-d115ef5a68ad,BFP505,A018,"Wheat flour, refined (Triticum aestivum)",30,g
7feb1422-8ea0-464b-8e85-a0d613120fb8,ASC146,F006,"Potato, brown skin, big (Solanum tuberosum)",100,g
7ff15f0f-a6b9-4e68-ac78-559fe74b2a74,ASC269,G025,Cumin seeds (Cuminum cyminum),0.125,tsp
7ff93644-4d68-4537-a37c-5b50f2bebb65,ASC059,UK-17-367,Salt,0.25,tsp
800d3838-e6ca-4046-b482-f805760933b4,BFP512,M003,"Egg, poultry, yolk, raw",2,g
801da195-605b-429f-b1d7-5875827c82a7,OSR053,US-172337,"Oil, mustard",2,tbsp
802e0bb9-47cd-477c-ac84-7f05fa680a3a,ASC094,G031,"Pepper, black (Piper nigrum)",0.25,tsp
8030b534-a443-4e7f-a116-80014c1f7d53,BFP531,UK-17-063,"Sugar, white",30,g
80313c73-1b17-4cce-b9e1-86e7188b4c90,ASC161,UK-13-873,Chilli powder,0.25,tsp
8033a0b8-58df-4ee9-958f-e98d0a750fac,ASC101,UK-17-367,Salt,0.13,tsp
8037775d-ef66-4756-a7f4-d3a8a753c9b5,ASC030,G016,Mint leaves (Mentha spicata ),0.25,sprig
8038d502-828d-4921-a016-c3e3bbd89615,BFP196,G014,"Ginger, fresh (Zingiber officinale)",8,g
804b5008-2eb8-47a4-8264-7860f03109db,BFP320,G008,"Chillies, green - all varieties (Capsicum annum)",1.67,g
804d607a-b9ae-428f-a171-8850372dd72a,ASC424,UK-12-545,Cocoa powder,3,tsp
805a2d8d-02b5-433e-a83b-d8a4bb071bbd,ASC231,UK-17-367,Salt,0.25,tsp
805e41da-c9ab-49d0-9b46-3f0481a516cc,OSR059,H007,"Coconut, kernel, fresh (Cocos nucifera)",40,g
806260ec-cb89-4c0d-8bf2-5a6461ae2314,BFP080,UK-13-502,"Broccoli, green, raw",80,g
80783db3-0052-4565-a2c6-86f2355eafef,ASC298,UK-17-063,"Sugar, white",35,g
80787ab7-a968-4b3d-9123-47777d8513b3,BFP065,O064,"MUTTON, muscle",80,g
8078e323-895e-464e-b10b-397287ec5dd1,BFP300,UK-17-299,"Dips, sour-cream based, assorted flavours",2,tsp
808c497d-7986-484b-85ff-dfafb3272590,OSR139,C020,Fenugreek leaves (Trigonella foenum graecum),0.25,tsp
808fd752-350e-47c7-b96a-25ca5e99b0fd,BFP150,G014,"Ginger, fresh (Zingiber officinale)",5,g
8093bbfc-c0c5-4a6e-9079-ec74c7a157d6,OSR108,UK-17-045,"Oil, sunflower",0.75,tbsp
80948d95-3c8d-4c4a-9c4d-df2e93075b0a,BFP090,G031,"Pepper, black (Piper nigrum)",0.5,tsp
809fbd83-bdf3-49d8-89b3-53714e80ac6e,BFP367,UK-17-377,"Water, distilled",30,ml
80a1c633-3fb3-4941-a448-b681acb64ce5,OSR137,G012,"Garlic, small clove (Allium sativum)",2,tsp
80c32ff2-c36c-444d-9002-e66920b67d92,OSR110,G020,"Cardamom, green (Elettaria cardamomum)",0.5,tsp
80cbf523-6d8a-439b-a07c-5e437fef876f,BFP363,US-167755,"Raspberries, raw",80,g
80dc8094-6cfa-4ef5-9c39-d1d59521212a,OSR090,UK-17-367,Salt,0.5,tsp
80dd98e3-69c5-4d11-8c63-8dd408f31310,ASC415,A018,"Wheat flour, refined (Triticum aestivum)",4,tsp
80e02ea8-8732-4881-9af9-e0d9c3595aaa,BFP595,UK-17-367,Salt,300,g
81011a8b-0f8a-4d5c-879a-7cabdcb2fd26,ASC205,UK-17-045,"Oil, sunflower",1,tbsp
811ee9c9-d9e7-40b6-b5be-cb6074b981a1,OSR064,P057,"Pomfret, white (Pampus argenteus)",500,g
8129f450-868a-45ac-8ef2-3d883cc4460a,OSR114,UK-11-896,"Flour, gram",184,g
8130be71-7914-4ec5-b128-a75886b6207f,ASC350,ANN-ING-0013,Silver Foil,1,sheet
813110d5-a297-42d8-864b-19147893b845,ASC283,UK-17-640,"Ghee, butter",0.5,tsp
81435abf-2fc4-4b9d-8bae-e3f2064ff0d1,ASC169,UK-17-367,Salt,0.5,tsp
814443f6-66cf-4408-bf97-96c3c7f69224,ASC068,UK-13-806,"Bay leaf, dried",0.4,g
81448896-93b1-4eba-ada0-2bdfb3878815,BFP162,L002,"Milk, whole, Cow",180,ml
814cf44f-639c-44de-a429-64d759d17900,BFP466,UK-11-971,"Bread, brown, average",60,g
81616832-1f68-436c-b3cb-4383a25e1535,ASC198,UK-12-184,"Yogurt, whole milk, plain",1,tbsp
816bebc5-e044-413d-b3f8-8bdd27029545,ASC168,G017,"Onion, big (Allium cepa)",15,g
8174a798-ee59-429b-a7b4-430b87fc791c,OSR138,UK-13-878,"Oregano, dried, ground",1,tsp
817f2c47-ad43-4138-bdca-7989674464fb,OSR114,E033,"Lemon, juice (Citrus limon)",2,tsp
8180e102-73ea-444e-be6c-0f212f83b38b,ASC122,A014,"Rice, parboiled, milled (Oryza sativa )",100,g
8186ecf6-1bd2-4cb0-a234-154de1f48c95,OSR138,UK-17-038,"Oil, olive",2,tbsp
8197950d-7958-43ea-94a2-23de521cde86,ASC085,D075,"Tomato, ripe, hybrid (Solanum lycopersicum)",50,g
819fb417-619e-4922-9619-aac2a1dd9cad,ASC400,L002,"Milk, whole, Cow",75,ml
81b056a3-e0b2-4d2f-b0b2-1e8f76bb08c3,ASC298,G020,"Cardamom, green (Elettaria cardamomum)",0.25,tsp
81bc4d0f-57f9-42cb-8629-c2df9e4635fc,ASC208,D075,"Tomato, ripe, hybrid (Solanum lycopersicum)",50,g
81be5206-7598-478c-ae02-dce6716571d3,ASC266,M003,"Egg, poultry, yolk, raw",16,g
81c65bb2-4bb5-4f13-891d-237dee6fba5b,ASC427,UK-17-356,Bicarbonate of soda,0.25,tsp
81c6b4f7-02f6-437a-83d2-a83b6577bd1c,BFP234,G031,"Pepper, black (Piper nigrum)",0.25,tsp
81ce268e-60d9-4b0c-8416-37d8aad0a85d,ASC009,UK-17-377,"Water, distilled",1.5,C
81ddadd4-d440-43c3-a521-411dec1449ca,OSR013,UK-17-377,"Water, distilled",1,C
81e8c9e3-4c6d-44b2-b170-50ffed12f294,BFP210,A018,"Wheat flour, refined (Triticum aestivum)",0.5,tbsp
81eb429a-0172-47ea-84e4-8eb583bb0294,BFP573,UK-12-184,"Yogurt, whole milk, plain",25,g
81ed348b-1d31-482b-8c32-bc41bcb328a0,ASC046,UK-11-1145,"Bread, white, average",60,g
81ed504a-1249-4d65-bca9-23d1364898fc,OSR138,G025,Cumin seeds (Cuminum cyminum),0.5,tsp
81f3ad3e-4f6a-4414-a132-5ca1a73bc5ca,BFP136,G023,Cloves (Syzygium aromaticum),0.25,tsp
820cbdf3-a7f3-4cf3-bc2c-df06c0e99235,ASC365,G019,Asafoetida (Ferula assa-foetida),0.25,tsp
8217ec58-1de2-48a2-b34b-71e303a1ee57,BFP233,D075,"Tomato, ripe, hybrid (Solanum lycopersicum)",50,g
821914bc-c9b4-490c-9384-0e29eac28a37,OSR118,I001,"Jaggery, cane (Saccharum officinarum)",100,g
8227a995-49be-478c-a98f-f0486340ee63,ASC165,G014,"Ginger, fresh (Zingiber officinale)",3.17,g
8230add8-9ccb-493b-891d-afa844836ec5,ASC272,UK-12-184,"Yogurt, whole milk, plain",100,g
823a18ff-58df-4c9e-895c-b26da8a72206,OSR054,E057,"Raisins, dried, black (Vitis vinifera)",3,tsp
823c077d-9154-41cb-8645-d73d2e5026f9,BFP187,UK-13-874,"Cinnamon, ground",1,g
823e7cd9-b215-411f-9471-9be99c9e5484,ASC123,G023,Cloves (Syzygium aromaticum),0.5,tsp
8240a744-3ebb-4927-88c7-2b98d0309773,ASC134,UK-13-881,"Pepper, white",0.25,tsp
8249173f-13e5-4537-a648-7084a54aeb3a,ASC126,UK-17-367,Salt,0.25,tsp
824aa5d0-abf6-46da-b43d-878e80879091,BFP511,A018,"Wheat flour, refined (Triticum aestivum)",30,g
825c9c0a-a35a-4bad-9e43-aa35048a2282,ASC080,UK-17-661,"Butter, unsalted",1,tsp
82627090-ce50-4047-aa9d-2afe9b1991d3,ASC308,UK-17-377,"Water, distilled",0.5,tbsp
8264e412-dade-4d7e-a6b1-cf72e7631153,ASC490,UK-12-184,"Yogurt, whole milk, plain",50,g
8270ce89-bd52-4517-b598-bd6d25bc3d5e,BFP196,G014,"Ginger, fresh (Zingiber officinale)",8,g
8274d59f-25c1-4d76-926f-acd9ebacca3e,BFP201,G014,"Ginger, fresh (Zingiber officinale)",5,g
827b0240-54cf-472b-b6d6-d198eef54a0a,BFP272,H013,Mustard seeds (Brassica nigra),0.25,tsp
827f85aa-b3f6-4b27-9823-2f5d5925d3aa,BFP277,G009,Coriander leaves (Coriandrum sativum),1,sprig
8280f3e6-9f86-402b-ac4d-ff93dd163132,BFP571,H011,"Gingelly seeds, white (Sesamum indicum)",10,g
82882926-eb66-412f-b8f2-654ba97d3c36,OSR145,G025,Cumin seeds (Cuminum cyminum),1,tsp
82885943-8bb9-4f6e-9a54-70d8ca5ea0ef,OSR088,UK-17-367,Salt,0.5,tsp
828be8aa-0d15-400f-a3b4-9f56963ac4e1,OSR130,D007,"Bottle gourd, elongate, pale green (Lagenaria vulgaris)",350,g
828d70e1-bd2c-4bb7-8dd5-d41458e5c368,ASC222,UK-13-829,Garam masala,0.25,tsp
82918bab-de22-4a84-a0b3-bce92a1d54fc,BFP003,G025,Cumin seeds (Cuminum cyminum),15,g
8299fcd5-d41c-4f7d-9975-ea24e52b6361,ASC279,G025,Cumin seeds (Cuminum cyminum),0.25,tsp
829e126b-e66a-46f7-9424-ec1d8430ccb1,BFP290,C028,Parsley (Petroselinum crispum),1,tsp
82a49c46-1fa7-4f07-845f-63694e2318f3,ASC360,UK-13-873,Chilli powder,0.125,tsp
82a696a8-a1aa-4f55-9c20-8c7c4b3e7644,ASC451,UK-17-661,"Butter, unsalted",30,g
82a9a686-7a09-4459-81fe-9622851a596c,BFP206,UK-17-045,"Oil, sunflower",10,g
82ac7318-040b-4e8b-a372-23ef27404002,BFP246,G014,"Ginger, fresh (Zingiber officinale)",5,g
82b288f3-3167-4017-b8c3-8092327b0daf,ASC422,A018,"Wheat flour, refined (Triticum aestivum)",1,tbsp
82ba2c56-5bed-410a-8006-4d365b7bc33c,BFP090,G017,"Onion, big (Allium cepa)",30,g
82c50040-ba9b-4cb5-80be-d259d995f2e2,BFP436,UK-17-377,"Water, distilled",3,tsp
82c6e3d3-fad9-4a76-900a-43021651ad50,ASC326,UK-17-063,"Sugar, white",2,tbsp
82d84e0e-4742-416b-9045-45615427507c,ASC204,C015,"Cabbage, green (Brassica oleracea var. capitata f. alba)",75,g
82dd7ef4-a0b7-4a58-919d-f05d65af55db,ASC122,G025,Cumin seeds (Cuminum cyminum),0.5,tsp
82df348b-8097-40a7-a370-6aae06054840,ASC252,UK-13-829,Garam masala,1,tsp
82e18cb9-8f39-47b9-b3c1-cf359d3810cf,BFP508,UK-17-661,"Butter, unsalted",15,g
82e52fe0-aada-4672-97f1-cce8d447dc03,BFP573,UK-11-896,"Flour, gram",50,g
82e68175-1e00-46ca-b490-4d9dd0f93db5,BFP322,G008,"Chillies, green - all varieties (Capsicum annum)",1.67,g
82ea68ba-aa57-412f-ac59-4bd76027270c,ASC178,UK-13-829,Garam masala,0.25,tsp
82eb918f-fc8e-4f62-b666-f4506ada2a40,BFP132,B003,"Black gram, dal (Phaseolus mungo)",10,g
82ee17ec-887e-43ff-9e8b-702bfc2363b9,ASC082,L002,"Milk, whole, Cow",0.25,C
82f04eaa-e7c4-4949-9281-d2343057dbee,ASC317,UK-12-332,"Cream, fresh, single",50,g
82f2de0b-c8eb-489a-8364-3fc41a4372b3,BFP460,UK-11-896,"Flour, gram",10,g
82f4392a-d3c9-4fa1-a8dc-31fc584cb48b,BFP599,H013,Mustard seeds (Brassica nigra),50,g
82fbb16e-ac47-4e76-b69f-3b496223fae9,BFP307,C025,Lettuce (Lactuca sativa),48,g
82feaaae-4506-4109-987f-0576657c070a,OSR108,G009,Coriander leaves (Coriandrum sativum),1,tbsp
83022753-2c29-453f-88da-5f283cc5da17,OSR104,A003,Bajra (Pennisetum typhoideum),40,g
830cb472-8983-4377-8698-e63341087779,ASC080,B013,Lentil dal (Lens culinaris),15,g
830f41c0-f0d2-48e4-bb28-8fc69cd45cd5,ASC356,UK-17-367,Salt,0.25,tsp
83139c0c-dde1-46f3-a544-831417e002a2,ASC044,UK-17-367,Salt,0.25,tsp
8317382d-10d2-4b55-9491-26fe9ea27374,ASC400,UK-17-367,Salt,0.125,tsp
831aa3e5-fa2b-4ee5-a1f7-921a2f5bd163,BFP204,UK-17-367,Salt,0.17,tsp
833b883e-72cd-476e-9278-f2371c80de4d,ASC249,P057,"Pomfret, white (Pampus argenteus)",100,g
833cace8-6df0-4b84-ab81-4b841becd03b,BFP142,G023,Cloves (Syzygium aromaticum),0.25,tsp
834949c2-84c7-4d98-b6b9-5704c9e8efcf,OSR108,UK-17-045,"Oil, sunflower",1,tsp
835e277e-2b67-4507-badc-4bb991dfa120,BFP158,UK-18-481,"Lamb, mince, raw",100,g
835fc721-da3d-4a00-b496-1b6c43dd4eb1,BFP066,M002,"Egg, poultry, white, raw",25.5,g
8360d9e5-43ff-47bd-b56c-f2127dba2837,OSR042,UK-17-063,"Sugar, white",300,g
8360edb4-4915-4b12-99ec-e5098e62b940,ASC245,D075,"Tomato, ripe, hybrid (Solanum lycopersicum)",150,g
8370c068-a9dc-4740-8fc0-3b64cc336946,BFP589,E054,Plum (Prunus domestica),1000,g
8372cee0-77d0-4983-a72f-f4ab49359fe7,BFP178,G025,Cumin seeds (Cuminum cyminum),0.5,tsp
8374c628-f203-461c-8e70-da6b17ea1da2,BFP296,UK-12-527,"Cheese, processed, plain",25,g
83781db6-ffe6-481c-b16e-b984030dd5ff,ASC203,UK-13-829,Garam masala,0.25,tsp
837c0f8c-9380-4037-99d8-dda5be6b2a2f,BFP545,D061,"Peas, fresh (Pisum sativum)",40,g
837d4fef-fbf8-46d3-b634-cf5d228e84c5,OSR118,G020,"Cardamom, green (Elettaria cardamomum)",0.25,tsp
837ed25b-c146-419d-9a54-87a8097dbbc8,OSR017,UK-17-063,"Sugar, white",2,tbsp
83881ce1-5429-43c6-a5ef-198450fe792c,ASC130,F002,"Carrot, orange (Daucus carota)",50,g
838d7344-0fa9-4b1c-878a-8d48242e8b8f,OSR107,UK-13-832,"Ginger, ground",1,tsp
838dd17f-6024-48d8-bc06-5c198ef5e197,OSR041,UK-17-062,"Sugar, icing",4,tbsp
838e5e52-1b3c-4658-b635-45d70f4802c1,BFP601,D075,"Tomato, ripe, hybrid (Solanum lycopersicum)",1000,g
838e7ba3-f656-44b4-83ba-af6b60275393,BFP388,ANN-ING-0006,KEWRA ESSENCE,0.5,tsp
83961d97-253c-4105-bf25-558c6ddb40c0,ASC154,UK-13-873,Chilli powder,0.25,tsp
83a092a3-1b4b-4fdf-aa1a-33a001d16a17,BFP431,G017,"Onion, big (Allium cepa)",40,g
83a165d7-3358-49d6-90c4-59ca157c0bce,OSR146,UK-17-063,"Sugar, white",0.5,tsp
83a7823b-482a-443c-b0c0-b39a241b4ee4,BFP250,G024,Coriander seeds (Coriandrum sativum),0.25,tsp
83b65e33-8c02-4a25-b228-a9d9dd71c758,BFP042,G019,Asafoetida (Ferula assa-foetida),0.25,tsp
83bbff99-93be-4476-a47c-3e48d64bce74,ASC071,UK-17-661,"Butter, unsalted",1,tbsp
83cddbb7-098f-444c-b803-a08b1887b202,OSR059,H013,Mustard seeds (Brassica nigra),0.75,tsp
83d179cc-0537-47ce-abdf-c09c396e5d74,ASC130,UK-13-805,"Basil, dried, ground",0.5,tsp
83d2579f-4182-47f9-b026-da41c12f0182,ASC456,US-400113,"SIVA'S, AMHUR POWDER (DRY MANGO POWDER)",0.125,tsp
83d425c7-3f57-4fc3-acc8-ee2097432ea0,OSR029,G031,"Pepper, black (Piper nigrum)",0.5,tsp
83d9e4a5-21cd-488f-8d00-7e27ef77cb35,ASC369,G017,"Onion, big (Allium cepa)",20,g
83db1e74-9984-457b-82f7-bac7cf9ed8b4,ASC082,G017,"Onion, big (Allium cepa)",20,g
83e711a6-8f35-47b9-a5fa-61776ef1166f,BFP413,UK-17-377,"Water, distilled",30,ml
83e7ea41-0130-4921-8181-f4ed6120b699,OSR014,H005,Cashew nut (Anacardium occidentale),33.4,g
83eafb0e-328b-4b98-bd2a-32dda77697c4,BFP207,G023,Cloves (Syzygium aromaticum),0.25,tsp
83f4ebfa-82dd-47e3-bcec-cb3837637320,OSR014,UK-17-063,"Sugar, white",200,g
83ff4b7f-caaf-47bc-9366-40cd75b336b6,ASC149,M001,"Egg, poultry, whole, raw",25,g
8408e49d-bb0d-45f9-b220-04090d69162d,BFP190,UK-13-873,Chilli powder,0.25,tsp
84091e47-98e3-4b7a-b5d1-d95086a13c0b,ASC357,UK-17-377,"Water, distilled",4,tbsp
840de47e-cdbd-4150-8469-885598fd7338,BFP116,UK-17-377,"Water, distilled",0.33,C
8414784e-ea7e-4b05-8f17-3d89365d4e55,BFP046,B003,"Black gram, dal (Phaseolus mungo)",5,g
84283325-69cd-404f-828a-2dce95035b9c,ASC103,US-400113,"SIVA'S, AMHUR POWDER (DRY MANGO POWDER)",0.5,tsp
842f87dd-3700-4a3f-be39-400337544716,ASC398,UK-11-1045,"Flour, corn",1,tbsp
8431d27d-331d-4641-808e-2a9b7d1c6494,ASC355,UK-17-367,Salt,0.25,tsp
8432369a-770e-425e-8009-5780eb542639,BFP579,C033,Spinach (Spinacia oleracea),40,g
843c5082-fe18-4616-8220-2ff43f108376,OSR115,G010,Curry leaves (Murraya koenigii),1,sprig
84407c29-eb5f-4f55-a7bc-ec7d498a33ae,BFP204,G014,"Ginger, fresh (Zingiber officinale)",10,g
8446a7ef-d9e7-4aab-a498-261c0f0e2e27,ASC202,UK-17-045,"Oil, sunflower",480,ml
845bce3c-d7c0-4144-afd0-c2425f613797,ASC397,UK-17-377,"Water, distilled",2.5,tsp
84716b02-4edd-444a-a916-cb803168ac83,ASC173,UK-13-829,Garam masala,0.25,tsp
8472790f-71c4-46a0-bed3-f865447d6e14,ASC149,UK-17-367,Salt,0.5,tsp
847a2367-0097-4faa-8668-4b8abcefb5b8,OSR076,UK-11-1045,"Flour, corn",29.25,g
847e231f-6a78-4c19-90cd-38467f4d03b8,ASC226,G012,"Garlic, small clove (Allium sativum)",0.5,tsp
848c3f33-8445-4e03-9ca8-6fb2895db768,BFP087,H001,Almond (Prunus amygdalus),15,g
84991176-c9a5-4009-9116-7f3041db4561,OSR124,UK-12-184,"Yogurt, whole milk, plain",73.5,g
8499a5f8-10e7-41b2-8208-eaddb961ff1b,OSR154,UK-17-367,Salt,2,tsp
84aa9766-24e8-423e-9c25-833fab2eb149,ASC193,G017,"Onion, big (Allium cepa)",50,g
84ab5f76-94c8-449f-a579-2190477c71fb,ASC424,A018,"Wheat flour, refined (Triticum aestivum)",100,g
84b1d5c0-e16b-40c8-9519-39e69f23bd43,BFP057,G009,Coriander leaves (Coriandrum sativum),1,sprig
84b67395-ccde-42c9-81f2-31566a0cb1df,OSR124,A019,"Wheat flour, atta (Triticum aestivum)",97.5,g
84b67863-7524-4e13-8976-8fd57e35d318,OSR110,UK-17-045,"Oil, sunflower",2,C
84c27cc5-282c-4bcd-8815-43909018a91c,BFP351,L002,"Milk, whole, Cow",150,ml
84d6d7bd-f18f-4f04-904e-ed43438e0e08,ASC460,UK-17-367,Salt,0.5,tsp
84dd69ab-5585-4b43-8cf3-bfa645f63785,ASC474,UK-17-356,Bicarbonate of soda,0.5,tsp
84ef8e42-7c12-4281-95cb-7f7887a1cc2f,ASC194,G017,"Onion, big (Allium cepa)",50,g
84f788a4-f62c-41b0-9004-1eab9222c39f,ASC093,UK-17-367,Salt,0.25,tsp
84fec9ab-188b-410b-ba2c-ea144b82e027,BFP390,A018,"Wheat flour, refined (Triticum aestivum)",0.5,tbsp
85133c84-ff06-442d-9e70-18299025a6c0,BFP019,L002,"Milk, whole, Cow",360,ml
851507ed-de8b-468b-ab5c-b7026bac0346,OSR005,H018,Pistachio nuts (Pistacla vera),8.4,g
85154101-b84c-4392-b5f0-d668545e6314,ASC282,L002,"Milk, whole, Cow",250,ml
8526bad0-42e1-44b1-b6ff-48f1cb93cc97,OSR017,UK-11-1138,Custard powder,1,tbsp
85283064-17b1-44c2-b67c-66a9d66a0f62,ASC512,E054,Plum (Prunus domestica),1000,g
853091b4-cb9c-4f1e-9823-5c342374f0f3,OSR082,UK-13-827,Fennel seeds,1,tbsp
85492b6f-c88f-4423-9716-a2c9a5d169e6,BFP277,C015,"Cabbage, green (Brassica oleracea var. capitata f. alba)",20,g
854e51d0-2ebe-432b-8d0e-c78cca94923a,ASC065,M001,"Egg, poultry, whole, raw",16.6,g
8561a236-afb8-4132-b175-cc9e6a2778a0,OSR072,UK-17-377,"Water, distilled",2,tbsp
85663a34-0837-45f3-b0f9-8d7ca73d2704,ASC223,UK-17-045,"Oil, sunflower",1,tbsp
857215c5-83c3-4bdc-b4e8-5acc1ece3f38,BFP161,UK-13-878,"Oregano, dried, ground",0.5,tsp
8581a682-0f30-45eb-a0e1-290d01ce67a4,OSR094,UK-17-661,"Butter, unsalted",2,tbsp
85876e8f-0c75-4bb8-b675-37e49912e630,ASC210,D061,"Peas, fresh (Pisum sativum)",100,g
858aa898-c85f-4f4c-8119-dde708daa162,BFP425,UK-17-045,"Oil, sunflower",240,ml
859da562-01cd-4919-8bc4-f3df68ff6d8a,OSR094,UK-13-873,Chilli powder,1,tsp
859db53d-e3c1-48f5-9610-62482712a2d3,ASC320,L002,"Milk, whole, Cow",250,ml
859dc78a-79fa-4156-87bf-ae6e4e0d8473,ASC197,UK-12-184,"Yogurt, whole milk, plain",1,tbsp
85aa7190-8c12-481f-a356-c56583114d16,ASC131,C033,Spinach (Spinacia oleracea),100,g
85ad6329-703f-4475-80ef-efe539f7021e,OSR134,G010,Curry leaves (Murraya koenigii),1,sprig
85b06eb0-21fb-41f4-919a-717b603609f2,BFP364,ANN-ING-0029,LEMON JELLY CRYSTALS,50,g
85bb6b33-8d0d-4b66-9be2-d209381dd3cb,ASC450,A018,"Wheat flour, refined (Triticum aestivum)",50,g
85c2721a-6af9-4f5d-8892-6b05f7292a80,ASC227,G031,"Pepper, black (Piper nigrum)",0.5,tsp
85d00c02-1466-486a-abe7-5736fb0d5b81,ASC326,E057,"Raisins, dried, black (Vitis vinifera)",10,g
85d2b4f8-66ba-49d3-8f65-860de94e544a,OSR024,UK-12-184,"Yogurt, whole milk, plain",1102.5,g
85d36fbb-b242-472e-a6bd-aac25474224e,BFP427,C033,Spinach (Spinacia oleracea),20,g
85d9a54c-0c0f-45c4-9091-2b28f2cede0e,ASC132,UK-13-878,"Oregano, dried, ground",0.25,tsp
85e21345-a589-418b-8fbc-6de149057001,BFP447,UK-13-829,Garam masala,0.25,tsp
85e695ef-8536-470d-9321-78532ffa95b4,OSR138,G012,"Garlic, small clove (Allium sativum)",5,g
85f1b095-8f21-4b1e-b54f-d906d922e9aa,ASC140,UK-12-527,"Cheese, processed, plain",25,g
85f50d44-fdf6-4ef9-90c4-55806639e61c,ASC064,G014,"Ginger, fresh (Zingiber officinale)",6.33,g
85f81228-bf93-4043-bf7a-a8ec5b388bdd,BFP601,G017,"Onion, big (Allium cepa)",100,g
86020312-73f1-4015-aa57-bef4c304e3dc,ASC315,UK-17-247,"Spirits, 40% volume",1,tsp
861637b4-9edd-474f-ba1b-01eb0396538a,OSR067,UK-17-661,"Butter, unsalted",2,tbsp
862af548-36b5-4d11-8636-bf8df03c17ba,OSR129,UK-17-045,"Oil, sunflower",2,tsp
862ea001-ba06-41c2-9e6e-97b32c60c3b3,BFP606,UK-17-661,"Butter, unsalted",10,g
863e49fd-4bbb-470e-b25c-bfb60d4007b9,ASC149,UK-17-045,"Oil, sunflower",1,tbsp
8642c79b-beb9-4907-b23e-3e660b2a6936,BFP174,G017,"Onion, big (Allium cepa)",20,g
864af824-e3dd-4fbf-99c9-7eb49354516b,BFP027,UK-17-377,"Water, distilled",12,tbsp
864d3147-3d41-4978-b4f2-0c5a73f31c1b,ASC018,UK-17-063,"Sugar, white",1,tbsp
865666a9-b1dc-4d66-a947-1361ffddae1c,BFP232,C028,Parsley (Petroselinum crispum),1,sprig
86590843-ca12-4e17-abb0-9862bc7e48d2,ASC124,H013,Mustard seeds (Brassica nigra),1,tsp
865ebe2d-780f-4fdc-b731-60c69265e6aa,BFP316,F002,"Carrot, orange (Daucus carota)",50,g
865f8395-6699-4647-84ee-74b8a5d016d2,BFP118,G024,Coriander seeds (Coriandrum sativum),0.5,tsp
86607b33-585f-4e99-b3b0-dbf01cd03062,ASC415,M001,"Egg, poultry, whole, raw",100,g
866a6593-c24a-4b16-8c71-f5a34979ac23,ASC326,G028,Nutmeg (Myristica fragrans),0.25,tsp
86732175-2a37-4c12-9bed-8adaecb3c31d,BFP277,UK-17-377,"Water, distilled",2,tsp
867519b8-11d3-45d5-9e4a-a0364584c50d,ASC425,G021,"Cardamom, black (Elettaria cardamomum)",0.5,tsp
86768568-d14d-426c-96bb-ce362f882def,ASC096,UK-17-377,"Water, distilled",4,tbsp
867cbd16-aa15-43e5-8b5e-35f8c4acbfcc,ASC148,A014,"Rice, parboiled, milled (Oryza sativa )",60,g
86975dda-94d4-45a4-8477-80e4f5fee8bd,ASC183,D059,"Papaya, raw (Carica papaya)",100,g
86ad4198-f1e0-4c66-90d9-7f9f5fffc8a6,ASC242,G009,Coriander leaves (Coriandrum sativum),1,sprig
86b35151-3041-43c4-bd0b-96eb7b5e5825,ASC093,J001,"Button mushroom, fresh (Agaricus sp.)",10,g
86b7ada1-61e2-4ff9-84a3-ef5ef297f827,BFP542,C028,Parsley (Petroselinum crispum),1,sprig
86d44e5a-0c6a-4480-8f2a-6ea603848675,BFP108,UK-13-829,Garam masala,0.25,tsp
86de7374-1960-4439-80f5-1bf4ad542273,ASC444,L002,"Milk, whole, Cow",1,tbsp
86e08bf7-aee8-4d66-959a-4386aa104b41,ASC248,A018,"Wheat flour, refined (Triticum aestivum)",10,g
86e559c4-7610-4a8c-b247-ec4513eb5365,OSR051,UK-17-045,"Oil, sunflower",3,tbsp
86ed955e-f202-4d23-9d04-7835ab7bdd39,ASC108,UK-13-873,Chilli powder,0.25,tsp
86f5fe05-0a3f-4242-b193-703294fa7544,ASC066,E053,Pineapple (Ananas comosus),60,g
871206de-9cec-44e4-bba2-1c07fca610a6,BFP272,G008,"Chillies, green - all varieties (Capsicum annum)",3.33,g
873257e8-85c4-4b04-aa08-f45f7b3cb754,BFP220,UK-11-1045,"Flour, corn",5,g
87395076-318e-4a90-9486-7d944bce4b1f,BFP605,F006,"Potato, brown skin, big (Solanum tuberosum)",200,g
873f5c46-fb80-4e18-938b-08d53c766030,OSR037,D061,"Peas, fresh (Pisum sativum)",145,g
8740d5c3-5059-4517-b108-e2470cab60b5,OSR068,G031,"Pepper, black (Piper nigrum)",0.5,tsp
87414fdc-c98a-40e6-9c50-d44cc3b2225e,BFP067,M002,"Egg, poultry, white, raw",25.5,g
874f0ac0-7317-4f8e-84ef-be14bff71644,BFP292,A018,"Wheat flour, refined (Triticum aestivum)",10,g
8754d506-14de-49c9-a618-c0113f7cf98b,BFP203,UK-17-063,"Sugar, white",0.25,tsp
8758b9fb-85de-4468-a3b0-731731d17950,BFP491,US-173471,Vanilla extract,0.25,tsp
875cec56-5654-49f4-ad6b-fdfb8bec34b4,ASC469,G009,Coriander leaves (Coriandrum sativum),1,sprig
875db441-5c4a-49bf-b51d-3570544aa615,ASC209,UK-17-045,"Oil, sunflower",1,tbsp
8763d2d8-2c90-4f95-b7da-b2d67ec56bef,BFP226,UK-13-873,Chilli powder,0.125,tsp
8767e143-589c-455d-837e-9d91fccf2dda,OSR126,UK-17-355,Baking powder,1,tsp
876d7075-1e04-4ffd-93ed-1cff3261ebe2,ASC425,UK-17-247,"Spirits, 40% volume",25,ml
8776fd72-ab6c-49dd-9c8b-6b5d2c640178,ASC167,UK-17-045,"Oil, sunflower",2,tsp
8777c57c-0bc3-4dc5-ab1a-ebbe74e95ee4,ASC136,L002,"Milk, whole, Cow",60,ml
878101ea-6fdb-4b1d-a2dd-0a3fe1e77d21,OSR049,H013,Mustard seeds (Brassica nigra),2,tbsp
87838c25-da86-4ce7-b5df-e92627864e4a,BFP308,UK-17-377,"Water, distilled",5,ml
878e92f6-ced7-496f-a56a-57fd0a4997ba,BFP087,D037,Celery stalk (Apium graveolens),7.5,g
87a1cfa1-491e-4fa3-95a1-a3366a95513a,ASC253,C025,Lettuce (Lactuca sativa),48,g
87a52250-0dbb-46b4-87ab-4c30c54c1e3e,ASC084,G017,"Onion, big (Allium cepa)",20,g
87b89a1e-edb6-4332-bace-7a39e3839565,ASC115,A014,"Rice, parboiled, milled (Oryza sativa )",80,g
87ba3a86-a5bb-4889-bb23-e651d07a5e2f,ASC146,UK-17-377,"Water, distilled",120,ml
87c24542-5fb4-4c83-9b1c-77a73a7bb9de,OSR065,G008,"Chillies, green - all varieties (Capsicum annum)",1,tsp
87c927d3-99df-47b6-ac16-f35ea92bfb4f,BFP559,UK-17-377,"Water, distilled",1,C
87cb3c4a-079d-4277-befc-c5bdb70bfb8e,ASC467,I001,"Jaggery, cane (Saccharum officinarum)",60,g
87cc1f2a-9a28-4cb4-a0e3-89c48cddfa70,OSR075,UK-50-1173,"Tomato sauce, homemade",2,tbsp
87d09dab-35a3-4c89-a85a-e33cf12105b4,ASC122,G014,"Ginger, fresh (Zingiber officinale)",6.33,g
87d89d3b-37be-40ed-a09e-77b324d2c68c,OSR156,G009,Coriander leaves (Coriandrum sativum),0.5,tsp
87e1fc97-f10d-443d-9439-4a07a64a4b80,BFP553,L002,"Milk, whole, Cow",30,g
87e5ebc9-b78b-4fa2-8622-647cd34384b0,OSR031,A010,Ragi (Eleusine coracana),800,g
87e83b8e-7936-4034-9567-2fdebf5765e9,ASC296,M001,"Egg, poultry, whole, raw",50,g
87f08a77-ded5-473f-9352-68a46f6d2d9c,BFP539,G031,"Pepper, black (Piper nigrum)",0.25,tsp
87f138e2-23d8-429f-a41d-e832c8428707,ASC086,G031,"Pepper, black (Piper nigrum)",0.125,tsp
87f75014-1918-475b-8f87-2368a23203bc,BFP521,UK-17-063,"Sugar, white",5,g
87f8a1eb-31e7-4326-a194-947f9f0bcc63,OSR012,H001,Almond (Prunus amygdalus),35.75,g
87fa6a1f-a005-4722-9287-da74069c36cc,ASC377,G008,"Chillies, green - all varieties (Capsicum annum)",3.33,g
8800d999-92af-4472-8444-ad92e94ae4d3,ASC428,M001,"Egg, poultry, whole, raw",100,g
88035b73-8d90-4507-8dc4-e39e7bbbed3d,ASC247,UK-14-130,"Lemons, flesh only, raw, weighed with peel and pips",35,g
880b0008-7e45-4875-9e20-63935f35ddfa,ASC265,E047,"Orange, pulp (Citrus aurantium)",30,g
880cd729-9bd4-4e24-8593-dbe7b10067ec,ASC265,C025,Lettuce (Lactuca sativa),60,g
881a45d2-381b-4588-bdb1-c93dbffb7d93,ASC128,D075,"Tomato, ripe, hybrid (Solanum lycopersicum)",50,g
882eaa1b-6895-4d6f-b4e6-7cbd8fef5570,ASC246,D075,"Tomato, ripe, hybrid (Solanum lycopersicum)",50,g
8830509f-dfc8-4c69-84fe-782fa34d87e3,BFP532,UK-17-377,"Water, distilled",5.5,tbsp
88338c2d-744a-4d45-a635-627bae3f46ab,OSR152,F002,"Carrot, orange (Daucus carota)",32,g
883427a1-47d7-4ef5-87fe-c99f16d49c41,OSR005,G032,Poppy seeds (Papaver somniferum),1.5,tbsp
883a84b5-fdf3-4563-b3f5-666549b463ae,ASC312,L002,"Milk, whole, Cow",1,tbsp
88490972-8a3b-403f-9dc1-ae4c5a4c12bb,ASC056,UK-17-377,"Water, distilled",100,ml
8854392c-d3f8-4b6e-83b1-fe6e546fe613,BFP045,G017,"Onion, big (Allium cepa)",20,g
8863a009-eca1-4e40-adfc-e0c38e546459,ASC247,US-806341,AJWAIN SEED WHOLE ORGANIC SPICES,0.125,tsp
8867c917-8916-4a7b-8fee-899099cc91f7,BFP220,UK-17-063,"Sugar, white",0.5,tsp
886d86d5-4746-420e-b861-96e30c62c3a6,OSR020,US-170149,"Seeds, lotus seeds, dried",1000,g
88730233-df4f-4f21-b404-a1733e11b952,ASC406,UK-17-661,"Butter, unsalted",30,g
88794b98-df53-4382-b85b-34d21c802670,BFP223,G009,Coriander leaves (Coriandrum sativum),1,sprig
887d1b0d-90ef-44d9-bb73-5f3d5288ecb1,ASC227,G020,"Cardamom, green (Elettaria cardamomum)",0.5,tsp
887e4356-121f-46d7-98a3-0e69337a6108,BFP601,UK-17-367,Salt,1,g
8882fee3-3622-4d08-9842-32bddef24cbb,BFP045,D061,"Peas, fresh (Pisum sativum)",20,g
889a583b-5831-4696-bcaf-7454d74764a2,OSR094,G017,"Onion, big (Allium cepa)",60,g
889ba2db-ec05-47c0-b140-2fe7780368d3,OSR062,E033,"Lemon, juice (Citrus limon)",1,tbsp
889d0a5e-48b7-4440-b2eb-cb24c9b0bf90,ASC351,US-806341,AJWAIN SEED WHOLE ORGANIC SPICES,0.25,tsp
88a55d06-dba4-4544-915c-c66b677664ac,ASC375,UK-11-1145,"Bread, white, average",15,g
88be904f-b181-48ee-bf21-3ddc75166457,BFP466,G031,"Pepper, black (Piper nigrum)",0.25,tsp
88bf65ba-76d7-4805-9b9e-3c758e9b172b,ASC247,A018,"Wheat flour, refined (Triticum aestivum)",10,tsp
88cd41ea-6c63-421b-b1c7-0dee649d02b9,BFP545,UK-17-640,"Ghee, butter",37,g
88d29c0b-a67c-4c44-b017-af649717e1a6,ASC487,B010,"Green gram, dal (Vigna radiata)",10,g
88d49de2-87b5-4a6d-a97b-30562637c0dd,OSR096,UK-13-832,"Ginger, ground",0.5,tsp
88de475f-a6f9-4dc3-8067-06863c53d0dd,ASC458,UK-17-045,"Oil, sunflower",1.5,tsp
88f9deab-cd61-471e-aedd-f46306578e1e,BFP115,UK-17-640,"Ghee, butter",0.25,tsp
891797fd-4fc5-46ca-beb8-409de2cccd6e,BFP373,US-173471,Vanilla extract,0.5,tsp
891ae761-60c7-47c5-9084-70cc2f793455,ASC007,G014,"Ginger, fresh (Zingiber officinale)",10,g
89250c0a-e613-4ba1-841a-dd299285e100,OSR156,G012,"Garlic, small clove (Allium sativum)",2.5,g
892cda26-172b-44fe-8ced-dc46de5ed1d0,BFP266,D061,"Peas, fresh (Pisum sativum)",30,g
89354933-564b-47cb-8118-2d2f0b4f25ae,BFP608,L002,"Milk, Cow",360,ml
89382a13-e018-4d7a-9765-405af2457e41,ASC231,G020,"Cardamom, green (Elettaria cardamomum)",0.25,tsp
893e6e2c-a602-4667-94d5-37a436f56b1b,ASC123,G014,"Ginger, fresh (Zingiber officinale)",6.33,g
8941a78c-da09-47cc-aa53-e23032202cfe,OSR126,UK-17-355,Baking powder,0.5,tsp
89501705-41cb-48e5-bca8-ab1945407104,BFP176,G012,"Garlic, small clove (Allium sativum)",0.63,g
8953a550-b1e0-48ec-a9f7-3bd7ab4103df,OSR095,UK-17-719,Chilli sauce,0.25,tsp
8956a4f2-7a06-48ef-a5cb-ba9562715f98,ASC233,UK-13-832,"Ginger, ground",0.5,tsp
895f71a3-5d86-4b2c-846f-d6998e4457a3,ASC224,UK-11-1045,"Flour, corn",0.5,tbsp
89601202-387a-48b9-8cd6-4a0e78593dfd,BFP513,M001,"Egg, poultry, whole, raw",8.6,g
89629309-7704-4601-a98b-6168985d5841,ASC318,US-173471,Vanilla extract,0.5,tsp
8962a560-e307-4c59-b875-fd710ff2199b,OSR074,G020,"Cardamom, green (Elettaria cardamomum)",0.5,tsp
89648e7c-3b9e-42b3-a30a-cb4b1f56a0a3,OSR099,G010,Curry leaves (Murraya koenigii),1,sprig
896df27b-9fc2-47d2-8b31-87c93c5ec5ce,BFP368,UK-17-062,"Sugar, icing",30,g
896f78d5-a1a6-4f5a-9407-99558b5c1636,ASC011,UK-17-377,"Water, distilled",16.5,tbsp
89736f5c-9e0d-47a1-9d97-28e633ca2b0d,BFP223,D075,"Tomato, ripe, hybrid (Solanum lycopersicum)",5,g
897b9da6-9547-4faa-851c-616f0c0dcbb9,ASC514,G012,"Garlic, small clove (Allium sativum)",1.25,g
897fe089-ce76-4864-91be-ca89e63d6bf1,BFP257,UK-17-045,"Oil, sunflower",2,tsp
898003fa-6e2c-4c58-9ac0-bf82f5353067,ASC228,G022,"Chillies, red (Capsicum annum)",3.33,g
89953550-9644-448b-a234-41584f5d3409,BFP397,H005,Cashew nut (Anacardium occidentale),3.33,g
89aae43c-7ca5-4b15-852d-b3082e287236,BFP203,J001,"Button mushroom, fresh (Agaricus sp.)",20,g
89aaec50-80f5-42dc-aed2-5d94d5b6678a,ASC081,UK-18-304,"Chicken, whole, corn-fed, raw, meat and skin, weighed with bone",60,g
89b2fb8e-c95c-4f4c-93cd-c241ac568dcc,BFP122,UK-17-045,"Oil, sunflower",5,g
89b5829f-d474-4334-ae4a-85f14e7c173a,ASC465,A019,"Wheat flour, atta (Triticum aestivum)",30,g
89b64bce-7d5c-4c65-8628-7f233e9b79dd,ASC307,US-851134,"MIXED NUTS CASHEWS, ALMONDS, HAZELNUTS, PISTACHIOS, PECANS, MIXED NUTS",15,g
89b7581e-325f-4626-a8b7-a7d43b881618,OSR012,UK-14-820,Coconut milk,244,g
89b9691c-ddba-4ad2-af3a-2d2d5a20c3af,ASC279,UK-17-367,Salt,0.5,tsp
89cbcdb4-d125-4ff4-b70e-e33d46198742,OSR035,A018,"Wheat flour, refined (Triticum aestivum)",240,g
89cce159-9c32-48e3-8dc4-62fa8bb1fe75,ASC103,A019,"Wheat flour, atta (Triticum aestivum)",80,g
89d55e16-d197-4384-b337-36b344268f5b,OSR029,G012,"Garlic, small clove (Allium sativum)",0.5,tbsp
89d984d0-4fcd-439a-be4f-656cb73535a0,BFP067,G009,Coriander leaves (Coriandrum sativum),1,sprig
89e54df7-6e07-46f5-96be-8e711ae20730,ASC327,UK-17-062,"Sugar, icing",1,tbsp
89e5c913-4f65-4113-a70f-dd478f1170a0,ASC201,G017,"Onion, big (Allium cepa)",50,g
8a009167-675c-4ac6-8d0e-c4fb1c0399df,BFP137,UK-17-045,"Oil, sunflower",2,tsp
8a05dc16-c53b-42c3-9c08-f47be0fc7dd6,ASC281,UK-17-377,"Water, distilled",100,ml
8a06a83a-1cb7-41ce-b2e1-1eb29dd4d014,ASC473,UK-17-045,"Oil, sunflower",2,C
8a074689-dc22-4615-81d7-4f85af78afe5,ASC445,A018,"Wheat flour, refined (Triticum aestivum)",50,g
8a07bfbf-ebc0-43a4-bc35-bba205498b90,BFP428,F006,"Potato, brown skin, big (Solanum tuberosum)",80,g
8a0cb96d-5caa-4f3a-a0ba-f94d5e381828,ASC129,C015,"Cabbage, green (Brassica oleracea var. capitata f. alba)",50,g
8a132d47-ad06-4c19-976d-80dde08decff,BFP091,G023,Cloves (Syzygium aromaticum),0.5,tsp
8a17271a-2448-49f6-9259-f663c65932b4,ASC309,UK-17-062,"Sugar, icing",2,tbsp
8a2545ff-7b35-4339-8644-a9505acdef8e,OSR017,L002,"Milk, whole, Cow",1,C
8a2c20ea-ad3a-4244-911f-fa4dd2932a7d,ASC172,G008,"Chillies, green - all varieties (Capsicum annum)",1.67,g
8a373c86-c670-42b1-98ee-517bf488b0f0,BFP031,UK-17-367,Salt,0.5,tsp
8a37f756-c5a7-4db9-956e-d70a58a1de7c,BFP439,H013,Mustard seeds (Brassica nigra),0.25,tsp
8a38a05b-82ea-4e40-bab7-238a69cfc51e,BFP206,D075,"Tomato, ripe, hybrid (Solanum lycopersicum)",60,g
8a485c97-b0aa-4ca8-85c9-0bd88efa84c7,ASC130,G031,"Pepper, black (Piper nigrum)",0.25,tsp
8a48aacc-71c7-4662-988c-813235cb264b,ASC288,UK-17-063,"Sugar, white",1,tbsp
8a53bc53-a254-4439-a322-ad1a9b207b41,OSR136,UK-17-727,"Stock cubes, vegetable",5,C
8a57d113-b9af-45e2-944e-728b88db1b96,ASC292,ANN-ING-0006,Kewra essence,0.25,tsp
8a7255f6-b7e2-4490-b223-cc9878adfffa,ASC230,UK-18-481,"Lamb, mince, raw",125,g
8a76edee-8ced-44ae-931d-d33d8a2eef79,ASC317,E053,Pineapple (Ananas comosus),30,g
8a798f10-5203-4a7b-bcf7-c935539d1ffb,ASC103,UK-17-367,Salt,0.13,tsp
8a7a6528-c243-4f14-8261-dcb64a91ad53,ASC487,A014,"Rice, parboiled, milled (Oryza sativa )",20,g
8a7d89ce-9da8-44da-b6ce-66c6dead8ae9,BFP372,E033,"Lemon, juice (Citrus limon)",0.25,tsp
8a80b445-3437-49bd-a6b0-c50083043f26,ASC225,UK-17-709,Tomato ketchup,0.5,tsp
8a83426e-2d14-4acc-84ec-6798e2387e86,ASC222,UK-17-063,"Sugar, white",1.5,tsp
8aa5bb54-a9d9-4914-95fb-cbd330f06b33,OSR139,G020,"Cardamom, green (Elettaria cardamomum)",0.625,tsp
8ac38575-fcf0-4a52-83de-de1a9905752f,ASC246,G017,"Onion, big (Allium cepa)",50,g
8ac6ea9a-7249-43c7-ac13-8b705bab839c,BFP241,G009,Coriander leaves (Coriandrum sativum),1,sprig
8ad132bf-0b39-41d7-b06f-20a4c81adb94,BFP266,UK-17-367,Salt,0.17,tsp
8adb2900-34a7-4638-9ba0-2ad90b4aa629,ASC265,E022,"Grapes, seeded, round, black (Vitis vinifera)",40,g
8adf5fac-c4e4-4998-be23-773b74525312,ASC324,L003,Paneer,100,g
8afa5654-5d7f-4944-99db-c7fee6d011dc,BFP544,UK-17-377,"Water, distilled",20,ml
8afa9977-092d-4bfe-b352-08a9fef5bc31,BFP461,UK-11-1145,"Bread, white, average",60,g
8b007247-abc3-4957-832a-42058c5ed5c9,BFP483,ANN-ING-0031,YELLOW COLOUR,0.5,tsp
8b031f57-3116-44f3-824a-8b342f905f16,BFP221,UK-17-721,"Soy sauce, light and dark varieties",0.5,tsp
8b054acb-9ee8-4bc4-8047-69ddb5d0087e,BFP436,B003,"Black gram, dal (Phaseolus mungo)",60,g
8b07e009-d93e-41fe-95af-be9a744716b3,ASC497,UK-17-063,"Sugar, white",1500,g
8b0be119-e449-4d3b-b5b5-def0de49ec8c,BFP428,A018,"Wheat flour, refined (Triticum aestivum)",2,tsp
8b0beb08-2529-4638-9aff-45fcc44efcb9,ASC507,UK-17-367,Salt,125,g
8b1102b0-55c9-4677-b849-62b060690bb4,ASC509,US-172337,"Oil, mustard",300,ml
8b12218a-f3d9-4b4a-85cc-f132ca117775,ASC462,A014,"Rice, parboiled, milled (Oryza sativa )",50,g
8b12a66e-48a6-48cf-93d4-521c59a43079,ASC369,UK-17-339,Vinegar,1,tbsp
8b16f510-c6f1-4be9-a432-926ae3b8f821,BFP218,UK-17-367,Salt,0.17,tsp
8b18dc76-8907-4280-a217-fb0672600376,BFP172,UK-13-829,Garam masala,0.125,tsp
8b1ad494-a3f7-4a80-9e26-13935dc10a85,BFP220,G012,"Garlic, small clove (Allium sativum)",2.5,g
8b207819-2a90-4dec-9a97-36d5c5b0c65a,ASC126,G014,"Ginger, fresh (Zingiber officinale)",0.25,tsp
8b22a406-203a-4af3-8a1f-901e370e6c98,OSR032,UK-17-685,"Butter, salted",100,g
8b24a691-62d3-486e-a0ac-bf138f2ceb7f,OSR108,G008,"Chillies, green - all varieties (Capsicum annum)",7.5,g
8b2db0d3-c35b-4185-a0fe-1c0ce65f2786,BFP308,E033,"Lemon, juice (Citrus limon)",1,tbsp
8b2e1207-572d-4408-8e63-0e62bdd5eafc,ASC136,G031,"Pepper, black (Piper nigrum)",0.25,tsp
8b2fe4c3-7a16-4394-9747-d9e940c8a497,ASC447,H018,Pistachio nuts (Pistacla vera),0.4,g
8b35abe5-a8d5-4941-935c-5ba6359552d5,ASC273,G008,"Chillies, green - all varieties (Capsicum annum)",1.67,g
8b41a0e6-8f2d-4cf1-a624-cd3ab0ce8ae4,ASC134,UK-17-045,"Oil, sunflower",1,tbsp
8b4dd871-955e-496d-8510-b6d64b0887bb,ASC116,G017,"Onion, big (Allium cepa)",50,g
8b4e7ef8-1288-4153-b64e-bcdd7f22707b,OSR002,US-806241,HIMALAYAN BLACK SALT,0.25,tsp
8b51a067-4e3d-4ace-96dc-48e63e3c7f7c,BFP207,UK-13-806,"Bay leaf, dried",0.4,g
8b6b0a5f-3f0d-4c33-97b1-77146a22c4f1,ASC366,UK-17-045,"Oil, sunflower",480,ml
8b6f62e9-5f22-43c8-a508-3d66120c0730,ASC375,UK-50-1173,"Tomato sauce, homemade",4,tbsp
8b772f1a-bf1d-4be1-b1a3-41f6e81227e6,ASC203,D036,Cauliflower (Brassica oleracea var. botrytis),75,g
8b7ac21d-17ea-487f-8aaa-b8f348bfd1f3,ASC321,H001,Almond (Prunus amygdalus),2.22,g
8b8527eb-cba3-42e2-8914-654d6800bd08,BFP108,G008,"Chillies, green - all varieties (Capsicum annum)",3.33,g
8b91c01c-10ec-4706-a451-0a68c8635b04,OSR155,UK-13-806,"Bay leaf, dried",0.4,g
8b928b85-3146-412a-8aa3-5d5936bf00e8,OSR108,UK-17-377,"Water, distilled",0.5,C
8b93c0d7-1e61-4547-aeb0-bf9111b53875,BFP356,UK-17-063,"Sugar, white",30,g
8b98269e-9fab-447f-9d94-272d788cf3fd,ASC224,UK-17-045,"Oil, sunflower",1,tsp
8bc1d4e7-d14b-4953-8ffa-a76bd447faa3,ASC300,UK-17-063,"Sugar, white",1.5,tbsp
8bcb1741-4235-40ad-b72d-8daf9d4ccded,ASC017,US-173471,Vanilla extract,0.5,tsp
8bcd4706-5e3c-45c9-815e-889525091005,OSR120,UK-17-377,"Water, distilled",0.5,C
8bdbc674-467c-488b-a102-3b212316bce3,BFP484,UK-17-355,Baking powder,0.375,tsp
8bded1f6-0c3a-48bd-a812-a8bba1524201,BFP040,G010,Curry leaves (Murraya koenigii),1,sprig
8be0d4fb-dfd6-4bd1-81cc-42a8bc5dde72,BFP122,D075,"Tomato, ripe, hybrid (Solanum lycopersicum)",125,g
8bea184a-2706-4c05-a77f-4bf7016e2028,ASC398,UK-17-063,"Sugar, white",1,tbsp
8becc224-f726-4637-b9b4-6800aa9215e8,OSR129,L003,Paneer,123,g
8c0f1561-b9db-475a-80c9-ed7b9e20f324,ASC325,UK-17-661,"Butter, unsalted",25,g
8c1d719b-8720-440b-a305-34d9a5407904,BFP221,D043,"Cucumber, green, elongate (Cucumis sativus)",10,g
8c1e4681-7bfc-4241-9055-f8ee857796ec,ASC354,UK-11-896,"Flour, gram",50,g
8c24be68-616c-4284-a6d8-51bf96a39f58,BFP242,D075,"Tomato, ripe, hybrid (Solanum lycopersicum)",40,g
8c254390-6444-46e7-8200-932a4f032af3,ASC443,L002,"Milk, whole, Cow",1,tbsp
8c260be0-1e4d-419b-aadd-54deec2bd8c0,ASC142,UK-17-355,Baking powder,0.5,tsp
8c2e6a45-d56f-496b-a558-7e9202e2e4c2,BFP124,UK-12-332,"Cream, fresh, single",2,tbsp
8c3e619f-02d8-47a7-8f6b-6c75ec5ed026,OSR068,UK-13-830,Garlic powder,1,tsp
8c40f68c-f440-4f30-8c0a-511c6bebd407,ASC027,D075,"Tomato, ripe, hybrid (Solanum lycopersicum)",25,g
8c530732-7c67-421f-b1ba-407f92fac0a0,ASC238,G017,"Onion, big (Allium cepa)",15,g
8c573874-62bc-411c-b9e9-e8308b08d770,BFP552,UK-11-896,"Flour, gram",20,g
8c59749f-31bc-4484-9f82-eafd2f8f467a,ASC195,UK-17-367,Salt,0.5,tsp
8c5d5e7f-4749-4356-ae66-1458832d3bfd,BFP519,UK-17-355,Baking powder,0.17,tsp
8c5eace5-2de7-482c-87a1-86228acaece9,ASC214,UK-12-184,"Yogurt, whole milk, plain",30,g
8c633f8e-ffcb-44dd-9849-064d72f471f7,BFP187,UK-12-184,"Yogurt, whole milk, plain",50,g
8c66b100-d18c-4b4e-90a4-4cbf96122ebf,BFP437,G014,"Ginger, fresh (Zingiber officinale)",5,g
8c80c03e-7ba3-4a8a-b5fa-9adb1c63a721,BFP194,UK-17-377,"Water, distilled",0.5,C
8c8731d9-58b1-4239-9b27-e02889bdf346,BFP372,H001,Almond (Prunus amygdalus),2.2,g
8c89b5b0-36ce-4ff1-8222-edf6da427804,ASC198,UK-17-045,"Oil, sunflower",1,tbsp
8c8e4614-465c-4f19-9bc4-2e2baa5090dd,ASC031,D075,"Tomato, ripe, hybrid (Solanum lycopersicum)",50,g
8c92e042-fbf4-411e-a9a6-a15620c941ee,ASC261,F002,"Carrot, orange (Daucus carota)",30,g
8c97f056-3401-49e9-a9f6-0b43a5495a18,BFP057,UK-17-377,"Water, distilled",5,g
8c9840e4-1b16-4608-a61a-e0d7dc9224a6,OSR137,G024,Coriander seeds (Coriandrum sativum),20,g
8c991d6e-1fc5-45d2-992d-50244a7045dd,ASC322,UK-17-661,"Butter, unsalted",0.25,tsp
8c9b39be-d031-4550-a22e-b319aafda959,ASC058,UK-17-367,Salt,0.5,tsp
8ca56e9b-b2de-4274-8091-95bf622178a1,ASC232,UK-13-832,"Ginger, ground",0.5,tsp
8ca775eb-6641-43d2-b54f-25f865e2b86a,BFP015,L002,"Milk, whole, Cow",360,ml
8cad84db-1d15-454c-b169-dd6cdee2ab29,ASC216,G024,Coriander seeds (Coriandrum sativum),0.25,tsp
8cae4f0f-672f-478e-af75-35acd9e4b9d4,BFP489,UK-14-130,"Lemons, flesh only, raw, weighed with peel and pips",7.5,g
8cb7b34a-f57d-47ee-b90a-d38842608e33,BFP545,G014,"Ginger, fresh (Zingiber officinale)",2.5,g
8cbaedff-6d5b-43c7-802f-d0bd5f35132d,OSR130,G031,"Pepper, black (Piper nigrum)",0.37,tsp
8cbf8603-a52c-4c60-a6d8-93971fa4eef8,ASC043,UK-11-1145,"Bread, white, average",60,g
8cc58a1f-5ad9-4f1f-a99a-5ca9091363cc,BFP151,G008,"Chillies, green - all varieties (Capsicum annum)",6.67,g
8cc7ef86-a636-49a0-872e-ddc5b450ddfd,BFP199,G028,Nutmeg (Myristica fragrans),0.25,tsp
8cc90020-c534-4af4-b3b7-989e9344dfea,BFP091,G010,Curry leaves (Murraya koenigii),1,sprig
8ccd71f2-d571-4a28-b65c-90e2cfde64a9,ASC200,UK-17-367,Salt,0.5,tsp
8ce19f82-a5f6-4510-b1b2-62fda1936e7e,ASC455,M001,"Egg, poultry, whole, raw",12.5,g
8ce58849-c66a-4fc8-b695-6bf1e3aa50d9,ASC052,L002,"Milk, whole, Cow",1,C
8cf4e72f-ed6f-42b0-874f-777c2adcb11d,ASC473,UK-12-184,"Yogurt, whole milk, plain",70,g
8cf5222c-9198-4e4e-b8eb-44e5536758a6,ASC191,L003,Paneer,50,g
8cf99dbc-0722-471c-8bdc-616c377eeb47,ASC148,UK-17-367,Salt,0.5,tsp
8d03585d-14bd-4e08-83bb-ff7f567a9900,OSR053,D002,"Bamboo shoot, tender (Bambusa vulgaris)",500,g
8d0968f1-36d4-48b7-91a0-ee4b3345e184,ASC173,G008,"Chillies, green - all varieties (Capsicum annum)",1.67,g
8d0f7873-ce3d-4989-81dc-fc40c7720b2e,BFP318,G008,"Chillies, green - all varieties (Capsicum annum)",1.67,g
8d202981-2591-4a9e-8fca-551ce485ba8d,ASC325,UK-11-1145,"Bread, white, average",60,g
8d2e71f1-5119-493b-a768-a36a17d32959,ASC500,UK-17-063,"Sugar, white",1000,g
8d31bcbd-4a55-4623-8ac5-66866cd1abbd,ASC440,UK-17-356,Bicarbonate of soda,0.25,tsp
8d34c41d-c6c1-4ec4-a22d-9a90764ec92b,ASC122,O064,"MUTTON, muscle",100,g
8d3bc8b7-9fff-4ba6-b688-46def0d97d15,OSR049,G033,Turmeric powder (Curcuma domestica),0.5,tsp
8d42f11f-a444-441c-a79a-f27c8fe840a3,ASC229,G033,Turmeric powder (Curcuma domestica),0.25,tsp
8d4c0fc0-0c99-4fea-ae40-a9c5d8760589,BFP564,UK-11-896,"Flour, gram",12,g
8d4c43c5-b4d2-4adb-b050-30c7b1b55f99,BFP602,G021,"Cardamom, black (Elettaria cardamomum)",0.5,tsp
8d529ca8-6796-483c-96f4-cee52a64638a,BFP162,A018,"Wheat flour, refined (Triticum aestivum)",15,g
8d625c23-801a-4d78-b698-fcf4617bfb9b,ASC252,UK-17-045,"Oil, sunflower",1,tbsp
8d66a416-5450-4957-bfe1-b7eb336fa805,BFP266,D031,Brinjal - all varieties (Solanum melongena),150,g
8d6fde87-558d-4251-9e3d-a4c261b419f7,BFP166,G033,Turmeric powder (Curcuma domestica),0.17,tsp
8d70475e-60e8-49d5-87ec-850fcd6005c4,ASC261,UK-12-332,"Cream, fresh, single",10,ml
8d71f240-8a93-406d-a08a-7c0ff65d4300,BFP144,UK-13-873,Chilli powder,0.125,tsp
8d7b0089-0a00-4f36-83ed-cdbbe20da2b8,OSR077,G012,"Garlic, small clove (Allium sativum)",3.13,g
8d825762-f699-427c-a09d-08a8c33ae86b,ASC248,G031,"Pepper, black (Piper nigrum)",0.25,tsp
8d9155a9-3e40-49e2-8414-7b3f70d3c111,BFP576,UK-17-045,"Oil, sunflower",1,tsp
8da30ca5-7f54-4333-984d-d97c8e5f406e,BFP250,E030,"Jack fruit, ripe (Artocarpus heterophyllus)",120,g
8dadb6c7-f4f4-4455-b3d9-1d22bc71cb70,ASC029,UK-17-367,Salt,0.25,tsp
8dc41d9a-4f06-4aaf-b592-a297bf26e57c,BFP118,UK-13-827,Fennel seeds,0.5,tsp
8dc4a9fc-d6b5-439a-ae7c-3da6d99fd8c6,BFP246,G008,"Chillies, green - all varieties (Capsicum annum)",1.67,g
8dc60d0a-b66a-4ea9-8e9a-7873c74ad7fa,ASC011,UK-14-286,"Pineapple juice, unsweetened",60,ml
8dd78aee-e07c-476a-af04-f9c157dbbb44,OSR007,UK-13-874,"Cinnamon, ground",0.5,tsp
8ddab19d-678d-43b4-b283-0240ffc4f543,ASC398,E047,"Orange, pulp (Citrus aurantium)",1,tbsp
8ddc111c-967d-479e-83a5-9956a2ddeced,OSR114,B001,"Bengal gram, dal (Cicer arietinum)",1,tbsp
8dde8a64-48f7-4d5f-bea0-c45f77297ecc,ASC503,E028,"Guava, white flesh (Psidium guajava)",100,g
8de503cf-4c3e-4708-bdab-d22868a8380c,ASC008,UK-17-377,"Water, distilled",18,tbsp
8de5c2d4-0638-4fe9-9695-69f8b5645e99,ASC397,UK-17-367,Salt,0.125,tsp
8de5fe36-551a-40f6-8293-69a6c37138ad,BFP187,D075,"Tomato, ripe, hybrid (Solanum lycopersicum)",30,g
8df63bbb-1e1a-41b5-90a6-967b2985d945,BFP141,UK-13-874,"Cinnamon, ground",2.5,g
8df7ec95-2621-4395-bded-34d206b6b151,BFP108,UK-13-873,Chilli powder,0.25,tsp
8dfaaed0-6d4f-4b00-bf7a-d5bdb5d4c528,ASC267,UK-11-1045,"Flour, corn",1.5,tbsp
8dfe4448-5204-43ee-a229-52a2e58ac78f,BFP558,UK-17-367,Salt,0.25,tsp
8e00703c-0991-477c-826e-9cea634b150c,BFP301,D033,"Capsicum, green (Capsicum annuum)",15,g
8e075c04-dd39-474f-a4ef-329da05d7279,ASC229,G009,Coriander leaves (Coriandrum sativum),1,sprig
8e0ad027-2238-485c-8d99-0e58b550e620,BFP506,UK-17-062,"Sugar, icing",10,g
8e129dd7-47b6-411c-a560-7d5a4cab9b8e,BFP370,UK-17-062,"Sugar, icing",30,g
8e14a79c-b70b-434f-b98c-600d3d1140d5,BFP198,UK-17-339,Vinegar,1,tsp
8e167c2e-5908-4120-b5cd-7fed1ec6815e,ASC456,UK-11-1145,"Bread, white, average",1,tsp
8e1a14cc-b9fa-43c9-9a37-4c7e2b7bec13,BFP151,UK-17-045,"Oil, sunflower",1,tsp
8e1b0aa3-e93e-4a41-bc28-f45e570b5f8c,ASC238,G008,"Chillies, green - all varieties (Capsicum annum)",3.33,g
8e1d9629-b298-42b6-a100-c8fa986068c9,BFP141,G025,Cumin seeds (Cuminum cyminum),0.25,tsp
8e21823f-c6c5-4290-b8cd-0370a27125b1,ASC086,G017,"Onion, big (Allium cepa)",30,g
8e26d988-f17b-4318-9a31-033ceda67277,BFP575,UK-17-367,Salt,0.25,tsp
8e28d39b-f3e3-4274-a03b-7e739e952559,BFP208,G017,"Onion, big (Allium cepa)",25,g
8e2a2f8d-b72f-4647-b8ef-e15166c499d0,ASC104,UK-17-367,Salt,0.13,tsp
8e3091ec-9b6e-4e42-bd0a-cee4cd04fac6,BFP152,D075,"Tomato, ripe, hybrid (Solanum lycopersicum)",25,g
8e35a3e7-0cad-4809-b7da-d4b4f9003138,ASC280,B003,"Black gram, dal (Phaseolus mungo)",50,g
8e3ad420-a6a7-4543-826b-f7574b513a64,ASC036,G031,"Pepper, black (Piper nigrum)",0.25,tsp
8e3f17c3-e62e-40a1-ad46-5772a327e4bb,BFP439,UK-17-367,Salt,0.5,tsp
8e46b5c8-b759-487f-824e-1c4aaa6f29de,ASC099,UK-13-873,Chilli powder,0.25,tsp
8e4bde09-5347-403a-8e0c-2c82bb1e101c,ASC262,UK-17-717,"Dressing, thousand island",3,tbsp
8e4cdf82-7cc3-4b8f-bc50-2f6d19094d7e,BFP241,UK-13-873,Chilli powder,0.125,tsp
8e592263-2158-4da9-80dd-fc3f642b3194,OSR152,D061,"Peas, fresh (Pisum sativum)",36.25,g
8e69ad3a-4048-4b5b-98fb-9b34b4b7ed73,BFP062,F002,"Carrot, orange (Daucus carota)",20,g
8e6d4e47-7a16-4a25-a09c-d3b22b8baedf,BFP214,N003,"Chicken, poultry, breast, skinless",120,g
8e71de44-362a-4be2-a487-e169a82eebef,OSR065,A018,"Wheat flour, refined (Triticum aestivum)",3,tbsp
8e71ee47-2836-483b-a654-3910328014c4,ASC231,UK-13-874,"Cinnamon, ground",0.625,g
8e820550-7d7a-4da4-8b5a-d448392119cb,OSR104,UK-17-045,"Oil, sunflower",3,tbsp
8e839cdb-2856-4f07-aac7-6d4cf8eedc17,ASC092,J001,"Button mushroom, fresh (Agaricus sp.)",10,g
8e85b1e7-354b-40f2-8a38-ff2a2761fc9b,OSR025,UK-13-852,Saffron,0.0375,g
8e8d0497-0df3-46b8-9189-6ccae8d81878,ASC275,UK-12-184,"Yogurt, whole milk, plain",100,g
8e9779f5-5c56-4825-bf73-868c5a61ec65,ASC509,G012,"Garlic, small clove (Allium sativum)",10,g
8ea2f2e4-e0b0-4ede-b31a-7110731f8bc1,ASC066,UK-14-286,"Pineapple juice, unsweetened",1,tbsp
8ebf8d28-5c69-4dbf-8a34-119e9f1bda80,BFP275,UK-17-045,"Oil, sunflower",240,ml
8ec3588b-980e-4c7d-9a48-615919f7fa5b,ASC238,UK-11-1145,"Bread, white, average",2,tbsp
8ec47e02-ba23-493b-9a01-40316a5db6fa,ASC198,UK-17-367,Salt,0.25,tsp
8ec83a7e-d26e-4a38-a780-4952d2ea4e2e,ASC261,G008,"Chillies, green - all varieties (Capsicum annum)",1.67,g
8ecfb1fa-a350-4ff4-a0ca-de854494783e,BFP185,UK-17-367,Salt,0.5,tsp
8ed42221-c9ca-47d4-8482-9ef5316e8c6a,BFP595,G008,"Chillies, green - all varieties (Capsicum annum)",250,g
8ed4e49a-2b5f-4fe1-9351-f40ed75e4be9,BFP519,UK-17-367,Salt,0.25,tsp
8edc6d20-a935-4fd8-a59c-909a74272a95,OSR072,UK-13-622,"Sweetcorn, kernels, raw",145,g
8eddb685-20ed-444f-bf21-1469eca84127,ASC187,G024,Coriander seeds (Coriandrum sativum),0.25,tsp
8ee12289-12bb-4262-b1e4-a6acd12c1521,ASC138,G031,"Pepper, black (Piper nigrum)",0.25,tsp
8eef9880-060b-4242-a55a-5c3931bc365e,OSR129,G008,"Chillies, green - all varieties (Capsicum annum)",6.67,g
8ef89d6f-1dd2-4235-b55e-a49e138c2b60,BFP351,UK-11-1045,"Flour, corn",1,tsp
8efa1d28-e1a4-4de4-ae22-7665370ec901,OSR042,A018,"Wheat flour, refined (Triticum aestivum)",400,g
8efb9bd4-eaf7-4849-9506-4feff32bfedc,ASC026,G031,"Pepper, black (Piper nigrum)",0.25,tsp
8efd6657-51d0-40c4-bb7f-7646444806b7,ASC324,UK-17-063,"Sugar, white",30,g
8f01389f-65ae-4942-937a-448d5b6df037,BFP045,UK-17-367,Salt,2,g
8f036127-536d-457c-bce9-1e4606898c1c,ASC204,UK-12-184,"Yogurt, whole milk, plain",1,tbsp
8f05552d-c1a5-4508-9144-4ac67b1101ae,ASC276,UK-17-367,Salt,0.25,tsp
8f0a7462-30a3-45ba-82c3-5f8840547113,ASC259,UK-13-352,"Spring onions, bulbs and tops, raw",25,g
8f0ce567-3cbf-43f8-b201-92ea5503a82c,ASC093,M001,"Egg, poultry, whole, raw",12.5,g
8f10078f-927b-4891-9cdf-75a9ed923c5f,ASC240,G023,Cloves (Syzygium aromaticum),0.375,tsp
8f11dfec-b533-4567-a8fd-ba0a637a9e58,BFP289,UK-12-527,"Cheese, processed, plain",15,g
8f1e05bd-4b4e-4f1d-9b25-da5501b4ae1e,ASC359,UK-17-367,Salt,0.25,tsp
8f203134-ce7a-4747-b749-82b0e39f5f85,BFP467,G031,"Pepper, black (Piper nigrum)",0.25,tsp
8f20e296-d758-4d5a-8bd8-b5d6665c551a,BFP242,UK-17-377,"Water, distilled",0.5,C
8f226230-c9df-4941-af79-4802b732fa83,ASC127,A014,"Rice, parboiled, milled (Oryza sativa )",80,g
8f239f44-ec79-4de0-9d1f-78950e30b4b9,ASC108,UK-17-367,Salt,0.25,tsp
8f26581c-b32b-48cb-9398-9e5213e18c46,ASC101,UK-13-829,Garam masala,0.25,tsp
8f2dd6db-63ba-4315-b703-10e88b56c891,BFP457,L002,"Milk, whole, Cow",15,ml
8f3154aa-24fd-4c8e-92fd-0522fe578718,OSR051,G012,"Garlic, small clove (Allium sativum)",4,tbsp
8f349135-40be-4507-8d92-24cae913ff69,BFP576,G025,Cumin seeds (Cuminum cyminum),0.25,tsp
8f3bc026-019d-45e1-8578-f0e80c37246a,BFP347,M001,"Egg, poultry, whole, raw",50,g
8f3e4938-fd6f-49c8-a679-ffb315a3eed6,BFP371,E051,Pear (Pyrus sp.),75,g
8f3eeee8-89b9-417a-a563-8400fbd17c07,BFP300,M001,"Egg, poultry, whole, raw",25,g
8f3f4a51-b806-4b01-aa97-874909e80a45,BFP117,UK-17-367,Salt,0.25,tsp
8f44fec1-5040-4432-ba30-9808d9b56bc9,ASC450,UK-13-832,"Ginger, ground",0.5,tsp
8f479144-a06c-40f9-a5a1-e0a4e53e54ca,BFP290,F006,"Potato, brown skin, big (Solanum tuberosum)",100,g
8f50dc45-293c-472a-8273-7fb6dfa901c5,ASC387,G025,Cumin seeds (Cuminum cyminum),0.125,tsp
8f575509-bf83-4a7a-863f-8282170d5df7,ASC352,UK-13-829,Garam masala,0.125,tsp
8f618171-4b14-4782-835c-eebdab3e619e,BFP110,UK-17-045,"Oil, sunflower",10,g
8f7944fb-2a66-47b1-890a-b57dd7633771,ASC154,B003,"Black gram, dal (Phaseolus mungo)",40,g
8f7a35f3-be72-4031-9255-9d63da0c2202,OSR152,UK-13-829,Garam masala,0.5,tsp
8f7b3f30-73c6-43ac-81fb-69fb37eb36d8,ASC127,G026,Fenugreek seeds (Trigonella foenum graecum),0.125,tsp
8f802767-eb3a-48ec-a52d-fe33ed9bb5eb,ASC465,H012,Ground nut (Arachis hypogea),10,g
8f880396-3393-4c44-a216-534cf668f5ec,OSR114,G009,Coriander leaves (Coriandrum sativum),12,g
8f8c5045-c227-43ee-9fc6-0d980fb53cb3,ASC427,UK-17-367,Salt,0.25,tsp
8f90021d-064d-47d5-a1e0-09f9d139577a,BFP204,G032,Poppy seeds (Papaver somniferum),0.33,tsp
8fa64b4e-62d6-485c-827a-09f8bd1f3b5d,OSR012,UK-13-852,Saffron,0.25,tsp
8fb44eda-a898-4785-ae2f-59f5a5d124c9,ASC189,D075,"Tomato, ripe, hybrid (Solanum lycopersicum)",150,g
8fb5e599-9291-42cb-a2ad-04fc87713f8f,ASC431,UK-17-491,"Chocolate, plain",10,g
8fb92a34-6b7b-4325-ae61-dae78fd73586,BFP262,G014,"Ginger, fresh (Zingiber officinale)",5,g
8fbcb9f2-c863-4276-86e3-9ebf3bbf7c23,BFP379,E057,"Raisins, dried, black (Vitis vinifera)",15,g
8fbee93a-4d2f-4e61-8b71-ed8a96f6c229,BFP415,UK-13-829,Garam masala,0.125,tsp
8fc5689d-2a9a-4c26-938d-9296cb70b523,BFP090,G010,Curry leaves (Murraya koenigii),1,sprig
8fc9045f-b06e-4df2-aae9-59893dd33ecb,BFP166,UK-17-640,"Ghee, butter",5,g
8fcbb461-db25-4595-9e91-e25c0ebb349c,ASC422,UK-17-661,"Butter, unsalted",60,g
8fd1c284-9467-448a-921e-94be9eecc9f3,OSR095,UK-50-1173,"Tomato sauce, homemade",0.25,tsp
8fd207ba-bd08-49f2-9f9c-8369b725897a,OSR145,H013,Mustard seeds (Brassica nigra),0.5,tsp
8fd50471-1b99-4838-aa57-86727ee35679,ASC363,L003,Paneer,100,g
8fda3454-f845-4d9d-a3f9-2c0d12a6871c,BFP275,G012,"Garlic, small clove (Allium sativum)",1.25,g
8fe8eee2-4bba-446a-9965-9a249de47b1e,ASC246,UK-13-806,"Bay leaf, dried",0.8,g
8ff2d09c-8bba-4608-b9ea-8292979c5c06,OSR066,UK-17-377,"Water, distilled",1,C
8ff580cc-2a1f-4031-ac55-db0157358b8a,OSR112,D050,"French beans, hybrid (Phaseolus vulgaris)",30,g
8ff5fc50-7d72-428c-a908-6626da659d34,OSR012,US-851134,"MIXED NUTS CASHEWS, ALMONDS, HAZELNUTS, PISTACHIOS, PECANS, MIXED NUTS",36,g
8ff9bcff-b9c8-4919-9f55-b9ce01ae87e5,ASC187,UK-17-045,"Oil, sunflower",2,tsp
90164511-1912-4f96-8ae1-a879fff5aa73,OSR098,G008,"Chillies, green - all varieties (Capsicum annum)",9.99,g
9020e2b8-d3dc-4f26-967c-a088ac561849,ASC088,G017,"Onion, big (Allium cepa)",20,g
90229b64-42ed-4952-9652-56237fc4932b,ASC142,UK-12-184,"Yogurt, whole milk, plain",25,g
9023e800-bafc-4074-8977-5aa4487948aa,ASC492,UK-17-063,"Sugar, white",25,g
90305d18-3623-4045-8086-33dbaff383d7,ASC098,UK-17-367,Salt,0.25,tsp
903170df-0731-4a3c-a130-038caeec05e8,BFP201,UK-12-332,"Cream, fresh, single",1,tbsp
90329e20-749c-4705-95ee-710dbc98f423,BFP259,G008,"Chillies, green - all varieties (Capsicum annum)",3.33,g
903ec7cf-6790-4d04-813c-66e04a388ed2,ASC092,D033,"Capsicum, green (Capsicum annuum)",10,g
904045ae-8220-4287-a6cb-90c5009282b6,ASC350,UK-17-377,"Water, distilled",50,ml
904467e1-9b78-448c-8aa9-324fc2deea87,BFP082,UK-13-806,"Bay leaf, dried",0.4,g
90450471-e54b-416a-9d67-6529549ec7eb,ASC380,UK-17-045,"Oil, sunflower",480,ml
90484973-9886-4594-8779-dbe35ca0cb8a,BFP386,A018,"Wheat flour, refined (Triticum aestivum)",10,g
904cfcaa-37f4-4060-9a81-5567b2191107,BFP482,A018,"Wheat flour, refined (Triticum aestivum)",40,g
9051f7f3-2985-42ab-a9d2-bfefefa7f36c,ASC264,UK-12-332,"Cream, fresh, single",2,tsp
9058de79-2aa3-4385-8909-410987c860ee,OSR137,UK-17-367,Salt,0.5,tsp
90657734-edae-463e-968a-81f943e3d8f2,ASC364,UK-17-045,"Oil, sunflower",2,tbsp
90694bdf-e850-4ddb-a0e4-1e20d1957cc1,ASC350,L002,"Milk, whole, Cow",170,ml
906be7d6-8c42-4f55-adeb-330714e51a83,ASC425,US-695922,"TUTTI FRUTTI GUMBALLS, TUTTI FRUTTI",50,g
90751974-f1de-4811-b6e8-73f11c5b8fba,ASC154,UK-13-829,Garam masala,0.25,tsp
9076483f-68bc-4e72-8469-fed3bd831d07,ASC282,UK-17-063,"Sugar, white",1.5,tbsp
90778db8-0cec-4f8b-bb3d-b6ac44e459d3,ASC376,D075,"Tomato, ripe, hybrid (Solanum lycopersicum)",75,g
90864ff2-c63b-47c1-aea5-586edc38b2a7,BFP548,UK-17-377,"Water, distilled",150,ml
908ceb27-2a87-4343-a3f9-5118d8048982,ASC079,UK-17-727,"Stock cubes, vegetable",0.5,C
909b64eb-bcac-44b6-afd0-521fbe70f623,BFP517,H021,Walnut (Juglans regia),10,g
909c0cbc-6530-4664-b033-9c246291493f,ASC381,UK-13-873,Chilli powder,0.25,tsp
90aeb0b3-c25a-456d-8451-24a170c5715e,ASC304,UK-17-491,"Chocolate, plain",25,g
90b1d12b-a337-4727-94ed-545b79f79a47,OSR141,UK-17-377,"Water, distilled",0.5,C
90b2bc12-8e3f-41c0-87b3-a66f01dc0d42,BFP114,A019,"Wheat flour, atta (Triticum aestivum)",40,g
90b99bf7-2a3a-4f15-b69e-f71d3a53b2af,OSR038,US-173471,Vanilla extract,1,tsp
90c3202e-76e2-4390-b1bb-e1d63a18ceca,ASC421,ANN-ING-0032,Orange colour,0.25,tsp
90c4c4c6-d749-43f9-8635-b1dbe3acadab,OSR142,G008,"Chillies, green - all varieties (Capsicum annum)",0.5,tsp
90d03117-52dc-4d49-aac5-4a14bf32728f,ASC194,D075,"Tomato, ripe, hybrid (Solanum lycopersicum)",50,g
90d4c86d-ccf4-4afc-9819-47a408d08d1e,OSR071,C033,Spinach (Spinacia oleracea),15,g
90d8773d-b304-45ef-bf43-c367d7ebd267,BFP159,UK-17-045,"Oil, sunflower",2,tbsp
90da2be8-4e81-4e05-b04c-721e3a2e0d27,BFP220,UK-17-367,Salt,0.17,tsp
90e867ca-ddf5-407a-a778-2af542f258fd,ASC264,E001,"Apple, big (Malus domestica)",25,g
90e9a153-5a9c-4379-8234-fc9cdbfd8037,BFP472,G031,"Pepper, black (Piper nigrum)",0.25,tsp
90f2d3b3-5e29-4cea-89d3-7a8b88d06260,BFP158,UK-17-367,Salt,0.5,tsp
90f5a0ac-5c1a-4e49-86fa-bd8c9df45c88,ASC209,D036,Cauliflower (Brassica oleracea var. botrytis),250,g
90f6378d-8fec-4b80-b394-be79dece3e33,ASC175,UK-17-367,Salt,0.5,tsp
90f911c4-04c2-40f3-920c-26831d199c73,BFP443,G025,Cumin seeds (Cuminum cyminum),0.25,tsp
90fdb4c5-2a01-4c0e-aba9-52cdb9fd5577,ASC117,UK-13-806,"Bay leaf, dried",0.4,g
9104559e-996f-4bde-92d0-b0c10a9184a4,ASC029,G031,"Pepper, black (Piper nigrum)",0.25,tsp
91053c94-4697-4650-b2f0-2ead52bd447f,ASC229,UK-12-184,"Yogurt, whole milk, plain",1,tbsp
911178a8-f298-4020-a02c-5335de321769,BFP354,UK-17-377,"Water, distilled",1,tsp
911d0758-b076-41cf-888f-24ca9d8d1fa5,BFP090,F006,"Potato, brown skin, big (Solanum tuberosum)",30,g
911eaeb0-7acd-45fa-86fa-add04c56d7d9,BFP233,UK-12-527,"Cheese, processed, plain",10,g
911f7d75-327e-4b18-af46-14cf9fbfa5e7,ASC031,UK-11-1145,"Bread, white, average",120,g
9121ec5a-672f-421c-9982-dd51cd0e8f9b,OSR136,D075,"Tomato, ripe, hybrid (Solanum lycopersicum)",25,g
912a8d84-db5a-4fc9-b98d-5ff6d063b8cd,BFP141,UK-13-874,"Cinnamon, ground",1.25,g
91361c4c-9999-4669-a4e4-52de08e1ed45,ASC327,M001,"Egg, poultry, whole, raw",50,g
913f2417-fc7c-4a02-844a-42166e29d8dc,ASC309,UK-12-332,"Cream, fresh, single",80,g
9144403b-dd7e-48be-8da0-c776e214be21,BFP556,UK-17-377,"Water, distilled",200,ml
914961a9-e097-4e47-858c-dedaaed0545a,BFP057,UK-12-527,"Cheese, processed, plain",25,g
914ab72e-8581-48ea-919f-587ee0307b7a,BFP570,A019,"Wheat flour, atta (Triticum aestivum)",20,g
91540d82-0760-40e9-ac74-2f701e2d9736,BFP054,M001,"Egg, poultry, whole, raw",50,g
91652d53-5b4e-41a7-b98f-3b6e9deffa19,ASC083,G016,Mint leaves (Mentha spicata ),1,sprig
91925a24-a756-46af-8238-fab0e85e6abb,BFP125,UK-17-377,"Water, distilled",15,ml
91927d48-77ba-404d-a2a6-2eb493e9c7ec,ASC294,A022,"Wheat, semolina (Triticum aestivum)",25,g
91936ac4-b801-4b87-a6ad-ae08df320d38,ASC325,UK-17-063,"Sugar, white",30,g
91959e53-f3f3-49ee-be98-682c40b91022,BFP176,B021,"Red gram, dal (Cajanus cajan)",10,g
91a1eb83-138c-4482-a551-9893600bc23c,OSR107,UK-13-873,Chilli powder,0.5,tsp
91a66126-9e3f-48e2-8e00-188aec701e0a,ASC163,D075,"Tomato, ripe, hybrid (Solanum lycopersicum)",50,g
91a84ecf-30a0-4076-8513-4454142d10e8,ASC167,B021,"Red gram, dal (Cajanus cajan)",50,g
91abe85e-c005-4275-9c6b-8aca39a7b33b,ASC010,UK-17-377,"Water, distilled",18,tbsp
91ae3a11-56ff-4510-92c2-1a72edca6d4f,ASC228,C033,Spinach (Spinacia oleracea),250,g
91b69e89-2910-447d-a8fb-876f3e1cc145,BFP187,G024,Coriander seeds (Coriandrum sativum),0.5,tsp
91ba1f43-9703-42c7-ad7d-12c7aec6b00a,BFP204,G024,Coriander seeds (Coriandrum sativum),0.25,tsp
91c2300c-a93f-4e4d-b48f-5cbfaa0188a0,BFP157,G031,"Pepper, black (Piper nigrum)",0.125,tsp
91c56206-3ce2-43b0-89b0-3b3f9c2e9f17,ASC257,C025,Lettuce (Lactuca sativa),48,g
91c8b09d-07a3-4f82-a51a-9341bf8371ec,ASC173,C015,"Cabbage, green (Brassica oleracea var. capitata f. alba)",100,g
91ce119c-84c7-4058-ae35-bbea87bcb82b,ASC492,UK-17-377,"Water, distilled",50,ml
91de2ccd-62df-4f49-b479-1021d6434b07,OSR116,UK-17-045,"Oil, sunflower",1,tsp
91dec69b-c10d-4a23-8eb2-551bbaeb2aca,OSR145,G033,Turmeric powder (Curcuma domestica),0.5,tsp
91df8fe8-5ece-4fc2-bd61-77417bc0a163,ASC247,G017,"Onion, big (Allium cepa)",20,g
91e4063a-bdd6-4fa1-bb48-e2922bbbf8cd,OSR092,E033,"Lemon, juice (Citrus limon)",2,tbsp
91e51a8a-fc5a-489d-8fe7-31cfda5929ca,BFP356,UK-17-377,"Water, distilled",1,tsp
91f5bc61-d248-45c6-9d14-b3206d272405,BFP370,L002,"Milk, whole, Cow",15,ml
91fbf25c-dbf4-4ac4-8cf8-28c5026a4db7,BFP206,UK-13-806,"Bay leaf, dried",0.4,g
91ffbd97-4612-41bf-9638-6280e742cc13,ASC206,UK-11-1145,"Bread, white, average",1,tsp
92023a0f-674c-461c-9259-13c13b9a9ce9,OSR122,UK-13-874,"Cinnamon, ground",0.5,tsp
92079d14-d0da-4dc4-af45-7fea04e5ceed,OSR098,E033,"Lemon, juice (Citrus limon)",1.25,tbsp
9215f713-3250-465b-83d5-8c4bc82c3261,BFP498,UK-17-062,"Sugar, icing",55,g
922bcc76-dcd5-4a81-9efc-6dcdd3333449,BFP150,G010,Curry leaves (Murraya koenigii),4,sprig
9230a535-fec5-43eb-9a4d-f188a2b4666a,OSR128,F002,"Carrot, orange (Daucus carota)",60,g
923cdf7b-c91b-45d6-ab08-137695f08c61,BFP544,UK-17-367,Salt,0.125,tsp
923d9128-7cb1-4579-9a98-a137df85d824,BFP216,G008,"Chillies, green - all varieties (Capsicum annum)",3.33,g
92462c2b-27e6-49d3-83a6-4a08e6e0bfaf,BFP541,US-499195,JAM,10,g
924754f1-9257-46fd-a633-b52bc95d40cc,ASC106,C033,Spinach (Spinacia oleracea),50,g
9251c706-e4d6-4530-a371-50c37af26fef,ASC381,D033,"Capsicum, green (Capsicum annuum)",50,g
92560ac3-bbc4-4b1b-80b5-1fae8bad70be,BFP115,UK-11-896,"Flour, gram",20,g
925c6bc1-7a91-432d-a21d-ac8a72385c92,BFP206,D061,"Peas, fresh (Pisum sativum)",50,g
92677cad-eb4d-4b91-8d64-8daab5cc0577,BFP392,US-170885,"Whey, acid, fluid",0.25,C
92782fb3-e358-4186-a126-4e6bef1f5e84,ASC148,UK-17-045,"Oil, sunflower",3,tsp
92882f24-5a7b-4dd1-b4c5-c4fd08cd0bc5,ASC281,UK-13-873,Chilli powder,0.25,tsp
928924e4-7e41-4238-ad33-fbff8c22c2c3,ASC006,UK-14-286,"Pineapple juice, unsweetened",0.5,C
92a160b5-2358-4a8a-8887-16851d5ee986,ASC342,H006,"Coconut, kernal, dry (Cocos nucifera)",30,g
92a68c03-ef2d-45e7-9eb6-401685fbe420,BFP262,UK-17-045,"Oil, sunflower",2,tsp
92aac5f9-c449-4dde-81ae-5244a363a2f2,BFP294,UK-12-527,"Cheese, processed, plain",25,g
92b7227f-1b18-4b7e-a7fc-2fb7104c57d2,BFP170,UK-13-829,Garam masala,0.125,tsp
92b872f2-f69a-4348-bb33-f16a177d3bb4,ASC272,UK-17-367,Salt,0.25,tsp
92bb7b34-f7f5-43d9-9b16-d9ef64e38a5a,OSR156,UK-17-367,Salt,0.5,tbsp
92c9a264-34bd-4efc-bd00-51b53d396e68,ASC027,UK-12-527,"Cheese, processed, plain",20,g
92cb08ba-dcb8-4885-b156-f8829c34fdab,BFP177,G012,"Garlic, small clove (Allium sativum)",0.63,g
92cc8d8d-fc59-43c5-9231-f163a6123f0f,BFP575,UK-17-045,"Oil, sunflower",10,g
92e4add6-f4d9-45dc-bf1a-913d83c07562,OSR068,C028,Parsley (Petroselinum crispum),1,sprig
92ed32d0-7c83-4071-813b-97748e60f027,BFP356,UK-11-1045,"Flour, corn",1,tsp
92fb4091-bbb0-4e13-9074-b0f7540e13c9,OSR122,UK-17-045,"Oil, sunflower",0.25,C
9306b594-5884-47fc-a476-fa33ba744556,ASC128,D061,"Peas, fresh (Pisum sativum)",20,g
9307d88d-b098-47af-8570-b1632f59628a,BFP561,UK-17-063,"Sugar, white",100,g
930bf970-4928-479d-9720-b0054eadacf4,BFP416,UK-17-367,Salt,0.25,tsp
931ccba3-b900-42a8-b976-b2e65581d6a0,BFP158,UK-12-527,"Cheese, processed, plain",1,tbsp
93271d3a-80c5-4156-8ee8-56fc02d04d06,BFP439,UK-17-063,"Sugar, white",2,tsp
9331c37c-40d1-4ea0-9f79-4ede3c16d6f6,BFP087,UK-12-332,"Cream, fresh, single",10,g
9339c693-0cf3-484b-87f5-09d628e1cc2b,OSR155,UK-13-829,Garam masala,1,tsp
933a6779-b642-46c8-8a82-3316d35af457,ASC498,UK-17-367,Salt,0.75,tsp
933f0f96-c9bc-4fa9-8393-0eb301f98f3c,BFP489,UK-17-062,"Sugar, icing",55,g
933ff13d-870f-4588-b5ca-ab21bc760cf0,BFP150,UK-17-367,Salt,0.5,tsp
93426a7c-8d3a-4543-a0a4-5f7dc85603ce,ASC222,D075,"Tomato, ripe, hybrid (Solanum lycopersicum)",100,g
9348139c-b17d-4df7-bc8c-2dcda056d3bb,BFP351,UK-17-063,"Sugar, white",40,g
934bca8a-ef1d-4db5-8736-048e39004c54,BFP424,UK-13-829,Garam masala,0.17,tsp
9376d165-0fbc-467d-8e53-0efc177aee40,ASC127,B003,"Black gram, dal (Phaseolus mungo)",1,tsp
939220ed-22c3-497e-8e1c-860882f068f4,OSR071,M001,"Egg, poultry, whole, raw",100,g
93b08317-62c8-495d-8ccb-cdb0c19e3242,OSR126,US-173471,Vanilla extract,1,tsp
93b5a26b-c87b-44d9-80f0-659045983e82,OSR005,UK-13-827,Fennel seeds,1.5,tbsp
93b626bb-d52c-4eef-92eb-d8b0d758991c,OSR099,UK-11-023,"Sago, raw",152,g
93b6d730-8e33-4f99-9e3d-2a6dc8f82bec,BFP472,D043,"Cucumber, green, elongate (Cucumis sativus)",30,g
93b734f7-3de2-4201-b2b1-f944e34d8b8d,BFP220,N003,"Chicken, poultry, breast, skinless",120,g
93c4e245-fe07-4522-86ad-4d24a0e2c065,ASC379,H012,Ground nut (Arachis hypogea),20,g
93ce257c-241a-441d-b1e3-f89b08b36441,ASC452,A018,"Wheat flour, refined (Triticum aestivum)",80,g
93d2ea9a-8f2f-42a0-912c-eda4df71f0be,ASC476,H012,Ground nut (Arachis hypogea),10,g
93e01d88-01ed-4078-8d4a-56e6c1543374,ASC105,UK-17-367,Salt,0.13,tsp
93e19bd9-aa6b-47df-b0df-310a18672c9e,OSR060,G012,"Garlic, small clove (Allium sativum)",6.25,g
93e36e7d-7b82-42e5-8fc0-723054d52852,ASC380,UK-11-1145,"Bread, white, average",20,g
93e67fb6-1ec5-4697-adba-80030ada4cef,BFP047,UK-14-130,"Lemons, flesh only, raw, weighed with peel and pips",8,g
93f523d5-5e5c-476a-98c1-fe0cf45c377c,OSR082,G025,Cumin seeds (Cuminum cyminum),1,tbsp
93fbc96a-fae6-4c53-93c1-4c9cb9bbf8db,BFP366,ANN-ING-0030,LEMON ESSENCE,0.5,tsp
93ffe48b-56f3-44c1-8658-6496cdb2e009,BFP310,UK-17-367,Salt,0.5,tsp
941064ba-08dd-465e-abdb-2e98eb34da75,ASC458,UK-17-045,"Oil, sunflower",2,C
94151a6a-a0e4-456e-b339-35d46eda9b59,ASC401,G031,"Pepper, black (Piper nigrum)",0.25,tsp
94228fe5-7d02-43d1-91b0-5d6c84002338,BFP380,UK-17-661,"Butter, unsalted",25,g
942f31a9-aaa2-4702-a25d-60252955c1cb,ASC423,UK-17-063,"Sugar, white",100,g
9434b866-3c38-4427-bba5-eb9ec75f9b8b,ASC277,UK-12-184,"Yogurt, whole milk, plain",150,g
94364076-a86e-4a3e-b13e-55117f2b940b,ASC424,UK-12-332,"Cream, fresh, single",50,g
94394175-1123-4185-a19d-23847c9f8ec8,ASC153,UK-13-873,Chilli powder,0.125,tsp
943cf9fd-a14b-49b8-9f09-06f99c630efc,OSR108,G016,Mint leaves (Mentha spicata ),12,g
9445d748-ceef-4e89-80c8-9977b583fb22,ASC016,US-173471,Vanilla extract,0.5,tsp
944699b0-90ed-4822-81b6-9aac55017fae,OSR036,G023,Cloves (Syzygium aromaticum),0.5,tsp
9460db88-5f2d-4d34-bafc-0513a754d424,BFP442,D075,"Tomato, ripe, hybrid (Solanum lycopersicum)",100,g
946446d2-1065-4008-84d3-2a4224b50838,ASC440,M001,"Egg, poultry, whole, raw",12.5,g
94693a9c-1725-4a59-ac96-5e074ecbe81e,ASC269,G017,"Onion, big (Allium cepa)",35,g
94755d6c-0c8a-4710-9340-f7a2afcb2ddb,ASC197,G014,"Ginger, fresh (Zingiber officinale)",5,g
947b3d2a-cfcd-4dd9-b463-94fe58889f8c,ASC208,D061,"Peas, fresh (Pisum sativum)",100,g
947fb9c2-fda4-4046-9b45-39b54607aced,ASC240,G033,Turmeric powder (Curcuma domestica),0.25,tsp
94854318-1488-4c70-a41e-a7e8618a698d,OSR001,E067,Wood Apple (Limonia acidissima),400,g
94895a47-f13e-46b0-adc6-0b92d398b3de,BFP172,UK-13-873,Chilli powder,0.125,tsp
948a6dca-e111-4842-813e-13c1225e8631,BFP159,UK-17-367,Salt,0.125,tsp
948b1aea-96b5-4402-acf4-9485f5f84ec9,BFP406,UK-11-896,"Flour, gram",25,g
948c3550-a1b8-478a-8835-e65d321c9c7f,ASC415,L002,"Milk, whole, Cow",120,ml
948cabad-bd14-4b52-a5e8-7bf625f4cdeb,ASC202,UK-17-045,"Oil, sunflower",1,tbsp
9493143f-7cce-43d1-843e-2c74b8db7e73,OSR108,UK-17-367,Salt,0.5,tsp
949f6bc7-193c-4157-9b4a-5f827babe35c,BFP416,G012,"Garlic, small clove (Allium sativum)",0.63,g
94ab8545-e0f0-4746-91cc-322ca1cad054,OSR139,G017,"Onion, big (Allium cepa)",60,g
94abf363-427f-4320-a7d2-f6ecb300a253,ASC133,UK-12-527,"Cheese, processed, plain",25,g
94adc8d4-6867-4c6e-bfa3-5aab888ae0f7,BFP447,G025,Cumin seeds (Cuminum cyminum),0.125,tsp
94b6e3cf-3991-4420-9d90-82ca4757aa66,BFP045,UK-17-377,"Water, distilled",60,ml
94bba6c1-5d58-44f2-b861-1f34ffebcf2a,ASC155,G033,Turmeric powder (Curcuma domestica),0.25,tsp
94bf7ac1-d6f4-4388-b7a9-aef75d9b954a,BFP284,UK-17-377,"Water, distilled",0.25,C
94c6839e-c889-45f8-8b18-270cee62780e,BFP366,M001,"Egg, poultry, whole, raw",50,g
94c89c16-4d58-47fc-810e-e45822558e55,OSR058,UK-13-873,Chilli powder,1,tsp
94d14f54-c137-4e0d-a860-12e090a571aa,OSR016,UK-17-377,"Water, distilled",1.5,C
94ec4f7d-bfcb-40c5-bbd5-c248f4492954,BFP158,UK-17-367,Salt,0.25,tsp
94f013d4-1362-42af-8523-b32628a2a360,ASC286,UK-17-063,"Sugar, white",1.5,tbsp
9504b8b1-a6bc-4107-b5a0-c39803f6dd59,ASC300,L002,"Milk, whole, Cow",150,g
9504ca17-8f6a-485a-a709-3986328bff97,BFP334,D007,"Bottle gourd, elongate, pale green (Lagenaria vulgaris)",50,g
951790a0-690c-429d-b068-2a43af4befca,BFP532,UK-17-367,Salt,0.25,tsp
95188151-8c55-45bd-83c8-72a7cbe807bc,ASC191,UK-13-829,Garam masala,0.25,tsp
951abb4b-e529-4937-9b91-7daf13c665c3,OSR130,UK-17-038,"Oil, olive",1,tbsp
9526b214-79fd-4685-891c-c337c9fd91cd,ASC174,G014,"Ginger, fresh (Zingiber officinale)",6.33,g
9527de89-7a4f-4fd0-aecd-d9c82d863c31,ASC367,UK-13-873,Chilli powder,0.25,tsp
9528c42a-4a9a-4567-b3c1-5fd624695146,BFP307,UK-17-377,"Water, distilled",0.5,tbsp
95292f77-8be5-45ee-bac8-95a475326e69,ASC379,UK-11-023,"Sago, raw",30,g
9536f033-81f2-4907-817a-876af197ae95,BFP513,A018,"Wheat flour, refined (Triticum aestivum)",30,g
9539f0d8-9559-46ba-9ba7-47a366c445fb,OSR056,UK-13-873,Chilli powder,1.5,tbsp
95534862-c4a9-4ead-92be-820f0c5f9efa,BFP287,UK-17-661,"Butter, unsalted",1,tsp
95563c7d-eacd-425b-82ca-3f78ffcbef23,ASC404,UK-14-335,"Cherries, glace",5,g
9574709a-567d-443a-8329-7af0a21ff799,ASC180,H013,Mustard seeds (Brassica nigra),0.25,tsp
957879c4-03c8-4feb-b1e0-79168446ed95,ASC172,G033,Turmeric powder (Curcuma domestica),0.125,tsp
9581a211-65f0-4064-99ea-fee5af103aab,BFP519,UK-12-527,"Cheese, processed, plain",15,g
9593426d-dd76-4ccb-ba2c-07daa45368a0,OSR112,US-534237,WHITE HAMBURGER BUNS,516,g
959633d1-1ac4-4441-b0e2-38e207386693,BFP187,UK-13-873,Chilli powder,0.25,tsp
959665ef-54fb-4775-8642-7ff489f0d834,OSR111,D050,"French beans, hybrid (Phaseolus vulgaris)",25,g
95970f70-1369-4eaf-a07e-06961d3f91ee,OSR108,F006,"Potato, brown skin, big (Solanum tuberosum)",105,g
95994907-8ae7-49bf-ad98-ecf182a36d6b,ASC233,N003,"Chicken, poultry, breast, skinless",120,g
95994db2-f28d-4556-9cce-0f363fea3a91,BFP090,UK-13-874,"Cinnamon, ground",1.25,g
95999c9b-1cac-4287-95af-ccd691ac5d90,BFP559,A006,"Maize, dry (Zea mays)",30,g
9599ddc8-e5af-476b-96fc-3a127cd504e3,ASC461,UK-11-896,"Flour, gram",30,g
959ef062-9b54-4648-b325-e3f20f616003,BFP547,I001,"Jaggery, cane (Saccharum officinarum)",30,g
95a10208-d4a9-44d4-b74b-a9d257beb4e0,ASC381,G009,Coriander leaves (Coriandrum sativum),1,sprig
95a3602c-6286-4243-a354-96fc3532f909,ASC495,UK-17-063,"Sugar, white",1500,g
95a39c52-0e89-42cb-aca0-1b81a447be15,BFP415,C020,Fenugreek leaves (Trigonella foenum graecum),0.5,tsp
95a6f9f3-c6f6-4bf7-9b86-91a166a1c598,ASC411,UK-17-377,"Water, distilled",25,ml
95a806a8-ff51-43f1-a610-07d875c99d2d,ASC348,UK-17-377,"Water, distilled",1,tsp
95bb9819-f670-4ba9-b389-573ae8c08260,ASC195,G017,"Onion, big (Allium cepa)",50,g
95c89d22-91ba-40c1-9889-a762475e00ba,BFP060,UK-18-304,"Chicken, whole, corn-fed, raw, meat and skin, weighed with bone",150,g
95cafad5-1f79-40de-b683-cf0b9ee161f4,OSR091,G009,Coriander leaves (Coriandrum sativum),2,sprig
95cff3a1-d967-4d0a-b1a9-80cc0f2976d5,BFP205,G023,Cloves (Syzygium aromaticum),0.25,tsp
95dcf8af-5e90-40d6-a7c5-1d5ac5518c70,ASC295,H018,Pistachio nuts (Pistacla vera),0.4,g
95e8b36b-88dd-4579-ae22-563ccb5de449,ASC353,UK-17-045,"Oil, sunflower",480,ml
95e9ca96-1d7b-45a4-9554-079722047081,BFP151,B001,"Bengal gram, dal (Cicer arietinum)",1,tsp
95fb19c5-7426-4ffe-92f6-c4d4aa35b6da,ASC080,G014,"Ginger, fresh (Zingiber officinale)",6.33,g
9601dd0a-6c43-4021-ad2d-0e5fba55d7ec,OSR048,UK-17-063,"Sugar, white",200,g
960a08ca-3d86-432c-b58c-30d4dfdd26be,OSR022,UK-17-640,"Ghee, butter",1.5,tsp
9622e6af-83c1-4c81-bf7a-6e0c43fedd02,ASC234,G012,"Garlic, small clove (Allium sativum)",1.25,g
9623e795-4be2-43d4-859b-9ed4b4b87788,ASC234,G023,Cloves (Syzygium aromaticum),0.5,tsp
962a2aa1-8d05-4441-8966-43128587235d,ASC253,UK-17-367,Salt,0.5,tsp
963237a2-5a65-4877-a78a-b944ece62fe3,ASC087,M002,"Egg, poultry, white, raw",17,g
9636ea9c-120b-4abd-a734-133f84998a86,ASC244,N003,"Chicken, poultry, breast, skinless",150,g
963eed31-2b6e-45ba-b50b-a66511e0b92e,BFP459,UK-17-367,Salt,0.25,tsp
9651c597-ab96-4984-a322-8c5e362f6690,ASC241,G025,Cumin seeds (Cuminum cyminum),0.25,tsp
96566672-19b1-42f9-8eae-04e7665a06cb,BFP300,F006,"Potato, brown skin, big (Solanum tuberosum)",120,g
96605377-dcd8-44ff-8c0f-d6899dad688a,ASC421,UK-17-355,Baking powder,0.25,tsp
96652a75-c827-48cb-92e1-a563c566b581,BFP241,UK-17-045,"Oil, sunflower",2,tsp
966b0564-b913-45e3-9435-bb84401df9ee,BFP187,UK-11-896,"Flour, gram",45,g
96782607-f83d-4ded-acf6-0812b4da6c12,BFP548,H012,Ground nut (Arachis hypogea),10,g
968d4dad-b1a7-4dd9-833b-e3dd4f4fc443,ASC244,M002,"Egg, poultry, white, raw",17,g
96949b23-ea91-4270-98d9-fdbae70d17ef,BFP154,D075,"Tomato, ripe, hybrid (Solanum lycopersicum)",60,g
9696f3e6-1f54-4c04-8fad-4d235c80af38,BFP001,UK-13-874,"Cinnamon, ground",1,tsp
96977358-f608-4ae4-812e-ccead1491666,BFP485,UK-14-069,"Cherries, West Indian, flesh only",50,g
969cb900-1eba-49c6-aace-a1f826090eaf,ASC171,G014,"Ginger, fresh (Zingiber officinale)",6.33,g
96a5b754-f535-4fa9-ba11-f26047ef79bc,OSR138,F006,"Potato, brown skin, big (Solanum tuberosum)",70,g
96a7407d-f0e9-403e-b096-c7da3d58dc57,ASC412,UK-17-367,Salt,0.25,tsp
96aa84cf-9810-4f7f-ba6e-23b0109a815f,BFP240,G012,"Garlic, small clove (Allium sativum)",1.25,g
96b35285-5ac6-491a-81c8-d9aa1b1610c0,OSR118,A022,"Wheat, semolina (Triticum aestivum)",3,tbsp
96b4be1f-6e4c-46a8-a2f0-5837103576fe,ASC231,UK-17-377,"Water, distilled",0.5,C
96c713ef-84bf-457a-9f5a-858452d92845,OSR052,UK-17-043,"Oil, sesame",0.33,C
96d58b82-f3d8-4d55-a9b7-f7d3ee6362b4,ASC121,UK-17-377,"Water, distilled",160,ml
96d754f7-2171-4a32-8b47-9ddefc39353f,ASC066,US-499195,JAM,20,g
96dd09c7-b2a2-4637-a390-8f128602aa4d,BFP532,UK-17-360,Gelatine,3,g
96ddb70b-efdd-441f-a81a-19a9d17f1eaa,ASC356,UK-17-045,"Oil, sunflower",480,ml
96df6616-9d20-4d68-98b1-32b3868f5bbd,ASC045,UK-17-661,"Butter, unsalted",25,g
96dff19c-b579-4bde-9464-9d6daffa1450,BFP066,N003,"Chicken, poultry, breast, skinless",80,g
96e18a57-0a15-4efd-bcbb-4e9febab1581,ASC291,E057,"Raisins, dried, black (Vitis vinifera)",1.32,g
96e8bf2e-0f44-419b-aa55-f04642e398d8,BFP158,UK-17-045,"Oil, sunflower",1,tbsp
96faea5e-bb79-4340-b9a5-869e5a99c976,ASC225,UK-12-184,"Yogurt, whole milk, plain",2,tsp
96fb4cda-969b-4d05-93ab-a9bb06a676aa,ASC054,A012,Rice puffed (Oryza sativa ),30,g
96ffef83-ab48-4b8e-a34f-441e4e93cb6b,BFP302,D042,"Corn, Baby (Zea mays)",40,g
970fa2cf-6628-417b-a2d5-6e0ac9a5a57c,OSR102,C020,Fenugreek leaves (Trigonella foenum graecum),0.75,tbsp
97172999-8e06-4f42-bf13-5e106ca79287,ASC513,D057,"Mango, green, raw (Mangifera indica)",1000,g
97174b5a-872d-4737-85f2-16478a5e92ff,BFP466,UK-17-367,Salt,0.25,tsp
971e89b5-1d7a-4810-b5d1-ade16508aa86,ASC356,UK-13-873,Chilli powder,0.125,tsp
9726e01b-675b-4676-bac3-20dfd42f45fe,BFP473,G031,"Pepper, black (Piper nigrum)",0.25,tsp
97275997-0ae8-41d4-b2ab-59eb976328ae,BFP532,UK-14-369,"Orange juice, freshly squeezed",60,g
972b80da-f4db-4ff2-a73d-e947d19f7c46,OSR145,B021,"Red gram, dal (Cajanus cajan)",87.5,g
97354e65-eb60-4ec5-9c17-65a9d7990f76,BFP328,UK-17-367,Salt,0.17,tsp
973a3b4d-f5dd-447a-afad-6fd0704fa922,OSR115,UK-17-367,Salt,0.5,tsp
973d2482-c235-464b-9cf1-649cec94b647,ASC375,UK-13-829,Garam masala,0.125,tsp
97549ecd-d77c-478a-ab75-f062c22aad68,BFP430,G025,Cumin seeds (Cuminum cyminum),0.125,tsp
97557d6e-9ad8-4045-b630-5d74da03bdaf,ASC168,UK-17-367,Salt,0.25,tsp
9758a4b5-e991-4f04-aba9-b23d4fe30da6,OSR010,H018,Pistachio nuts (Pistacla vera),3.92,g
975e0e7a-e296-47cc-bf1e-b39207139688,BFP366,UK-17-377,"Water, distilled",30,ml
97609671-c51e-4693-84b1-c01407141a4f,BFP321,UK-12-184,"Yogurt, whole milk, plain",100,g
976315b8-2aba-48ea-bd70-3499e85baab3,ASC173,D061,"Peas, fresh (Pisum sativum)",50,g
976756a5-6989-447d-9738-1cef56284796,OSR004,UK-17-063,"Sugar, white",300,g
9768e0e4-8fa2-4beb-bc7a-38abff25173c,OSR108,UK-13-886,Mixed curry spices,1,tsp
976eaf02-5ee1-4e39-872f-8413c369a8f7,ASC129,G008,"Chillies, green - all varieties (Capsicum annum)",3.33,g
976fcf01-75d0-4d3a-9c12-810f5d0f6816,OSR154,UK-17-377,"Water, distilled",2,tbsp
9777bcde-90b3-4c30-a08a-6cdfe32859c5,ASC035,D043,"Cucumber, green, elongate (Cucumis sativus)",40,g
97788f80-2069-4d11-abb6-306cc5742327,ASC171,G009,Coriander leaves (Coriandrum sativum),1,sprig
977edc9b-999f-435d-b53f-399fa6f059c7,OSR018,US-851134,"MIXED NUTS CASHEWS, ALMONDS, HAZELNUTS, PISTACHIOS, PECANS, MIXED NUTS",72,g
9782f8eb-b97e-44ee-9c0b-e929a643e531,ASC356,US-806341,AJWAIN SEED WHOLE ORGANIC SPICES,0.25,tsp
97864d4f-abe1-4c14-a739-606f71c3633a,ASC142,G032,Poppy seeds (Papaver somniferum),0.25,tsp
97873c9f-6c7c-4b98-a315-91dafa92b1ed,OSR139,B020,"Rajmah, red (Phaseolus vulgaris)",40,g
97896d6a-0197-4779-b9a3-2baa70a33927,ASC313,UK-17-360,Gelatine,1.5,tsp
978c2c67-24ea-4881-88f0-233eb3df0bcb,BFP352,UK-11-1045,"Flour, corn",1,tsp
9799363c-b9db-4886-bf83-3e104e92b4c9,ASC252,G014,"Ginger, fresh (Zingiber officinale)",20,g
97a02ed1-bdc3-458d-8ba4-29a8d822ab9c,BFP467,UK-11-971,"Bread, brown, average",60,g
97a076ae-963a-4dfd-a948-9551957524d4,OSR128,D037,Celery stalk (Apium graveolens),50.5,g
97a517c5-586f-433f-ade5-010ca711cf49,BFP161,UK-13-883,"Thyme, dried, ground",1,sprig
97b18576-a5e0-48da-a3bf-49c1e5ffec3e,BFP294,L002,"Milk, whole, Cow",150,ml
97b18dd7-8bd9-410b-88c2-80d1c086b557,ASC450,US-167749,"Lemon peel, raw",0.125,tsp
97b6f5e3-981d-49d4-901a-557373002bbc,BFP301,D043,"Cucumber, green, elongate (Cucumis sativus)",15,g
97d0762b-30b7-4b73-bf80-899e65e290c9,BFP159,G017,"Onion, big (Allium cepa)",50,g
97d31521-a640-476e-a641-febf104ad9b4,BFP275,G009,Coriander leaves (Coriandrum sativum),1,sprig
97d7508c-3e02-4c78-826b-a6a99cc14170,ASC401,A018,"Wheat flour, refined (Triticum aestivum)",100,g
97e3b584-e30b-4bc5-a77b-78ec18680d83,OSR072,G031,"Pepper, black (Piper nigrum)",0.25,tsp
97e895a3-9b0b-40a1-9a81-7fd0b1cfacec,BFP210,G012,"Garlic, small clove (Allium sativum)",1.25,g
97e9b8dd-9e31-43ee-9144-1a09ad644f35,BFP091,UK-13-342,"Shallots, raw",35,g
97ebf96c-3db6-4457-9f39-686d38fecdb2,BFP372,E005,"Apricot, dried (Prunus armeniaca)",60,g
97f0f015-598e-4dc2-9c88-430e16d68fff,OSR155,G008,"Chillies, green - all varieties (Capsicum annum)",5,g
97f76365-0b7b-44c8-bb52-a5040cf53e3a,ASC459,H012,Ground nut (Arachis hypogea),50,g
97f94339-6bca-4b67-83fc-4fab040b7d69,ASC222,UK-13-873,Chilli powder,0.25,tsp
97fd6cf7-0d51-4848-a4e5-d281c4c40a8c,BFP287,F006,"Potato, brown skin, big (Solanum tuberosum)",150,g
9805a595-6e9f-4889-9129-6f097459fb0b,ASC457,UK-13-873,Chilli powder,0.25,tsp
980d8b5a-c7ce-42dd-a70e-281170a82547,ASC011,UK-12-508,"Ice cream, dairy, vanilla, soft scoop",50,ml
980e3099-f230-4600-865c-8ea974c9090b,BFP079,UK-17-661,"Butter, unsalted",12,g
9812330e-5b86-45f4-b7ce-21512871d7cd,ASC102,UK-17-377,"Water, distilled",4,tbsp
9813ad74-0695-4f5e-b79e-2f3995b6cedd,BFP379,UK-17-050,Honey,0.75,tsp
9815cb48-db57-4d07-bf30-2ebe7716c473,BFP108,G017,"Onion, big (Allium cepa)",80,g
98189674-6c1d-44db-9176-9f3624ce599e,BFP150,F002,"Carrot, orange (Daucus carota)",75,g
9822a805-faa9-49f3-b8d8-aae781b0da3c,BFP024,G008,"Chillies, green - all varieties (Capsicum annum)",3.33,g
982d3adf-3920-4c28-aee9-42e9f97cb75b,OSR078,UK-13-830,Garlic powder,0.25,tsp
98331e9a-32b7-4004-a750-701f6cea04e4,ASC358,UK-11-896,"Flour, gram",50,g
983811ac-9029-4bce-8eb1-5668323af416,OSR114,UK-17-377,"Water, distilled",2,tbsp
983be1c6-916c-4d7e-8c9b-a54fd48bddf3,OSR076,UK-11-021,"Flour, rice",30,g
9844d9c0-f050-4731-b3da-04cc8f00dbb3,ASC254,UK-17-367,Salt,0.25,tsp
98455b38-cfcc-4fb4-b5a0-c2f069fdf35e,BFP278,UK-17-045,"Oil, sunflower",5,g
984907d7-dd01-403a-8bd6-0ac7af8ebddc,OSR142,G012,"Garlic, small clove (Allium sativum)",2,tsp
984ddaf1-4abf-46cf-bf43-2a5c193bc4ea,ASC046,UK-17-719,Chilli sauce,1,tsp
98521eae-73a2-4496-9623-02f84f283582,ASC073,L002,"Milk, whole, Cow",1,C
9852b851-662f-4e07-b965-5c19660b814f,BFP463,UK-17-661,"Butter, unsalted",1,tsp
985a6296-6c01-44bd-b57e-75e7df3fc112,ASC062,D075,"Tomato, ripe, hybrid (Solanum lycopersicum)",25,g
985a707e-1a1b-49da-8973-7881d226f793,BFP598,G012,"Garlic, small clove (Allium sativum)",25,g
9860bc7c-760c-4f22-9d40-4b698926c2c7,BFP478,M001,"Egg, poultry, whole, raw",100,g
98675919-d15d-41ba-b04f-5efa47681857,ASC147,G014,"Ginger, fresh (Zingiber officinale)",0.25,tsp
9869a868-218a-4a4c-a787-17651998dd5a,ASC212,F006,"Potato, brown skin, big (Solanum tuberosum)",250,g
9871656f-1229-4a6c-b5b4-3115fd118b7c,BFP199,UK-13-829,Garam masala,0.125,tsp
9872509c-a5c8-48d5-bf37-129d557e83ec,BFP230,G025,Cumin seeds (Cuminum cyminum),0.5,tsp
987b4874-f61f-42fa-9102-eb4dcff5dfff,OSR098,B001,"Bengal gram, dal (Cicer arietinum)",1.75,tbsp
987ef48f-3697-4eb5-adc9-2dac98856a8c,BFP161,UK-17-367,Salt,0.25,tsp
98839777-2219-46ad-99f7-badb1983f115,BFP266,G017,"Onion, big (Allium cepa)",30,g
98843d0d-24c1-4451-a9d5-5aef3ee9dff9,BFP516,UK-11-788,"Porridge oats, unfortified",15,g
9886f2b8-b5b0-4bfa-8649-b0ca526d5779,OSR152,F006,"Potato, brown skin, big (Solanum tuberosum)",210,g
98883d19-9320-482c-a0c5-9f6ea812b703,ASC129,A014,"Rice, parboiled, milled (Oryza sativa )",50,g
988b2fe4-481e-422f-8b36-2047313d8651,BFP466,UK-17-661,"Butter, unsalted",30,g
9891e6ee-4fe3-454a-bdaa-53d3ca33d8eb,BFP158,G031,"Pepper, black (Piper nigrum)",0.25,tsp
98969c0f-f730-4303-aac7-d6513690e452,ASC094,UK-17-377,"Water, distilled",100,ml
98a0d7fe-3a92-4f04-835d-fc35eafef0b3,ASC383,F002,"Carrot, orange (Daucus carota)",20,g
98ac4f95-35ec-4a85-be69-22d6033cd5e7,OSR031,UK-17-661,"Butter, unsalted",454,g
98aca2b3-53f4-4b24-a0ea-c91fa9c55c7e,ASC265,UK-17-377,"Water, distilled",2,tsp
98b1e3b2-3575-48e1-89a1-8b4a6661d133,ASC226,UK-17-045,"Oil, sunflower",1,tbsp
98b6a016-0725-418f-94cc-3122c8dc5323,BFP546,H011,"Gingelly seeds, white (Sesamum indicum)",5,g
98b83cec-9c94-4d54-a0be-4173ca0e7b7a,BFP421,UK-13-829,Garam masala,0.125,tsp
98b9a92b-a59c-4788-9f68-2a69964cd052,BFP291,J001,"Button mushroom, fresh (Agaricus sp.)",50,g
98b9db6e-fae6-43e8-ab68-8d9250cfc88a,BFP351,UK-17-491,"Chocolate, plain",25,g
98bd3ef1-708d-4af8-ad9e-440df715f208,BFP266,UK-17-045,"Oil, sunflower",15,g
98bd4d81-9bce-4123-a1c3-fac3f9af93bc,OSR079,UK-17-661,"Butter, unsalted",1,tbsp
98be85ee-9892-471c-abeb-a6020c927333,BFP558,US-473921,CRACKED WHEAT,20,g
98c05905-dba1-441b-91a6-d5b8c7b0fbd5,OSR060,G024,Coriander seeds (Coriandrum sativum),0.5,tsp
98c66cb9-7890-4530-b0fc-27324c1cda3b,OSR059,UK-17-339,Vinegar,1,tbsp
98cd7793-8751-4fd1-beae-285b230b1eee,BFP019,UK-17-063,"Sugar, white",30,g
98d0909e-6136-4e1d-b82c-8fe4b9503ebc,ASC468,UK-17-367,Salt,0.75,tsp
98e1e1c8-5031-4f19-94d3-e56f6037459a,BFP162,UK-13-805,"Basil, dried, ground",2,g
98e8724f-9be0-42d6-b3aa-e223675b1caf,ASC475,A012,Rice puffed (Oryza sativa ),70,g
98e9ee17-482a-4845-98e9-389f6ae4ab6b,ASC216,UK-17-367,Salt,0.5,tsp
99002fde-0e50-47b2-9fc6-b0739bcf62ca,BFP039,UK-17-045,"Oil, sunflower",15,g
990a4b0c-f7e6-4659-91a9-087528843932,BFP166,UK-17-377,"Water, distilled",1.25,C
990b2975-a757-4e1b-b84a-749222cb73c9,ASC044,UK-18-481,"Lamb, mince, raw",60,g
990c0656-e4cb-4bbf-8b4e-b2e5de0c0405,ASC215,L003,Paneer,40,g
99120ee3-9bd3-4393-b996-170c0563a16a,ASC368,UK-17-367,Salt,0.5,tsp
99127472-6d11-40c2-9703-50a446a70056,ASC400,J001,"Button mushroom, fresh (Agaricus sp.)",30,g
9913345f-8dc7-48ba-aa5d-691dcd374468,ASC369,G031,"Pepper, black (Piper nigrum)",0.5,tbsp
991d7016-b69b-4346-96c9-5a09db404248,ASC030,UK-17-661,"Butter, unsalted",20,g
993fe137-c962-4dad-88ff-89ea21cacfd2,ASC384,G012,"Garlic, small clove (Allium sativum)",0.9,g
9945cee9-b56e-4bee-8f3c-d4138aceb160,ASC495,UK-17-367,Salt,0.5,tsp
9945e769-fd9a-42de-b6be-e4ff60565989,BFP467,UK-17-661,"Butter, unsalted",40,g
99580b88-b8ca-41eb-a95e-274976179756,BFP005,UK-17-031,"Oil, coconut",5,g
995de846-93ac-45eb-8770-b9bed490cf9d,ASC278,E009,"Banana, ripe, montham (Musa x paradisiaca)",30,g
9961a80d-8987-4754-ad25-bde79f93c8b8,OSR063,G014,"Ginger, fresh (Zingiber officinale)",0.5,tbsp
99627293-dbb9-407a-bf49-8d780cb884a1,ASC159,G014,"Ginger, fresh (Zingiber officinale)",6.33,g
996719d7-ffe4-4e58-a41f-1a80c3e2c2b6,BFP134,UK-17-367,Salt,0.75,tsp
996c2a7c-7473-42fb-b721-56f6cc3c4b9f,BFP259,US-172337,"Oil, mustard",1,tbsp
997002a0-3bfc-4e40-ba19-ae358d2b69d4,ASC338,UK-17-062,"Sugar, icing",25,g
99724d22-6ee9-4153-a492-f5500142897c,BFP234,A018,"Wheat flour, refined (Triticum aestivum)",12,g
9975500c-35a0-453c-8926-2ed1e8dd3129,ASC116,G025,Cumin seeds (Cuminum cyminum),0.25,tsp
9975f380-adc9-4a37-b335-8b96f91792f9,ASC514,G021,"Cardamom, black (Elettaria cardamomum)",0.25,tsp
9976c8a1-66b8-42e2-8d52-0b45d5712bea,ASC405,UK-11-1045,"Flour, corn",2,tbsp
99825399-3ca8-43cf-864f-bdc1ca5f0567,ASC128,A014,"Rice, parboiled, milled (Oryza sativa )",80,g
999087b1-d885-4b2d-89c2-29332b8b5b6c,OSR022,H001,Almond (Prunus amygdalus),35.75,g
9999ad28-06f7-4d46-9fb4-e5fa6d2b1d30,ASC403,E001,"Apple, big (Malus domestica)",125,g
999d1d1f-325e-44e1-b354-49d6722f280a,BFP008,UK-17-377,"Water, distilled",360,ml
99a0f500-c52f-4524-9504-1b6515d4e845,ASC147,UK-17-367,Salt,0.125,tsp
99a2ed9a-b6d7-410b-8602-41c108c939f9,BFP361,UK-12-333,"Cream, fresh, whipping",15,g
99a4d911-cb1c-48ce-8ecf-ebe35d8d7b7a,BFP292,D033,"Capsicum, green (Capsicum annuum)",30,g
99a86d98-f9ae-46bd-b31e-de195b0a803b,OSR135,UK-17-367,Salt,0.75,tsp
99bed834-16ed-4758-92d6-a11d5204f41d,OSR036,G028,Nutmeg (Myristica fragrans),0.25,tsp
99c08800-887d-4f4c-9f56-c70acc37ca0d,ASC425,UK-14-263,Sultanas,50,g
99c4001f-b2c2-4782-b3d7-3b44fd5b9cd2,ASC318,M001,"Egg, poultry, whole, raw",50,g
99c4291e-d1ea-48ca-b594-d24bd78efffb,OSR079,F010,"Radish, elongate, white skin (Raphanus sativus)",116,g
99d3e6c4-2e43-40fa-bca9-c187c4b90d15,ASC219,D066,"Pumpkin, orange, round (Cucurbita maxima)",30,g
99d79cc1-e7f8-4a47-baae-8b2d9750c69a,ASC218,E030,"Jack fruit, ripe (Artocarpus heterophyllus)",120,g
99e29ebc-4717-4399-881e-29edf1f73dfb,ASC115,F002,"Carrot, orange (Daucus carota)",50,g
99fd5279-cd0a-4c6d-a23d-7023e641654c,ASC037,UK-17-362,Mustard powder,0.25,tsp
9a010bc5-8a1e-4842-ac8c-ead777887de8,ASC486,I001,"Jaggery, cane (Saccharum officinarum)",20,g
9a032b3a-a24c-4201-a910-8adc74a8a01d,ASC324,US-173471,Vanilla extract,0.5,tsp
9a08ac36-1807-46cd-b985-78819e66f5fd,BFP155,UK-17-726,"Stock cubes, chicken",0.5,C
9a099d3d-2cc0-4010-af98-9d2a2d536dbf,BFP240,UK-17-367,Salt,0.17,tsp
9a13c19b-3234-4705-bca6-5e49ccd8f698,BFP308,UK-17-050,Honey,1,tbsp
9a2dc859-100f-4232-82c8-bc05f3287285,OSR065,UK-17-367,Salt,0.5,tsp
9a39b014-d112-439d-862d-af066e8c4ca2,ASC181,G033,Turmeric powder (Curcuma domestica),0.125,tsp
9a3ee8c6-29a9-409f-9de9-f86674c5e894,ASC198,UK-13-873,Chilli powder,0.25,tsp
9a407def-b367-4a6e-9c53-f6b3bba8299d,OSR094,A018,"Wheat flour, refined (Triticum aestivum)",2,tbsp
9a4a4061-a6db-4b61-8873-66cfffb5fb15,BFP560,UK-17-063,"Sugar, white",25,g
9a4e112c-ed40-4f2b-bf4b-277c2817ef08,BFP327,G025,Cumin seeds (Cuminum cyminum),0.25,tsp
9a59643c-ea32-4f36-bb71-16449cb70b71,ASC402,UK-17-661,"Butter, unsalted",50,g
9a5eb9b9-a438-42e9-8953-2f89c8f7d520,ASC329,E017,"Dates, dry, pale brown (Phoenix dactylifera)",50,g
9a6debc2-5217-4a7a-8b4f-1ce7005eb88c,ASC241,UK-17-367,Salt,0.5,tsp
9a7deca3-d97d-4425-a67e-69029e9e0142,BFP316,G025,Cumin seeds (Cuminum cyminum),0.25,tsp
9a823ed1-49bc-4a01-a8f9-356209028c81,ASC472,A019,"Wheat flour, atta (Triticum aestivum)",30,g
9a879a45-6317-45c1-b724-467cdef29597,BFP132,G025,Cumin seeds (Cuminum cyminum),0.5,tsp
9a91b5da-0ff1-43ff-b5f0-1b757a24ef94,ASC509,H013,Mustard seeds (Brassica nigra),25,g
9a9b0d37-9f30-431c-a484-c2b4c4211705,BFP453,G014,"Ginger, fresh (Zingiber officinale)",5,g
9aa83b78-f4f8-42ab-9d37-f64984a98736,BFP171,UK-13-829,Garam masala,0.125,tsp
9aaae13b-cb26-4d70-827c-661991051738,BFP459,G008,"Chillies, green - all varieties (Capsicum annum)",1.67,g
9aac8b7c-f7c5-4438-a957-093851fd0c06,ASC500,UK-17-377,"Water, distilled",350,ml
9aacdd77-0b05-4b88-92c5-edca2b5c1e1c,ASC469,UK-17-045,"Oil, sunflower",1,tsp
9ab0ef2f-89cb-436e-b0eb-c0a8591a96de,BFP421,G014,"Ginger, fresh (Zingiber officinale)",3,g
9abc4ac3-60d9-4c9c-895c-ee62e48eb7bf,BFP312,UK-17-367,Salt,0.25,tbsp
9ac27932-53ce-444a-851c-dbe535787575,ASC362,UK-17-640,"Ghee, butter",2,tsp
9ac3bb86-7309-4e71-85e6-6e451047ae5b,ASC231,G021,"Cardamom, black (Elettaria cardamomum)",0.125,tsp
9ad54213-d63f-423d-a4f6-0fbc41d04cce,BFP564,UK-17-640,"Ghee, butter",8,g
9ad70501-e1d8-4ff7-8a0f-f4f56c7e6878,BFP074,G017,"Onion, big (Allium cepa)",20,g
9ad74f05-cffe-4b70-8ebd-a551f5fc1709,ASC201,UK-11-1145,"Bread, white, average",30,g
9aee6d99-1f99-49e8-a7b6-aa264205c85f,BFP292,UK-11-1145,"Bread, white, average",15,g
9af379ca-9f36-43d8-a106-f4e97bedcb41,ASC118,G021,"Cardamom, black (Elettaria cardamomum)",0.25,tsp
9af728a8-2a64-47c8-b41e-5292a802ab73,ASC118,UK-13-874,"Cinnamon, ground",0.5,tsp
9b055738-c795-495d-aea3-df837bb22c44,BFP539,UK-17-045,"Oil, sunflower",240,ml
9b0c5f64-62b9-4a45-bd12-2aac07c9b617,ASC359,US-806341,AJWAIN SEED WHOLE ORGANIC SPICES,0.25,tsp
9b105fbe-1439-4e4a-bbe9-63ec56c1719c,OSR128,G012,"Garlic, small clove (Allium sativum)",2.5,g
9b126b47-2f68-4657-9c53-ef2434c3f167,BFP420,C020,Fenugreek leaves (Trigonella foenum graecum),0.5,tsp
9b1a9c36-4748-445a-9895-6532fb0410ee,OSR087,UK-13-830,Garlic powder,0.125,tsp
9b252800-c30e-41aa-a9dd-653858ea3f7f,BFP214,UK-13-873,Chilli powder,0.25,tsp
9b25e5cd-152d-4204-8859-1be1aa6dd222,ASC099,UK-13-829,Garam masala,0.25,tsp
9b27ba9b-6985-441c-b8f4-67c78838f99d,ASC299,UK-17-640,"Ghee, butter",2,tbsp
9b2cdef5-1c83-4867-869c-81b1e5d8b133,ASC238,G009,Coriander leaves (Coriandrum sativum),1,sprig
9b2e0e14-2630-4753-92e6-04b7c15fa443,BFP216,C020,Fenugreek leaves (Trigonella foenum graecum),0.17,tsp
9b2f7712-fa6a-4ae0-bf76-e5b56b6d67b8,ASC156,G017,"Onion, big (Allium cepa)",17.5,g
9b30f396-ebed-4ea8-8d7f-826d78c5618d,OSR028,UK-17-661,"Butter, unsalted",2,tbsp
9b366e11-be05-4d2a-b6e4-bdc36273539d,ASC230,UK-12-184,"Yogurt, whole milk, plain",30,g
9b36dfaf-4129-4ece-bcd7-33e60855f973,BFP133,G025,Cumin seeds (Cuminum cyminum),0.13,tsp
9b39a1ac-8a9d-46a4-8a08-9d0206d5912a,ASC234,G020,"Cardamom, green (Elettaria cardamomum)",0.25,tsp
9b3d8205-798a-46d7-ab84-704c77a6918a,ASC362,UK-13-873,Chilli powder,0.25,tsp
9b417f80-a757-4185-9da8-8f47093ace9c,OSR074,UK-17-377,"Water, distilled",0.75,C
9b446b80-1468-4116-9f94-267d83ac06bb,ASC105,G008,"Chillies, green - all varieties (Capsicum annum)",3.33,g
9b4df6a2-cc4e-41e6-9c4f-d2e5a122a0a4,ASC112,A019,"Wheat flour, atta (Triticum aestivum)",80,g
9b5ee2f1-ada7-4702-ab37-2a896eef00b9,ASC219,UK-17-367,Salt,0.25,tsp
9b67340e-1a46-44b7-8ee9-c934949894ef,ASC328,UK-17-060,"Sugar, brown",1,tbsp
9b6944e9-8db0-4d99-8034-0e77780905b0,ASC427,UK-17-062,"Sugar, icing",90,g
9b6f65be-0e40-4dae-8bb9-f55d7749d6df,ASC314,UK-12-332,"Cream, fresh, single",50,g
9b75c987-bf11-444d-b696-a508a4821247,ASC496,UK-17-377,"Water, distilled",750,g
9b80acf7-e83e-40de-934b-b0810a30703d,ASC122,G033,Turmeric powder (Curcuma domestica),0.25,tsp
9b82bb0b-f251-41e6-9d6e-cc037f47dff8,BFP296,G031,"Pepper, black (Piper nigrum)",0.25,tsp
9b86351a-f5a5-4344-82ea-4d049cf1e4bc,ASC030,L002,"Milk, whole, Cow",1,tsp
9b8955d0-b093-489e-88d4-e6d673c0f9b6,OSR133,UK-13-622,"Sweetcorn, kernels, raw",72.5,g
9b8c0c7c-9c51-4494-9784-c3842f5c5609,ASC460,UK-13-873,Chilli powder,0.25,tsp
9b8fae92-73d6-48e1-b61f-accf6353eb21,ASC132,UK-12-527,"Cheese, processed, plain",25,g
9b97a730-1f30-403c-8775-13f0244a286e,ASC378,UK-17-367,Salt,0.5,tsp
9bad8e4f-0799-4d1f-9d84-3b9aeef6733c,OSR096,G025,Cumin seeds (Cuminum cyminum),0.5,tsp
9bb2485d-6c14-42ae-9ed3-7c635d3714d8,ASC512,G031,"Pepper, black (Piper nigrum)",2.5,g
9bb3c0d3-4481-4e19-84c9-e65619d288b1,BFP380,UK-12-545,Cocoa powder,1,tbsp
9bb49331-a05b-4669-9760-fb0f78cca1c4,BFP388,UK-17-377,"Water, distilled",100,ml
9bb67326-fba6-4e88-99ee-7a57904a4089,BFP027,UK-17-672,"Energy drink, carbonated",500,ml
9bba7b97-810d-4b37-8edc-3b77269bdd22,ASC277,G025,Cumin seeds (Cuminum cyminum),0.25,tsp
9bc3cd49-6dc7-4c5b-9f35-3e9ba79f134c,ASC149,A019,"Wheat flour, atta (Triticum aestivum)",40,g
9bcbf7aa-a23d-49f9-8705-f3704b8e977f,ASC348,A018,"Wheat flour, refined (Triticum aestivum)",25,g
9bd7478e-8e50-45df-97c9-29448810e867,ASC134,C015,"Cabbage, green (Brassica oleracea var. capitata f. alba)",30,g
9be8fe09-a6d9-4139-bdf9-aa731fd05fbc,BFP316,G008,"Chillies, green - all varieties (Capsicum annum)",3.33,g
9bf29936-ab7a-474c-96e1-ace7ece150e6,BFP299,UK-17-701,"Dressing, French",30,g
9bf5a0b5-91e8-4fb0-85ab-ff4264166929,BFP122,C015,"Cabbage, green (Brassica oleracea var. capitata f. alba)",20,g
9bf96525-c52a-42cc-a7cd-1a78b47c696a,ASC220,UK-17-367,Salt,0.5,tsp
9c053a16-c0ae-434c-beeb-2ec804ea697a,OSR076,G022,"Chillies, red (Capsicum annum)",6.67,g
9c22bc57-92a0-4df6-95d5-e3092f79c006,BFP569,B001,"Bengal gram, dal (Cicer arietinum)",20,g
9c2fd1f8-b4a9-449a-93b3-2437ab210d4e,BFP046,F006,"Potato, brown skin, big (Solanum tuberosum)",65,g
9c301907-e345-46af-893e-7897cb7f8ffd,BFP365,UK-17-247,"Spirits, 40% volume",0.75,tsp
9c374cb2-7189-4ce5-ba90-76039ddff3e1,BFP096,UK-17-045,"Oil, sunflower",5,g
9c397e30-a46a-4da0-8e45-437be5191f15,BFP207,G031,"Pepper, black (Piper nigrum)",0.625,tsp
9c3e3b66-83c9-41b9-b26e-f514b5561109,BFP198,G017,"Onion, big (Allium cepa)",30,g
9c4661d7-8d46-4f00-9640-d177503f2050,ASC140,L002,"Milk, whole, Cow",200,ml
9c4d246f-eada-42a1-95b6-c5a2646a9ced,BFP415,US-806341,AJWAIN SEED WHOLE ORGANIC SPICES,0.25,tsp
9c597a6a-05f0-403b-8a50-37bb03a869db,ASC400,UK-17-661,"Butter, unsalted",30,g
9c6160d2-813b-4101-9a87-df575ae4d8ab,BFP463,C028,Parsley (Petroselinum crispum),1,sprig
9c762df4-8428-48af-be03-b80f21bc1ce4,BFP177,G022,"Chillies, red (Capsicum annum)",3.33,g
9c7c3883-fa7b-4d6c-ae82-de739db63154,BFP270,UK-17-045,"Oil, sunflower",240,ml
9c8da6bd-9cd5-4eb1-95d2-094d31645548,BFP026,G016,Mint leaves (Mentha spicata ),6,sprig
9c92fddd-b9b1-4b74-a258-310a51447afd,ASC036,D075,"Tomato, ripe, hybrid (Solanum lycopersicum)",16.7,g
9cae24f3-cdff-4f71-b98a-fc27ca5bf6f7,OSR104,A019,"Wheat flour, atta (Triticum aestivum)",120,g
9cbc5956-bffe-43b3-8804-a7de3c945e7e,OSR135,E001,"Apple, big (Malus domestica)",80,g
9cc2f255-1077-46cd-810d-c2976c05acae,BFP496,UK-17-356,Bicarbonate of soda,0.25,tsp
9cd1f544-d257-4d0c-8cb4-70828b819438,ASC180,G010,Curry leaves (Murraya koenigii),1,sprig
9cd2d9ab-7511-4d0d-92bf-ff8fae6a19a5,ASC450,UK-17-367,Salt,0.25,tsp
9cd85feb-a8ac-462e-9428-45b2144b2844,ASC463,A014,"Rice, parboiled, milled (Oryza sativa )",50,g
9cdc00b4-0ed3-4f44-ab2a-8d491c8c425b,ASC228,G020,"Cardamom, green (Elettaria cardamomum)",0.5,tsp
9ce06861-15db-496b-af0c-736fb8323c2f,BFP431,UK-13-829,Garam masala,0.25,tsp
9ce13b99-8da9-42d5-8f4f-53ff08078ab1,ASC253,UK-17-062,"Sugar, icing",0.5,tsp
9ce79cc4-edd4-48e1-8191-1b5826acb74d,BFP523,UK-17-661,"Butter, unsalted",45,g
9ceb1600-ba61-4914-811a-2903fecfd9ca,ASC119,G025,Cumin seeds (Cuminum cyminum),0.25,tsp
9ceb1fd5-f3dc-4862-bce7-5a158e7d73ad,BFP179,UK-17-640,"Ghee, butter",10,g
9cedf1eb-ec91-4f80-9528-5de1826a284d,BFP222,G025,Cumin seeds (Cuminum cyminum),0.25,tsp
9cf7a1fe-97b6-427a-94e2-ae507e269a94,BFP233,G031,"Pepper, black (Piper nigrum)",0.25,tsp
9cf951ae-e64c-4276-aa87-4a7c2eaf07b5,BFP455,L002,"Milk, whole, Cow",0.5,tsp
9d0829f9-7ede-4883-8d09-ca53a44cad60,BFP122,UK-17-377,"Water, distilled",30,ml
9d09ac60-7ce0-4db4-a773-c0f9c11ad6d1,OSR087,UK-17-654,"Mayonnaise, standard, retail",165,g
9d15aeef-9b1e-4c63-960f-6ccf0abcdefa,ASC214,G012,"Garlic, small clove (Allium sativum)",1.25,g
9d1c57f5-754b-4257-90c7-f8f705232cb4,BFP250,UK-17-045,"Oil, sunflower",240,ml
9d1df848-4891-4260-8f64-adc89e7404ad,ASC179,G017,"Onion, big (Allium cepa)",10,g
9d1f8de3-9225-4ceb-b899-662363438aa6,ASC238,M001,"Egg, poultry, whole, raw",50,g
9d29b391-be34-4162-9c23-844bbea35b3f,BFP303,E033,"Lemon, juice (Citrus limon)",0.5,tsp
9d33bc03-6433-4e23-8834-4e098ab6453b,BFP207,UK-13-827,Fennel seeds,0.25,tsp
9d43f723-4bac-4ac6-a599-c8124e86fb1d,BFP443,UK-17-063,"Sugar, white",0.25,tsp
9d467a90-e7de-4b06-9152-f9e04b059ad5,ASC194,UK-17-045,"Oil, sunflower",1,tbsp
9d495160-6853-4d68-98de-fe9721a714cd,OSR013,L002,"Milk, whole, Cow",3,C
9d4fd26d-77a1-4435-b198-21472304dda5,OSR108,G017,"Onion, big (Allium cepa)",60,g
9d553185-1a41-4ac0-b3f0-cf5a20e1f86f,BFP482,UK-17-062,"Sugar, icing",50,g
9d5559db-5927-4f82-832d-8d616601bd90,ASC448,UK-12-184,"Yogurt, whole milk, plain",1,tsp
9d5bac22-2312-420b-8add-a2e4bf3f5ca7,ASC268,UK-17-719,Chilli sauce,0.75,tsp
9d5bd7eb-d27b-4ba8-b938-8ccd2edc9c38,ASC063,M001,"Egg, poultry, whole, raw",16.6,g
9d5d9037-c7a4-4181-a400-56a4dd7d83d7,BFP482,UK-17-377,"Water, distilled",2,tsp
9d5e539b-9e27-49d8-8f6f-c2a407bd3763,BFP542,UK-11-1045,"Flour, corn",5,g
9d78fb5d-a4c4-4411-bc99-750007c37aca,ASC368,US-400113,"SIVA'S, AMHUR POWDER (DRY MANGO POWDER)",0.25,tsp
9d7d1fdd-90e9-44f0-bb41-1ee38dad443e,BFP322,UK-12-184,"Yogurt, whole milk, plain",100,g
9d7d55c3-c557-4c30-96c8-99f668aa45b0,BFP403,UK-17-063,"Sugar, white",30,g
9d863297-349a-40b7-92ce-2d1aedb372e6,ASC155,UK-17-045,"Oil, sunflower",2,tsp
9d8a45f7-45cb-42bb-9738-63654126fc6b,ASC433,UK-17-062,"Sugar, icing",50,g
9d8c718d-1378-42e5-9b67-01f510311d79,ASC115,UK-17-377,"Water, distilled",160,ml
9d949c2f-987f-4b83-b0ed-5852076c0802,BFP356,UK-17-661,"Butter, unsalted",20,g
9d96a2aa-bfb4-4140-90cc-5eefb8580405,ASC205,UK-13-829,Garam masala,0.25,tsp
9d9fa51d-a7c6-48fa-aa9e-0d759c46e8e4,OSR009,A022,"Wheat, semolina (Triticum aestivum)",4.5,tbsp
9daa241a-d80e-49d7-b5a2-85ebdf9a2c47,ASC010,US-806241,HIMALAYAN BLACK SALT,0.125,tsp
9db5951f-0a28-4cb5-8d31-4d9ae8d0892f,BFP108,G009,Coriander leaves (Coriandrum sativum),1,sprig
9db5c9e3-afa4-4828-864b-169e4f4376a1,BFP437,H007,"Coconut, kernel, fresh (Cocos nucifera)",10,g
9dc385f9-20d3-4648-b520-1fec34731db0,ASC110,UK-17-640,"Ghee, butter",1,tsp
9dce0440-59be-41f2-bd12-dbc7c9f9ba4e,OSR103,A014,"Rice, parboiled, milled (Oryza sativa )",1.5,tbsp
9dd24aa1-1d7e-4d0a-9afa-8f705d5be0de,OSR146,D007,"Bottle gourd, elongate, pale green (Lagenaria vulgaris)",116,g
9dd60ffb-829d-4247-be98-e0558ea3dc98,ASC201,UK-17-045,"Oil, sunflower",1,tbsp
9dda98af-143e-4021-9e69-e1e1e5c48628,BFP428,G025,Cumin seeds (Cuminum cyminum),0.125,tsp
9ddfd775-6006-4fbc-89d3-6eb786e7f9d8,OSR083,I001,"Jaggery, cane (Saccharum officinarum)",0.5,tsp
9de19236-a57d-4eae-a6b0-cca84398db02,ASC237,M001,"Egg, poultry, whole, raw",25,g
9de5f77e-f754-4fc2-b9c5-b306aa4bc381,ASC158,UK-13-829,Garam masala,0.25,tsp
9df00ef0-7180-4f2e-8196-6e5c626f3b29,OSR126,G020,"Cardamom, green (Elettaria cardamomum)",0.5,tsp
9df2469d-fe3b-434f-8d60-34a36f43cb4d,ASC146,B003,"Black gram, dal (Phaseolus mungo)",20,g
9df9071b-5f4a-40b0-bb1c-219efa5403c2,ASC100,G014,"Ginger, fresh (Zingiber officinale)",5,g
9dfe16be-f1ea-4cfb-a2f3-8a47f3b998da,OSR096,G024,Coriander seeds (Coriandrum sativum),0.75,tsp
9dfed6b8-d57c-4e02-b377-f0f6326fa90e,ASC069,UK-17-367,Salt,0.5,tsp
9e0f42b5-ec73-424f-a767-8f5cfa0d5827,ASC232,UK-13-874,"Cinnamon, ground",1.25,g
9e1027dd-8439-4d7b-950b-1500337557a6,BFP480,US-499195,JAM,60,g
9e112291-1abd-402c-9da5-89b0d51757bc,OSR121,UK-11-799,"Biscuits, digestive, plain",116,g
9e15709f-285f-468d-8ddf-6c5f85476cf2,ASC133,UK-17-362,Mustard powder,0.25,tsp
9e18b482-0845-4a3f-992a-0804d47de409,ASC227,UK-17-045,"Oil, sunflower",1.5,tsp
9e29689d-d818-4a5c-99d7-d19e61b74e8d,ASC175,UK-17-045,"Oil, sunflower",1,tbsp
9e2c2277-42c2-4eb6-9542-258d35581860,ASC204,UK-11-1145,"Bread, white, average",1,tsp
9e3033aa-bcb7-42ab-8f48-45cbd5086e19,ASC090,UK-17-367,Salt,0.5,tsp
9e304cc7-9c75-47c8-b910-7635fa1466e9,BFP177,B021,"Red gram, dal (Cajanus cajan)",10,g
9e31606d-1d0f-4a81-8e9a-62899e3f5802,BFP187,G019,Asafoetida (Ferula assa-foetida),0.25,tsp
9e326996-4731-4f99-8ab8-970f07510017,ASC359,L003,Paneer,50,g
9e34d594-a2dc-4968-b371-5475fccc0822,BFP067,N003,"Chicken, poultry, breast, skinless",80,g
9e39b78f-246d-4c0e-818e-f8bea2a84aac,BFP406,UK-17-062,"Sugar, icing",20,g
9e3ce219-f888-4b21-ad29-0a5c8cf73eaf,ASC461,UK-17-367,Salt,0.5,tsp
9e4589fa-44be-478d-8618-bbf4b2f057fd,BFP403,UK-17-377,"Water, distilled",15,ml
9e48b5ee-5ae7-4493-84a8-c36e66eefce3,ASC252,G012,"Garlic, small clove (Allium sativum)",2.5,g
9e50fa8c-2e91-46d4-9488-6586b8b625c7,ASC329,A022,"Wheat, semolina (Triticum aestivum)",20,g
9e554403-5680-4726-a92d-ee1778c19278,ASC118,UK-13-806,"Bay leaf, dried",0.4,g
9e658c0b-fb96-4ed6-b125-06fed033d50e,ASC078,UK-17-727,"Stock cubes, vegetable",1,C
9e747296-93dd-4239-903b-520c965262ff,OSR114,G025,Cumin seeds (Cuminum cyminum),0.5,tsp
9e8abc6c-c9be-4bdf-a921-fd3eb78f4351,ASC225,G032,Poppy seeds (Papaver somniferum),0.75,tsp
9e8b55a5-6647-4f6d-8b8d-f999749cb167,OSR005,US-851134,"MIXED NUTS CASHEWS, ALMONDS, HAZELNUTS, PISTACHIOS, PECANS, MIXED NUTS",2,tbsp
9e930620-375c-48f6-85d3-f2d428d6f313,ASC042,L003,Paneer,80,g
9e95484b-f17a-44eb-a7eb-c318f2c567e4,ASC157,UK-17-377,"Water, distilled",1,C
9eb2611a-bb36-417d-943c-ca0378b4a304,BFP246,G014,"Ginger, fresh (Zingiber officinale)",5,g
9eb2f624-cf4a-40e4-8e85-45dc569a3adf,BFP155,UK-17-661,"Butter, unsalted",1,tsp
9eb753a0-504d-480f-879c-9e87121845e6,ASC471,UK-17-062,"Sugar, icing",50,g
9eb9c3da-04c8-45e6-9db7-896f88a92cab,ASC191,G014,"Ginger, fresh (Zingiber officinale)",5,g
9ebaab19-eaec-4eaf-a1d3-a6f23898ad68,ASC133,G031,"Pepper, black (Piper nigrum)",0.25,tsp
9ec128a2-1d1e-484a-918d-9790689b0f48,ASC255,UK-50-1173,"Tomato sauce, homemade",1,tbsp
9ec1afed-f313-4bb6-91f4-9acf0b5a9832,BFP527,E006,"Apricot, processed (Prunus armeniaca)",8.3,g
9ec2a37a-4eec-4f66-b13e-8a77f5195083,BFP197,G009,Coriander leaves (Coriandrum sativum),1,sprig
9ec3cbd8-64df-42ce-8b69-70f0db42b42b,ASC193,D075,"Tomato, ripe, hybrid (Solanum lycopersicum)",50,g
9ec439d6-4cf7-4fc5-a4e3-8f95f492ddb1,ASC129,D033,"Capsicum, green (Capsicum annuum)",25,g
9ec52bf9-f169-41b9-8e51-a032d2a4f1df,BFP379,UK-17-377,"Water, distilled",30,ml
9ec6e1a0-f7e8-43ba-ae4c-f5a4d87e642f,ASC278,E001,"Apple, big (Malus domestica)",50,g
9eca89e7-a4a5-4e01-8d46-6a4be637caaa,ASC111,A019,"Wheat flour, atta (Triticum aestivum)",80,g
9ecd309f-8658-43fc-9963-9cec10407cfd,ASC191,UK-13-873,Chilli powder,0.25,tsp
9ecf19b0-ddaa-4035-a57f-295b718d5e00,ASC122,UK-13-852,Saffron,0.5,g
9eddad71-7f26-427d-86f1-40ec7e6dc3e4,BFP529,UK-17-661,"Butter, unsalted",45,g
9ee2dabb-8b45-45aa-89d3-5f899cca0db8,ASC236,G017,"Onion, big (Allium cepa)",15,g
9ef268d1-0261-42c2-8312-6c02a3b23d71,BFP044,G008,"Chillies, green - all varieties (Capsicum annum)",1.67,tsp
9ef99ece-2879-4f1c-9027-62ebce582945,ASC242,UK-17-640,"Ghee, butter",1.5,tbsp
9efff4b1-b0c0-4a17-911d-133e73a6834f,BFP351,M001,"Egg, poultry, whole, raw",50,g
9f04a04b-9bf0-4032-9f98-5061975da1e2,ASC041,UK-11-1145,"Bread, white, average",60,g
9f15eca8-f07b-43b9-b20a-831e7d52f2d7,BFP108,UK-17-377,"Water, distilled",3,tbsp
9f17ec7a-e85c-462b-a8a5-69356fbb3279,ASC234,UK-12-184,"Yogurt, whole milk, plain",61.25,g
9f1c4bc2-f6fb-4e61-afb8-820a789810ca,ASC239,L002,"Milk, whole, Cow",25,ml
9f282da0-eac0-4bbb-ab0b-da1eba69753b,BFP179,G014,"Ginger, fresh (Zingiber officinale)",5,g
9f28f136-e040-4c32-a4cc-b512c39900d8,OSR020,H001,Almond (Prunus amygdalus),50,g
9f3a0cd7-2886-4d27-b5ee-cc7f77a452c1,BFP313,G031,"Pepper, black (Piper nigrum)",0.25,tsp
9f3b5887-be64-41d9-8a5d-7c7f96a92d93,ASC285,A024,"Wheat, vermicelli, roasted (Triticum aestivum)",10,g
9f3de66c-c5ed-4204-9004-19d5b1cf88b6,BFP210,UK-17-367,Salt,0.25,tsp
9f523ef1-a74c-465f-bf45-89df85876cb3,ASC187,UK-13-873,Chilli powder,0.25,tsp
9f5c8785-15a9-46cd-9694-1e2e36777b86,ASC010,UK-17-063,"Sugar, white",1,tsp
9f6aedfa-0383-46c9-889c-41681c83a2a1,OSR023,H001,Almond (Prunus amygdalus),35.75,g
9f6d8a68-44db-4d4d-af7f-3ff8e6450598,ASC169,UK-17-045,"Oil, sunflower",1,tbsp
9f73e7ea-a3a6-45f6-983f-50e83f4f22be,ASC158,UK-17-045,"Oil, sunflower",2,tsp
9f7a7c27-eaa7-47ee-868f-5e6c1493d978,BFP523,UK-17-062,"Sugar, icing",45,g
9f8066fb-5358-463c-bec8-a7659f4ca48c,ASC098,UK-13-873,Chilli powder,0.25,tsp
9f8178e3-d9d7-4555-8f70-f33b5c86ad4a,ASC383,G014,"Ginger, fresh (Zingiber officinale)",2.5,g
9f81ba64-929d-40f8-97c2-a3b512461cc5,ASC421,M001,"Egg, poultry, whole, raw",50,g
9f885224-b61b-4265-bdbf-45524cfd3cbb,BFP396,G020,"Cardamom, green (Elettaria cardamomum)",0.25,tsp
9f89f790-a2b1-4319-8235-6a4641115cf1,BFP162,G031,"Pepper, black (Piper nigrum)",0.125,tsp
9f8ab006-5ee4-4dcc-90ac-5b96a5674001,ASC197,G017,"Onion, big (Allium cepa)",50,g
9f8b2862-4551-48a8-ad5b-e887d6a10b1a,OSR144,G021,"Cardamom, black (Elettaria cardamomum)",0.25,tsp
9facd952-e637-466e-9505-9ebb97b11fc5,ASC308,UK-17-063,"Sugar, white",30,g
9fb0b157-3ed5-4d87-b38a-b1971d7fd523,OSR108,G033,Turmeric powder (Curcuma domestica),0.3,tsp
9fb0bd8b-1ec4-4243-9a01-740d06f5128d,ASC405,L002,"Milk, whole, Cow",125,ml
9fbd5ff9-9bcb-4eb5-8a24-197685cbb901,BFP095,US-172238,"Capers, canned",10,g
9fbe7859-d386-46a2-b185-47e11a541dfa,ASC146,B001,"Bengal gram, dal (Cicer arietinum)",1,tsp
9fc56afa-4432-4ce7-838f-f5f265d4bfcd,ASC140,N003,"Chicken, poultry, breast, skinless",125,g
9fcd1b78-0b3c-494b-b237-a304f2768d4b,ASC135,F002,"Carrot, orange (Daucus carota)",50,g
9fd1beba-b0f6-4e9b-812b-d4405ef007cb,BFP043,A022,"Wheat, semolina (Triticum aestivum)",40,g
9fd8d5c1-b638-4720-bf0e-c2c4916f2631,BFP043,G017,"Onion, big (Allium cepa)",20,g
9fdb337d-d675-47c8-a706-f1cd3bfe0d65,ASC190,G008,"Chillies, green - all varieties (Capsicum annum)",3.33,g
9fdbbdb9-30fd-4440-9b57-ac9f297d440e,OSR027,UK-11-971,"Bread, brown, average",120,g
9fe51a1e-68da-4808-b935-aca4de7842b5,BFP589,ANN-ING-0049,ESSENCE,1,tsp
9fe5773b-5be9-4766-adfe-0a33ee6bb452,ASC203,G017,"Onion, big (Allium cepa)",50,g
9feaa144-a068-4fef-9249-2677e32b6183,ASC028,N003,"Chicken, poultry, breast, skinless",45,g
9fef59e3-f3fd-4b77-8485-7e827a2df95e,BFP187,UK-17-377,"Water, distilled",1.5,tbsp
a008d77d-5a27-43d0-a575-6d0dc7082a8f,BFP199,UK-14-130,"Lemons, flesh only, raw, weighed with peel and pips",30,g
a00ed67b-9908-48e1-a601-94c9ef68f58a,ASC226,G012,"Garlic, small clove (Allium sativum)",0.63,g
a0200240-585e-45af-9b3d-107ec38bd243,BFP380,M001,"Egg, poultry, whole, raw",25,g
a027c684-e096-4a9a-b7fd-f4a09d1c0c25,OSR135,H006,"Coconut, kernal, dry (Cocos nucifera)",1,tsp
a02a452a-44e4-41a5-bfba-e334652ee36a,BFP178,UK-17-367,Salt,0.5,tsp
a02d3894-8561-4e06-ac6f-c4f0474832e5,OSR144,UK-13-829,Garam masala,0.25,tsp
a03492b3-866d-4cf8-87a5-f3e62db1a2f9,ASC446,UK-17-062,"Sugar, icing",25,g
a03cbd4e-78f6-4df7-a2c2-ceaa1f28fec7,ASC409,UK-12-527,"Cheese, processed, plain",25,g
a03e0027-5728-4990-87ee-38025f3af8de,ASC363,A018,"Wheat flour, refined (Triticum aestivum)",60,g
a040ba5f-63bc-406a-bb54-c116341ad9fd,BFP161,C028,Parsley (Petroselinum crispum),1,sprig
a046c376-5461-4c8a-9465-3a5ffa863482,BFP536,A018,"Wheat flour, refined (Triticum aestivum)",37.5,g
a04d7798-436f-4e06-99bf-bbfc023af48f,BFP258,UK-17-367,Salt,0.17,tsp
a052aff2-d756-4430-b673-0615b5b0de10,BFP052,G012,"Garlic, small clove (Allium sativum)",0.63,g
a05446e7-df0c-4a5a-a3ea-77b99f320bb3,ASC083,G017,"Onion, big (Allium cepa)",20,g
a058d885-110f-4ff3-8ac8-d864dd996e9f,ASC245,F002,"Carrot, orange (Daucus carota)",50,g
a05ab87c-6fa7-42a8-9297-8c875917e801,ASC424,UK-17-062,"Sugar, icing",1,tbsp
a05c0e5f-c3a7-416e-8c9a-4084943b2893,BFP220,G012,"Garlic, small clove (Allium sativum)",1.25,g
a061ba3a-8794-40ac-a667-cf5384de5eca,ASC183,H007,"Coconut, kernel, fresh (Cocos nucifera)",20,g
a062cdea-51b9-4820-ac85-6d8266511b07,BFP232,UK-17-367,Salt,0.125,tsp
a0650e5a-cb3e-418c-b6e7-c50036661e65,BFP289,UK-17-367,Salt,0.17,tsp
a0680b5d-09a5-43cb-9e80-dd7fd9aab3e5,ASC168,G010,Curry leaves (Murraya koenigii),1,sprig
a06d3dc8-80fd-4b33-bcd0-a7322d4df2a1,ASC244,G014,"Ginger, fresh (Zingiber officinale)",10,g
a072bd3c-9eb3-4125-90f7-316db0abdf19,BFP536,M001,"Egg, poultry, whole, raw",50,g
a07867d5-d188-4f93-a8e6-bf9b2f7b6183,BFP163,UK-17-721,"Soy sauce, light and dark varieties",0.25,tsp
a07ba356-d140-413c-ac4e-b0beb24dd70e,ASC514,G017,"Onion, big (Allium cepa)",40,g
a08e8bb5-1f38-4e76-a3a7-54e53e1d7412,ASC351,UK-17-377,"Water, distilled",4,tbsp
a090a0e6-3a23-445d-b3dc-f2e5c2a211ce,ASC401,UK-17-367,Salt,0.125,tsp
a09c07f9-e11f-4a4c-b986-929420355fcf,ASC110,UK-13-873,Chilli powder,0.25,tsp
a09e1d52-e94a-4c00-8766-5a963b0ff6da,OSR076,UK-13-829,Garam masala,0.25,tsp
a0a76879-5fa3-4b1f-8f31-0bf6de10ba5f,ASC368,UK-13-829,Garam masala,0.25,tsp
a0aca703-bc2c-4699-98bc-3861b214db4f,ASC243,A018,"Wheat flour, refined (Triticum aestivum)",2,tsp
a0aea233-3b00-4e79-8b9d-7b49c36fbacd,BFP379,UK-17-050,Honey,2,tsp
a0b492de-1b7c-406c-9b35-05edc02ae8a2,BFP142,UK-12-184,"Yogurt, whole milk, plain",2,tbsp
a0bb7700-75ef-49b3-9990-9020e9ee6364,ASC210,C033,Spinach (Spinacia oleracea),200,g
a0bd29f6-8743-427b-9240-b67070d2af61,ASC217,G017,"Onion, big (Allium cepa)",25,g
a0bf84bb-a27d-40a9-a581-21a0896c960f,ASC494,ANN-ING-0048,Citric Acid,25,g
a0c0be23-c885-4358-bb96-4be237d78e4b,OSR153,UK-17-045,"Oil, sunflower",1.5,tbsp
a0cf4b12-fcd8-4eec-bc21-e1fc45ec3bb5,OSR144,G025,Cumin seeds (Cuminum cyminum),2,tsp
a0d67da6-2428-4365-97da-595fe0747f00,ASC287,H001,Almond (Prunus amygdalus),1.11,g
a0e0cabd-357e-4beb-9c1b-515918b17ddd,BFP390,UK-17-377,"Water, distilled",2,tbsp
a0e666ec-20f4-4def-8bd0-415e484825eb,ASC088,G031,"Pepper, black (Piper nigrum)",0.125,tsp
a0f43dc8-5438-44b1-adf7-a4e526cfc458,ASC402,G017,"Onion, big (Allium cepa)",50,g
a0fdd209-49f2-41b8-908a-3a13aeb473bb,BFP521,UK-17-661,"Butter, unsalted",30,g
a0febdfe-6cb6-49d2-bded-93eed3f17c3d,ASC371,M001,"Egg, poultry, whole, raw",12.5,g
a100a364-f090-4c3f-8c2a-ae8986aa1d7c,ASC408,UK-12-332,"Cream, fresh, single",80,g
a1025cf2-8617-4467-aabb-8cd603128e05,ASC239,UK-17-367,Salt,0.25,tsp
a102cd68-b318-4ec4-93c4-9c77b15c9e13,ASC123,UK-13-852,Saffron,0.5,g
a109f924-5c19-45d3-9baa-0ef063666112,BFP087,UK-17-367,Salt,2,g
a10e1230-842f-4744-b40d-aba6e277ca45,ASC413,L002,"Milk, whole, Cow",120,ml
a12b0606-3859-4c85-9ea0-d7c95ae3ef0f,BFP278,UK-17-367,Salt,0.25,tsp
a12f3855-031a-4bb7-8314-65dbf003f4b8,OSR059,G033,Turmeric powder (Curcuma domestica),0.25,tsp
a13537d6-c4ea-4fbd-80d6-8a6ed82ddd86,OSR038,UK-17-355,Baking powder,0.5,tsp
a1378a45-8dcf-4de3-8f36-5e5fce1cde61,OSR108,UK-17-377,"Water, distilled",0.5,C
a138a035-8247-4b7a-89e8-d0ce8a5c5631,ASC399,ANN-ING-0034,Pineapple essence,0.5,tsp
a138ef70-0172-4589-a737-582bfa86ad0b,BFP346,UK-17-360,Gelatine,0.25,tsp
a13b0bfd-f4ee-45b4-b19a-966d61b24c6f,ASC312,US-173471,Vanilla extract,0.25,tsp
a13bede0-a1fb-4ddd-815e-d27725c9872f,BFP132,G024,Coriander seeds (Coriandrum sativum),0.5,tsp
a13cd18c-a91a-426f-8329-b43685877856,ASC137,UK-17-063,"Sugar, white",0.75,tsp
a141115d-f71e-4340-acc2-e4f7dade2854,ASC311,UK-17-360,Gelatine,1.5,tsp
a1455dc3-e8e9-4f90-8aae-9f50f71e5b9a,ASC029,UK-17-661,"Butter, unsalted",10,g
a1487159-97f3-4434-9d52-91442b921518,ASC421,UK-14-369,"Orange juice, freshly squeezed",2,tsp
a1515179-727b-403a-93a5-7b60045441f0,ASC036,D033,"Capsicum, green (Capsicum annuum)",16.7,g
a16177ca-3a1a-442a-981a-505ac2956b3d,BFP421,G014,"Ginger, fresh (Zingiber officinale)",5,g
a164fb61-bf1e-474f-a0d7-25ff0053a4e5,BFP208,UK-17-045,"Oil, sunflower",1,tsp
a17dbf5b-8f5e-41f2-9798-31cb82db8132,ASC294,G020,"Cardamom, green (Elettaria cardamomum)",0.25,tsp
a1893e1e-cc7d-40a4-9ba4-6c5b196ba517,ASC263,E057,"Raisins, dried, black (Vitis vinifera)",10,g
a1896c1e-6203-40f3-b5ab-c267fdf45025,OSR019,L004,Khoa,15,g
a18ec5ae-afc5-429b-b63f-e058bcadf33a,ASC502,ANN-ING-0048,Citric Acid,0.5,tsp
a19081cb-a57e-4f6f-b6c0-9e1c0e099449,ASC406,M001,"Egg, poultry, whole, raw",50,g
a1983afd-dee3-4dbd-b02a-e4899e7a58db,OSR026,H018,Pistachio nuts (Pistacla vera),2.09,g
a19dc2e3-cb2e-4ae3-b815-c5de163003f6,OSR128,UK-13-064,"Beans, broad, whole, raw",450,g
a1a8905a-1720-4a57-af37-8916d241effe,OSR076,UK-17-377,"Water, distilled",4,C
a1ab891b-64b2-4771-9263-98f23ef62ad1,ASC197,G009,Coriander leaves (Coriandrum sativum),1,sprig
a1abb8b4-171d-474c-8f65-6c04dda08ebd,ASC155,UK-17-377,"Water, distilled",1,C
a1ad8926-ce4d-425b-91e3-5bf5e7877135,BFP484,UK-12-332,"Cream, fresh, single",100,ml
a1b1c5de-322a-485a-8390-26e29a8589c3,ASC079,G031,"Pepper, black (Piper nigrum)",0.375,tsp
a1b1f354-e056-4482-8926-7106e4311609,OSR062,G031,"Pepper, black (Piper nigrum)",1,tsp
a1b40d1c-e144-47d4-bada-b744d7f55099,ASC110,UK-17-045,"Oil, sunflower",480,ml
a1bdd019-c9e6-403e-b411-05424eeef6b3,ASC288,L002,"Milk, whole, Cow",200,g
a1c01db7-5ca5-4866-968b-f729fe33b0e3,ASC328,UK-14-335,"Cherries, glace",5,g
a1c34c63-0353-44cd-a27d-3619e8099477,ASC016,E009,"Banana, ripe, montham (Musa x paradisiaca)",40,g
a1c51ad4-497f-41e9-8928-39c7644b2505,BFP201,UK-17-377,"Water, distilled",0.5,C
a1c860e3-149d-4528-8a48-b666ef3f541d,BFP046,G014,"Ginger, fresh (Zingiber officinale)",3,g
a1c8b931-c56e-4fc8-ab90-546425136975,BFP460,UK-17-045,"Oil, sunflower",2,tsp
a1cbeabc-ed62-4101-b9ee-0cb7b9764903,OSR112,G012,"Garlic, small clove (Allium sativum)",1,tsp
a1cec87a-37c4-444a-ba9f-57f92dee7dd5,OSR114,UK-17-367,Salt,0.25,tsp
a1d4238c-8de3-4a23-a42a-57597e483ddd,ASC227,G017,"Onion, big (Allium cepa)",50,g
a1d5f140-20df-45cd-b18d-2de0fd845563,ASC266,UK-17-367,Salt,0.5,tsp
a1dc98c2-140c-4d1c-b962-1c03fdc96e12,BFP187,UK-17-045,"Oil, sunflower",1,tsp
a1dd3e09-78b1-429a-bc73-9d88ac374d20,ASC359,UK-17-367,Salt,0.25,tsp
a1e38216-fdd4-47fc-8e45-c2fe6ae057a3,BFP087,G031,"Pepper, black (Piper nigrum)",0.25,tsp
a1ffe599-0602-4a4e-ac25-cc8523f804a2,ASC200,UK-17-045,"Oil, sunflower",1,tbsp
a202d82c-657c-4c19-bca2-d0df6b5ed57c,BFP482,UK-12-545,Cocoa powder,1,tbsp
a211e404-dacf-4118-8220-8d74a1aceb24,BFP161,G017,"Onion, big (Allium cepa)",30,g
a212663e-633f-4eab-9c3e-f09e46b9b7a8,BFP072,D061,"Peas, fresh (Pisum sativum)",100,g
a2172b14-d12e-40b4-a716-80c3206cad18,BFP276,G017,"Onion, big (Allium cepa)",25,g
a21754fb-8d12-48aa-a82c-235dace97d73,BFP147,UK-12-184,"Yogurt, whole milk, plain",30,g
a22b200d-cf4c-48ff-aa1a-12c990a6b349,BFP217,UK-12-184,"Yogurt, whole milk, plain",2,tbsp
a235eb0e-e62c-4966-a545-03ad453796b7,BFP573,G009,Coriander leaves (Coriandrum sativum),1,sprig
a247301c-32ed-4a13-a272-8af6cf982c96,BFP522,UK-14-197,"Pears, canned in juice, whole contents",100,g
a24abb44-ff81-4973-9205-df63977a5729,BFP045,G019,Asafoetida (Ferula assa-foetida),0.25,tsp
a24dbb23-533a-472c-b049-bcd42ad3c573,BFP275,UK-17-377,"Water, distilled",2,tbsp
a24e4179-e5e1-4f72-b3f5-585cd9231eea,OSR131,G031,"Pepper, black (Piper nigrum)",1,tsp
a2675b8a-da9c-4a76-9d47-c70116d08d15,ASC255,L003,Paneer,20,g
a26f5534-0fa0-4f32-b360-fbb2442df5f6,OSR153,G012,"Garlic, small clove (Allium sativum)",0.5,tsp
a278c34a-a57b-4c33-9091-e3afa275e878,BFP197,G027,Mace (Myristica fragrans),1,g
a2865240-8005-4e45-8068-61f9a4625dfb,ASC244,UK-11-1045,"Flour, corn",0.5,tsp
a286ffb8-5505-47cc-9a0e-7709bff52f3b,BFP187,G020,"Cardamom, green (Elettaria cardamomum)",0.25,tsp
a29152b8-857e-494c-8a03-07441d7e8142,ASC417,UK-17-062,"Sugar, icing",55,g
a2943738-7364-4466-96d9-511338b9235e,BFP350,UK-17-360,Gelatine,0.25,tsp
a2968a98-255a-4f8b-9d64-e9d4a9f2ae13,ASC058,UK-17-367,Salt,0.25,tsp
a29bf785-a60a-48e1-b84b-62902cab789e,ASC425,G020,"Cardamom, green (Elettaria cardamomum)",1.25,g
a2a93e33-62d2-428a-9800-70d35ae660ac,ASC065,UK-17-367,Salt,0.25,tsp
a2adbab3-5f55-4985-a421-3fbbf5dfb2e2,ASC243,UK-17-045,"Oil, sunflower",2,C
a2c3bf01-642a-40c4-910a-fa14679e096c,ASC202,UK-11-896,"Flour, gram",2,tsp
a2c3fddc-e77e-46d1-b1b3-229157c561cf,OSR111,D033,"Capsicum, green (Capsicum annuum)",2,tbsp
a2d65810-aa4e-4f60-bef4-387de735480e,ASC416,UK-17-661,"Butter, unsalted",4,tsp
a2d6d14b-5a9c-493b-b0eb-ddca09350fec,ASC206,G012,"Garlic, small clove (Allium sativum)",1.25,g
a2dee2e8-4c63-432c-96bc-a2e2404e5d48,BFP089,D075,"Tomato, ripe, hybrid (Solanum lycopersicum)",10,g
a2e99344-0baf-4b6d-b2d8-99f49f436002,BFP187,UK-17-356,Bicarbonate of soda,0.17,tsp
a2f46e63-ca0a-4270-b2a6-b68318b20109,ASC513,G023,Cloves (Syzygium aromaticum),3.75,g
a2f7484f-b1fb-47aa-b65a-464b8a7afd06,OSR116,UK-13-873,Chilli powder,0.5,tsp
a2f97853-fb80-49d0-8a2e-6d385f4cabd7,ASC386,B003,"Black gram, dal (Phaseolus mungo)",0.5,tsp
a2faa0c9-f753-47de-ba09-ff743bf919ba,OSR097,G022,"Chillies, red (Capsicum annum)",4,g
a3038ef7-82ef-46fa-9192-a33f55df2636,ASC002,UK-17-377,"Water, distilled",1.5,C
a310c9cb-7d32-4cf2-b0d7-6a4d79c0e8fa,ASC368,UK-11-1145,"Bread, white, average",15,g
a318c296-dc43-400b-821b-b00b4633fcef,ASC091,UK-11-1045,"Flour, corn",1,tbsp
a319671c-1261-4b8e-8806-b17e4d8040bf,ASC227,G012,"Garlic, small clove (Allium sativum)",1.6,g
a31badb2-5abb-4c44-a6c8-04e9b7168346,ASC178,F006,"Potato, brown skin, big (Solanum tuberosum)",100,g
a330679a-4ba6-4a25-8a75-e5b084346afe,OSR054,E033,"Lemon, juice (Citrus limon)",3,tsp
a3422bdd-cc70-4932-a369-b59facd60f94,OSR075,G014,"Ginger, fresh (Zingiber officinale)",12.66,g
a3437e3a-82e6-49d5-9627-78c1db04291b,ASC020,M001,"Egg, poultry, whole, raw",50,g
a34565de-6961-4edf-949e-b23d1e48e021,ASC184,US-400113,"SIVA'S, AMHUR POWDER (DRY MANGO POWDER)",0.125,tsp
a347869c-b292-4c7f-9848-8a26a993dac1,BFP325,G031,"Pepper, black (Piper nigrum)",0.25,tsp
a34fb7eb-d38c-41c6-a319-6d20e295f47f,BFP176,G014,"Ginger, fresh (Zingiber officinale)",5,g
a35b1afc-f71a-421b-8780-bb8d9ae2c096,ASC229,UK-13-806,"Bay leaf, dried",0.4,g
a35c9659-4bd2-4909-9335-0ed6c2630029,BFP266,UK-13-829,Garam masala,0.25,tsp
a3692698-5366-4410-ae96-906c8ffb6407,BFP132,UK-17-377,"Water, distilled",50,ml
a36ade5a-1891-4802-86b0-e8162cf6ea91,ASC355,UK-17-377,"Water, distilled",4,tbsp
a37906eb-ec02-4365-a30e-29380cd6f0bd,BFP141,G021,"Cardamom, black (Elettaria cardamomum)",0.25,tsp
a379ade0-412d-47fd-b992-2a80845e9a58,OSR151,UK-17-045,"Oil, sunflower",3,tbsp
a37c8796-b1da-431e-9024-8aa5b10e2e41,OSR114,UK-17-063,"Sugar, white",1,tsp
a384ce3a-31d1-4e4e-8fda-096446a745cc,ASC035,UK-19-517,Salami,34,g
a38c6247-70ca-4b2e-8729-2c9bb52b2ad8,ASC077,UK-17-362,Mustard powder,1,tbsp
a39cedf1-fc78-4f59-a4df-589638222b6b,OSR053,UK-13-873,Chilli powder,6,tsp
a39ffdea-66fc-49af-a708-3e91d0e6f207,OSR025,H001,Almond (Prunus amygdalus),5.55,g
a3a4abfe-3536-4116-8a60-5c7e741ac105,BFP196,G032,Poppy seeds (Papaver somniferum),0.5,tsp
a3a51cc1-4156-43c1-b594-ced1d80d4db9,BFP031,H013,Mustard seeds (Brassica nigra),10,g
a3a888f2-d00e-4102-84a6-0b44f3a697ad,BFP065,F002,"Carrot, orange (Daucus carota)",10,g
a3b0add6-9beb-489b-862e-b077b9459796,BFP289,L002,"Milk, whole, Cow",50,ml
a3b5695d-3567-4853-8b7e-8bd2288395b7,BFP392,UK-17-377,"Water, distilled",4,tbsp
a3bb36d8-8a90-440e-a480-9866a22997a9,BFP043,G022,"Chillies, red (Capsicum annum)",3.33,g
a3bbeb23-5eb8-434e-ad3c-d12410c60009,ASC259,C025,Lettuce (Lactuca sativa),48,g
a3c14e6e-1478-4c7b-a90d-f7e65598f14c,ASC471,UK-17-640,"Ghee, butter",30,g
a3c3c896-87bc-4645-80f9-169fef558cfe,BFP134,G017,"Onion, big (Allium cepa)",20,g
a3c9d9d7-2db2-4fbc-9ac5-19d1ca3936c6,ASC490,C033,Spinach (Spinacia oleracea),25,g
a3cf85b5-a9c8-43e2-8e34-4675193734b4,ASC203,G009,Coriander leaves (Coriandrum sativum),1,sprig
a3d0844b-8421-4314-a725-35a8959d883b,ASC265,UK-17-063,"Sugar, white",10,g
a3db042f-7618-45af-a643-3333894b87bf,BFP415,UK-11-896,"Flour, gram",30,g
a3dcaedd-ac51-4bde-a9d3-e9b77b831862,BFP292,UK-17-367,Salt,0.17,tsp
a3e47306-3952-4663-a2d4-5696de372791,ASC127,G019,Asafoetida (Ferula assa-foetida),0.25,tsp
a3e5e9f5-c599-4016-aa49-4317fdbe8cbf,BFP141,UK-17-377,"Water, distilled",120,ml
a3e6196b-7def-4aed-b88e-f4177b085c2e,ASC465,B010,"Green gram, dal (Vigna radiata)",20,g
a3e906dc-6b8c-4f77-8367-0ea7f5a47e21,BFP262,UK-17-661,"Butter, unsalted",1,tsp
a3f439ba-1973-4b5b-822a-25c7551d3488,ASC361,UK-17-367,Salt,0.25,tsp
a3f53c35-c564-4ec3-9172-e88ef6b881c1,ASC148,UK-17-367,Salt,0.5,tsp
a3f72946-35e4-4ad9-b911-250f5d7a3e9a,BFP125,G017,"Onion, big (Allium cepa)",40,g
a3f9fbf6-aa82-4f9f-975d-cf142953c31b,ASC131,G012,"Garlic, small clove (Allium sativum)",0.63,g
a3fbd270-a70a-4c13-9289-0617ebfc803c,ASC100,D036,Cauliflower (Brassica oleracea var. botrytis),100,g
a4037566-05df-4f45-a051-285e5e0ae343,ASC190,G017,"Onion, big (Allium cepa)",50,g
a406af67-d303-4e1f-8fc0-28283c55549e,BFP552,UK-17-377,"Water, distilled",150,ml
a406d84b-07e4-4455-8ad7-f495fd522b0f,ASC322,UK-17-062,"Sugar, icing",30,g
a40b8fff-fbcb-42cf-b971-953c291c0299,ASC442,L002,"Milk, whole, Cow",1,tbsp
a40e8841-e918-4384-8cc3-26fd76ce6433,BFP431,US-400113,"SIVA'S, AMHUR POWDER (DRY MANGO POWDER)",0.5,tsp
a40f59a0-5dfb-458e-8b2b-8ce06cc02ee4,BFP217,UK-13-829,Garam masala,0.25,tsp
a41239ce-113d-4789-a759-33ede02ac12c,BFP250,UK-17-377,"Water, distilled",4,tsp
a418f2c8-4ccc-407b-a816-a19d95b1e3ee,ASC365,A018,"Wheat flour, refined (Triticum aestivum)",100,g
a420923b-086f-433b-848f-75b950791698,OSR114,UK-13-827,Fennel seeds,0.1,tsp
a42295fd-6e50-49c6-81f9-6c507c8093a1,OSR124,US-173471,Vanilla extract,1,tbsp
a427ea8c-003d-4db4-a3d8-a55447ab464e,ASC386,G008,"Chillies, green - all varieties (Capsicum annum)",3.33,g
a430963e-b062-469e-a2f5-57271f7edd9c,ASC228,G033,Turmeric powder (Curcuma domestica),0.125,tsp
a436485a-9d25-4172-bfac-128cc60745bd,BFP272,UK-17-377,"Water, distilled",1,tbsp
a4382886-6db8-4d62-81e6-457399f8bf7d,ASC204,G033,Turmeric powder (Curcuma domestica),0.25,tsp
a4450eb0-0bf3-49b2-909a-b0c49f463f7b,BFP602,UK-13-874,"Cinnamon, ground",0.5,tsp
a4467b3f-d6c3-4e9a-8224-c985ce3f7caf,ASC210,UK-12-527,"Cheese, processed, plain",10,g
a44d6e11-3be2-4c9a-b9f0-43a4235616d7,BFP404,UK-17-062,"Sugar, icing",20,g
a45199d3-f1ed-4a1d-ad99-1d8053564948,BFP221,G031,"Pepper, black (Piper nigrum)",0.25,tsp
a459e0d5-235b-4b13-99b4-ae7d65647f7c,BFP604,D006,"Bitter gourd, jagged, smooth ridges, elongate (Momordica charantia)",80,g
a46ac29e-dfdf-47ea-85af-02c973f2c0ae,ASC345,UK-17-063,"Sugar, white",50,g
a46d08c4-73e5-425f-ae9a-7b97ee9d776f,ASC234,UK-17-640,"Ghee, butter",2,tbsp
a46df07d-3fc8-44bd-bbb4-85af3da043eb,BFP459,UK-17-661,"Butter, unsalted",10,g
a47508a7-e945-4c3b-8bfe-5f1632b7dab6,OSR143,UK-17-377,"Water, distilled",4,C
a476f282-f5ae-431b-b9f5-9e7a9010933d,ASC412,A018,"Wheat flour, refined (Triticum aestivum)",50,g
a47bcf41-bc77-4106-829f-398a0811c368,OSR146,UK-13-873,Chilli powder,0.25,tsp
a47ed4a3-fc05-4696-9b6e-a6c5a26ed9ce,ASC313,ANN-ING-0010,Pineapple syrup,1,tbsp
a48180ed-37db-4128-804b-54573ae4d25e,ASC460,C033,Spinach (Spinacia oleracea),75,g
a484875f-19ec-491c-8a25-96b44f194fb7,BFP289,A018,"Wheat flour, refined (Triticum aestivum)",2,tsp
a4901045-4bf5-4a24-8028-454090e9d844,BFP141,G021,"Cardamom, black (Elettaria cardamomum)",0.25,tsp
a4906a1f-5b90-4e67-bafe-4cdd493f3d85,BFP234,P057,"Pomfret, white (Pampus argenteus)",100,g
a49891a7-8dcd-4d81-bcaa-d427c4600d2b,OSR108,G012,"Garlic, small clove (Allium sativum)",1,g
a49d5f75-a511-4c7a-a573-742d4aa5fd50,BFP388,UK-17-377,"Water, distilled",15,ml
a4adc7d4-310a-4f41-914e-4275bb627a28,ASC358,UK-17-045,"Oil, sunflower",0.5,tsp
a4b40661-26a1-4ee6-b298-ff5d4013c06c,ASC361,G025,Cumin seeds (Cuminum cyminum),0.25,tsp
a4b661dd-6e1b-4c13-aaaf-8f073c520211,BFP390,UK-17-377,"Water, distilled",15,ml
a4c140c0-3216-4355-bb38-2e4792417671,BFP207,UK-12-184,"Yogurt, whole milk, plain",100,g
a4c674aa-6e5c-4e1d-b2d4-46cac38da0e5,ASC293,UK-17-377,"Water, distilled",90,ml
a4cae8c5-2d34-4b4d-85a3-9bae412a5041,OSR095,M001,"Egg, poultry, whole, raw",100,g
a4d51eb9-de8a-4134-bd50-53a4c2f0e963,BFP554,I001,"Jaggery, cane (Saccharum officinarum)",30,g
a4d82cb1-b0fc-42fc-bbce-fc7e82361203,BFP091,G033,Turmeric powder (Curcuma domestica),0.25,tsp
a4db3f2e-2768-43a9-8045-4c20131a8092,BFP201,G014,"Ginger, fresh (Zingiber officinale)",5,g
a4dd56b2-1136-4956-bc86-0481544aaa35,BFP453,UK-14-130,"Lemons, flesh only, raw, weighed with peel and pips",30,g
a4e13ec8-b597-4696-8ad3-54e6e01890a8,ASC249,F006,"Potato, brown skin, big (Solanum tuberosum)",60,g
a4e439f3-9f75-467f-adc2-6cc5db082c57,ASC127,G033,Turmeric powder (Curcuma domestica),0.125,tsp
a4f217cf-960a-40dc-838e-edd435c92fcb,BFP415,G014,"Ginger, fresh (Zingiber officinale)",3,g
a5039db0-beef-4637-a453-c4da511b6ea7,BFP082,UK-17-727,"Stock cubes, vegetable",240,ml
a504cd3c-30d1-4232-803f-42c1fd285830,OSR129,G024,Coriander seeds (Coriandrum sativum),2,tbsp
a50d3dc0-30a7-4963-996f-e65a7d982df8,BFP279,UK-17-367,Salt,0.25,tsp
a513b4c6-e3b3-449d-a319-d5d5dae65f4e,BFP027,G016,Mint leaves (Mentha spicata ),5,g
a517c4e1-a307-479e-b160-4878914b0fa6,OSR144,G023,Cloves (Syzygium aromaticum),1,tsp
a525119e-849c-4bf3-aefa-24b34521bbc7,ASC003,UK-17-377,"Water, distilled",75,ml
a525c377-98ac-4ebb-b57c-46c7e84d8e61,ASC402,UK-17-367,Salt,0.5,tsp
a5381051-e46d-45ce-aa33-bef73ff5dcca,ASC050,L002,"Milk, whole, Cow",250,ml
a53a1079-1379-4357-83e5-b5fccacc1a13,ASC165,UK-13-873,Chilli powder,0.25,tsp
a53adfc9-f311-4671-942c-99f05d194018,ASC344,H011,"Gingelly seeds, white (Sesamum indicum)",50,g
a5473a9c-5592-4a6b-8a83-8afabad38b2b,ASC387,E064,"Tamarind, pulp (Tamarindus indica)",10,g
a547b100-3f0a-4d31-8569-d1c14ef4e83b,BFP152,F002,"Carrot, orange (Daucus carota)",25,g
a54ede5f-f3eb-4f9b-abfb-bce7f1b219a8,BFP544,UK-13-873,Chilli powder,0.125,tsp
a5507a58-5a4a-4dc2-b663-3599f383e3ce,ASC474,G008,"Chillies, green - all varieties (Capsicum annum)",3.33,g
a558ee63-08db-49ce-b845-701d090978d2,OSR137,E033,"Lemon, juice (Citrus limon)",1,tbsp
a55c1e62-0c73-41cf-badf-7dc3a7d95bec,ASC251,G017,"Onion, big (Allium cepa)",20,g
a55c6f44-d054-48bd-8400-e9bd93d031fd,BFP141,ANN-ING-0024,Kewra,0.5,tsp
a563d1c8-36c1-4822-896e-2d681b24a57f,OSR110,H006,"Coconut, kernal, dry (Cocos nucifera)",20,g
a5675a74-313d-47dc-8587-6c17711f8778,BFP358,UK-12-333,"Cream, fresh, whipping",125,g
a5681c01-3ff4-4ea5-8423-ac3da28e0cfe,ASC512,UK-13-874,"Cinnamon, ground",2.5,g
a56b0b54-0c27-4fac-9014-f38d91f0bb57,BFP239,G009,Coriander leaves (Coriandrum sativum),1,sprig
a56c3c4a-af9e-42e8-b77e-da839d982e3a,BFP606,A018,"Wheat flour, refined (Triticum aestivum)",10,g
a570a10a-4153-4540-a76d-2913dfafa800,BFP157,UK-11-716,"Pasta, white, dried, raw",40,g
a570de42-2112-44cb-99b3-2024d334763f,ASC139,UK-17-367,Salt,0.25,tsp
a5719aa0-5a38-4c0d-adb2-06ffffb1e10d,OSR112,UK-14-130,"Lemons, flesh only, raw, weighed with peel and pips",30,g
a575dccd-cb0d-4c52-99e1-8dcaf471afae,BFP549,A019,"Wheat flour, atta (Triticum aestivum)",30,g
a57b3d2b-e86d-4043-aef8-8767ae8544c6,OSR077,G017,"Onion, big (Allium cepa)",60,g
a58598a2-a2bf-4215-a408-3e7ae18559d4,ASC075,M001,"Egg, poultry, whole, raw",100,g
a58d10fe-c3d4-4444-92c8-9b938a417cda,BFP478,UK-17-062,"Sugar, icing",2,tsp
a59c895c-6d42-469c-9c5c-7ea2c12b013f,BFP216,G014,"Ginger, fresh (Zingiber officinale)",3,g
a5a720d6-c40a-4fc0-908e-e66c0fffba25,BFP075,UK-17-727,"Stock cubes, vegetable",360,ml
a5a82bea-6adc-47ac-9a8e-711e1f8b89cb,BFP171,F010,"Radish, elongate, white skin (Raphanus sativus)",37.5,g
a5ad7159-232d-4c8c-8122-6a754c4cff8d,BFP162,C033,Spinach (Spinacia oleracea),100,g
a5af946e-f235-4f1d-8846-641726b8e92c,ASC103,G008,"Chillies, green - all varieties (Capsicum annum)",3.33,g
a5b754c8-c884-4c12-95d2-8d3a0d9c0355,ASC040,G031,"Pepper, black (Piper nigrum)",0.25,tsp
a5b92d39-893b-42d2-ba33-bb7d2bbcddb5,BFP205,UK-13-873,Chilli powder,0.125,tsp
a5bafb3c-7b2d-4705-8870-0fafaff4ef1a,ASC181,H007,"Coconut, kernel, fresh (Cocos nucifera)",20,g
a5bb00e0-14ec-4a85-ad15-1d58aefe20c4,BFP203,G031,"Pepper, black (Piper nigrum)",0.25,tsp
a5bb9efc-bbba-4ef1-8349-d2f16ff66eb9,ASC226,D075,"Tomato, ripe, hybrid (Solanum lycopersicum)",100,g
a5bbdebe-8968-4edb-ba41-2aa1939d22b2,BFP550,A012,Rice puffed (Oryza sativa ),40,g
a5c068b6-7391-4fc1-8b30-ab9d1fe737e4,ASC083,G031,"Pepper, black (Piper nigrum)",0.125,tsp
a5c689d0-213d-4e2f-ab58-0a63374bf344,ASC168,UK-11-896,"Flour, gram",30,g
a5c6a32a-efc0-489c-9871-6770c7de05e6,BFP558,UK-17-377,"Water, distilled",1,C
a5ccd6e0-8d44-435c-a125-51f108487e79,BFP220,G014,"Ginger, fresh (Zingiber officinale)",10,g
a5db384b-09ea-4d1e-833c-60fbb7749c76,BFP136,G021,"Cardamom, black (Elettaria cardamomum)",0.25,tsp
a5e03228-0021-4c45-8085-84ba19043e18,ASC319,L002,"Milk, whole, Cow",150,ml
a5e1a246-edbe-4f80-adc9-e2dd8aa128ec,ASC180,G025,Cumin seeds (Cuminum cyminum),0.25,tsp
a5e2136b-b18c-4c55-b701-ce87a81e87df,BFP328,G025,Cumin seeds (Cuminum cyminum),0.25,tsp
a5f4640c-a9d5-4b4a-86b2-7f4ff142f4d2,OSR144,G025,Cumin seeds (Cuminum cyminum),0.5,tsp
a5f64606-694d-4a76-8478-b51cc8d7396c,BFP196,D075,"Tomato, ripe, hybrid (Solanum lycopersicum)",60,g
a5f65466-ba02-409f-a7dc-3f3ef77673e4,ASC231,UK-12-184,"Yogurt, whole milk, plain",50,g
a60941f2-4d69-49ef-a328-817e00c63b2a,ASC097,A019,"Wheat flour, atta (Triticum aestivum)",80,g
a609b279-0908-4d0d-895a-2b61f0a01fc0,BFP150,G017,"Onion, big (Allium cepa)",50,g
a6117dab-950d-46b8-847a-0135318b7cf6,ASC037,UK-11-1145,"Bread, white, average",60,g
a616b473-fb5f-4844-a3da-04db35476a03,OSR116,UK-17-367,Salt,0.5,tsp
a616b847-6d3a-406c-88bc-f6555434999e,BFP159,UK-13-806,"Bay leaf, dried",0.4,g
a618c9d6-daa5-48c6-b20d-5e8c2cf77cbd,ASC128,UK-17-367,Salt,0.25,tsp
a6197fbd-9885-4279-9d96-d87e083e2119,OSR060,UK-14-844,Sesame seeds,1,tbsp
a6290683-c8b5-4826-abaf-d6ed5561b038,ASC333,UK-17-062,"Sugar, icing",40,g
a62d8c92-bb5d-457c-b003-a96277ea60f0,ASC299,UK-17-063,"Sugar, white",40,g
a62de83a-571b-41ce-9319-f58e455746a0,BFP042,G014,"Ginger, fresh (Zingiber officinale)",5,g
a6322273-01fd-4156-ae07-7e19f78a61ea,ASC150,UK-17-367,Salt,0.5,tsp
a634311c-2ba4-442b-b1d8-f468bb697468,OSR124,UK-17-661,"Butter, unsalted",136.2,g
a6392b3e-000d-4afb-869c-6edcdd069304,ASC291,H001,Almond (Prunus amygdalus),1.11,g
a639de4c-7b77-406d-800c-0509786648a5,BFP576,UK-17-377,"Water, distilled",1,C
a63a38c7-0c86-44d1-846a-6eaf34f997c3,ASC301,L002,"Milk, whole, Cow",150,ml
a63de652-7b5d-44b3-b749-10ae79030aa1,BFP350,UK-17-377,"Water, distilled",1,tsp
a6403448-19f2-4d04-aea6-827f08c05640,ASC180,G008,"Chillies, green - all varieties (Capsicum annum)",3.33,g
a647df58-e011-4b00-8197-abd6acdc7bab,BFP306,E033,"Lemon, juice (Citrus limon)",0.5,tbsp
a666f6df-a285-43a3-9b0d-80300c1f9faa,ASC122,UK-13-874,"Cinnamon, ground",1.25,g
a6696a45-d4df-495a-9187-71d4e88cdd63,BFP444,UK-17-367,Salt,0.33,tsp
a66a517a-c8f8-4b47-bd51-e3d423d132ed,ASC354,C033,Spinach (Spinacia oleracea),20,g
a66d3031-cea2-477a-82d9-9cc0925524f8,BFP579,UK-13-873,Chilli powder,0.125,tsp
a6888fcf-c5fe-49ca-a497-c47d9e94ee0a,OSR134,G031,"Pepper, black (Piper nigrum)",2,tsp
a68e41a2-9640-42d6-bb8a-3ff096d44d45,ASC045,UK-12-527,"Cheese, processed, plain",30,g
a69221ad-b689-4418-a368-fb24ccd162d9,BFP359,UK-17-377,"Water, distilled",1,tsp
a696920f-b1b5-4a28-828b-a002efe51bbf,ASC386,G019,Asafoetida (Ferula assa-foetida),0.25,tsp
a69d3618-c290-4582-984d-dd23caad1072,OSR139,G008,"Chillies, green - all varieties (Capsicum annum)",1,tsp
a6a48bcd-e1a8-4931-892c-095475177110,BFP232,UK-17-661,"Butter, unsalted",1.5,tsp
a6ae9d0b-ac32-4748-9075-a3b9ef39cb7c,BFP519,UK-17-377,"Water, distilled",1,tsp
a6b09869-9b27-4fea-aa2b-d94709a3f84a,ASC082,D075,"Tomato, ripe, hybrid (Solanum lycopersicum)",200,g
a6b48cc0-7819-417a-a1dc-204ad1c05870,BFP452,F002,"Carrot, orange (Daucus carota)",10,g
a6b7bdba-0fdd-4cf2-8d41-beba0ca3448a,OSR132,G017,"Onion, big (Allium cepa)",30,g
a6baba9e-8d43-4f36-88c9-ea9df5f80c96,ASC224,G008,"Chillies, green - all varieties (Capsicum annum)",8.25,g
a6bb4038-6845-4913-9898-f41a4e9a2412,BFP447,UK-17-367,Salt,0.5,tsp
a6ca4a68-9999-42a7-aca4-78f69e0e721b,BFP207,US-172337,"Oil, mustard",2,tsp
a6d00a96-15f9-4eb8-a688-5b6d2a5b93c4,BFP241,UK-17-377,"Water, distilled",100,ml
a6e24303-61a8-44f1-9c02-5424399e44d7,BFP444,G008,"Chillies, green - all varieties (Capsicum annum)",3.33,g
a6e3016f-a92d-49aa-a5eb-11111e8fd336,ASC023,UK-11-1145,"Bread, white, average",60,g
a6eb62cb-bb00-43ca-968b-2df37b18b6c1,ASC270,H012,Ground nut (Arachis hypogea),20,g
a6f32ff4-eb5d-4832-9d5e-e1c0fa47f527,BFP257,G017,"Onion, big (Allium cepa)",25,g
a6f7b25e-2716-449f-8df3-8dae2a0b3e66,ASC325,US-173471,Vanilla extract,0.5,tsp
a6fd9ae1-fe32-4322-afd3-a34dfec89d91,OSR064,G033,Turmeric powder (Curcuma domestica),0.25,tsp
a6ffa725-6242-4706-92ab-03829a940f1c,BFP279,UK-13-502,"Broccoli, green, raw",200,g
a70395d1-4712-4bd2-a21f-85743fbc412d,ASC158,G014,"Ginger, fresh (Zingiber officinale)",6.33,g
a7042c8e-a6d4-4b42-9aa7-6b1721dae703,ASC399,UK-17-367,Salt,0.125,tsp
a70c02e0-5c8d-4b62-b6ad-a7ada42192ed,ASC345,L003,Paneer,100,g
a70d5a0a-b5ac-499d-a5b4-a5094a241e3d,OSR038,UK-17-063,"Sugar, white",200,g
a70f9515-e305-4351-816a-a0d189c72c59,ASC460,H012,Ground nut (Arachis hypogea),15,g
a7114404-7908-4b78-a256-0447a4db6048,BFP201,G012,"Garlic, small clove (Allium sativum)",1.25,g
a71ebe61-9659-43ef-82ec-c0e4974286dc,ASC326,UK-11-1145,"Bread, white, average",60,g
a7265295-5b89-4b40-b3ce-9a87aff69397,ASC107,A019,"Wheat flour, atta (Triticum aestivum)",80,g
a729c347-a8b4-4232-b451-9309f85a5da3,ASC127,G010,Curry leaves (Murraya koenigii),1,sprig
a72b9fa7-8207-48e8-b020-b4a94f278f0f,BFP277,D033,"Capsicum, green (Capsicum annuum)",20,g
a73269d5-ea2e-4b7c-b25e-96b9281796f7,OSR076,UK-17-367,Salt,0.5,tsp
a73b53eb-fdcb-45d6-87e4-2c48464b57e2,ASC220,G025,Cumin seeds (Cuminum cyminum),0.5,tsp
a73bb111-aa3d-4c60-839e-e3099d5a4f4a,BFP428,UK-17-377,"Water, distilled",2,tsp
a7402420-4845-4838-b15f-8c201d16f702,ASC354,UK-17-367,Salt,0.25,tsp
a74089a8-3597-4cc3-8182-a64453af7325,ASC006,UK-17-377,"Water, distilled",0.5,C
a747f046-1964-44f7-a84a-ee10a09ee648,ASC360,UK-17-367,Salt,0.5,tsp
a749b91a-463e-47a0-b9f4-8d642232ab04,BFP206,G012,"Garlic, small clove (Allium sativum)",1.25,g
a74ac2c2-d194-44c8-972f-7e33a9a1edaa,OSR103,UK-13-832,"Ginger, ground",9.45,g
a753258c-a1e2-4cda-8afe-980d0dc058fa,OSR151,B003,"Black gram, dal (Phaseolus mungo)",87.5,g
a75b1f5c-9268-4e48-8b69-30cbe7289db0,BFP589,UK-17-377,"Water, distilled",1000,g
a76b10f6-eff6-4196-b4e3-b2ee8fd924ae,BFP545,A018,"Wheat flour, refined (Triticum aestivum)",50,g
a76cfbc3-78b9-4592-bda3-b32ce0653719,BFP076,B013,Lentil dal (Lens culinaris),20,g
a76ef6da-32f6-400f-88fc-d357677f34b4,ASC156,G033,Turmeric powder (Curcuma domestica),0.25,tsp
a775a841-7999-4ebe-841c-b159a3aad89f,ASC351,UK-17-045,"Oil, sunflower",480,ml
a7771308-38b0-4aa6-a36d-0612f0c74ea1,BFP199,ANN-ING-0025,TOMATO COLOUR,0.25,tsp
a77ccf9e-8e82-4d87-920d-6784ff54c05a,BFP141,UK-17-367,Salt,0.5,tsp
a77e6025-a91f-4954-a19e-7c585af0f120,BFP097,L002,"Milk, whole, Cow",300,ml
a77ef44c-4e35-4ba0-9a58-8420478f070c,BFP080,UK-17-727,"Stock cubes, vegetable",240,ml
a780e542-e002-4706-b422-43895ad29ea6,ASC128,G031,"Pepper, black (Piper nigrum)",0.5,tsp
a7829a52-e174-4703-9f77-7c49f88e3a12,OSR074,UK-13-873,Chilli powder,1,tsp
a782cfda-49af-4351-98f2-6b5281af0595,ASC331,M002,"Egg, poultry, white, raw",34,g
a7835e88-ae52-4de1-8575-276d873b9619,BFP185,G031,"Pepper, black (Piper nigrum)",0.5,tsp
a7980f8f-f7ea-4422-ac0c-5cad5b9ca7b5,ASC509,E030,"Jack fruit, ripe (Artocarpus heterophyllus)",166.67,g
a79bc5b3-aaf8-495b-90e5-ffe4657ec09b,BFP370,UK-17-360,Gelatine,5,g
a79f397f-2a17-4c84-90a9-a921852e7d8a,ASC190,F006,"Potato, brown skin, big (Solanum tuberosum)",50,g
a7c3f391-c60b-472c-8e9a-77430aa1911a,ASC363,UK-17-377,"Water, distilled",3,tbsp
a7cb3963-0c2b-4522-b48d-32de178a6ecf,ASC248,UK-13-873,Chilli powder,0.25,tsp
a7cf4fb4-d8dc-44af-b2bc-b3dd8d7bf427,ASC044,G017,"Onion, big (Allium cepa)",20,g
a7da4110-ac40-476b-9caf-adfe68533ca2,BFP062,UK-17-377,"Water, distilled",720,ml
a7dd3d6d-a369-4d18-b42e-91d462b6b0f7,BFP169,G019,Asafoetida (Ferula assa-foetida),0.25,tsp
a7e14453-b654-4706-b019-55df53210e26,OSR110,E009,"Banana, ripe, montham (Musa x paradisiaca)",200,g
a7e2a22e-8f98-4a49-83d0-a3d5b39dba2d,OSR045,A019,"Wheat flour, atta (Triticum aestivum)",260,g
a7e656f0-ba62-4751-9845-2613eb34b211,ASC375,F002,"Carrot, orange (Daucus carota)",20,g
a7f60ebb-f855-46d7-a864-77b23fa04467,BFP478,A018,"Wheat flour, refined (Triticum aestivum)",40,g
a8060f44-28b7-4b0f-8b93-1446fe57fe37,BFP531,UK-14-130,"Lemons, flesh only, raw, weighed with peel and pips",15,g
a80663c6-31ed-4f4e-a4c6-d2563f24329b,ASC498,UK-17-063,"Sugar, white",2000,g
a807853d-55ad-4140-8c81-856ab6556105,OSR105,UK-17-377,"Water, distilled",0.33,C
a80886fe-f4aa-4d3d-a87c-0d9e31d1284a,ASC106,UK-11-896,"Flour, gram",30,g
a80f56ac-3ec9-44bb-b3d8-3343846651dc,OSR133,F002,"Carrot, orange (Daucus carota)",34.56,g
a812da50-66f9-4cd3-8b4b-8e1bb65b943f,ASC085,G031,"Pepper, black (Piper nigrum)",0.375,tsp
a81bd041-48d2-4a9f-9161-04c6e7c16189,BFP366,ANN-ING-0031,YELLOW COLOUR,0.25,tsp
a8219043-25bb-42d4-866e-691669427578,BFP563,I001,"Jaggery, cane (Saccharum officinarum)",70,g
a8219a9e-6e11-4472-a57a-eaf2d964b525,ASC183,UK-17-367,Salt,0.5,tsp
a821a160-5f3b-4839-8676-14d1eb585fde,ASC359,UK-13-829,Garam masala,0.25,tsp
a83c21ed-10f8-40ce-badc-646089242edf,BFP455,G031,"Pepper, black (Piper nigrum)",0.125,tsp
a83ee41c-1ac1-4b11-b729-995f3993b397,ASC310,UK-17-377,"Water, distilled",1,tbsp
a83f4c63-40d7-42c3-953a-72b57f00f008,ASC221,UK-50-1173,"Tomato sauce, homemade",2,tsp
a8435dd9-5ea1-46eb-956c-06c1853e94f3,BFP249,UK-17-377,"Water, distilled",4,tsp
a8462c99-3181-49cc-86cf-b03d33127b29,BFP460,H013,Mustard seeds (Brassica nigra),0.125,tsp
a84d12c2-fff7-4ace-b87c-5d87b1b3fd78,BFP368,M001,"Egg, poultry, whole, raw",50,g
a8543169-33f0-4099-be1f-22a2871aa026,BFP179,G008,"Chillies, green - all varieties (Capsicum annum)",1.67,g
a8631d5f-79bd-4c42-8813-0491d9a089fa,BFP206,G023,Cloves (Syzygium aromaticum),0.25,tsp
a864e479-d564-4f86-9aa5-63e03fcb6f25,ASC112,UK-17-377,"Water, distilled",4,tbsp
a8684cfd-4c6e-42d0-a9a9-9a65974043d2,ASC163,G009,Coriander leaves (Coriandrum sativum),1,sprig
a871580a-a1e2-4c61-8474-98e36aefdee0,BFP176,G024,Coriander seeds (Coriandrum sativum),1,tsp
a8898ad4-d00b-4f97-b53c-ad0a61f5ed25,ASC177,UK-13-873,Chilli powder,0.25,tsp
a88d0dd0-fc8e-4470-8352-003a5a9a9eea,ASC324,UK-17-661,"Butter, unsalted",2,tbsp
a8953dbe-f3d1-4356-a260-330d8bf8cb32,BFP174,UK-13-570,"Tofu, soya bean, steamed",8,g
a8a83958-da3b-40ab-b0c4-d4ce745309c3,BFP223,UK-17-367,Salt,0.17,tsp
a8ac424b-cde8-4b1b-8217-2658104f69d4,OSR142,G024,Coriander seeds (Coriandrum sativum),1.5,tbsp
a8adec36-e86d-4ab4-a8b8-cd0e12f87b47,OSR114,UK-13-832,"Ginger, ground",0.1,tsp
a8b0eab8-bdf6-410b-b5a2-0e49d1f9bc76,BFP448,B001,"Bengal gram, dal (Cicer arietinum)",20,g
a8b11492-57cc-4e90-99f0-b173758a6001,ASC044,G008,"Chillies, green - all varieties (Capsicum annum)",1.7,g
a8b46daf-8b4f-4ce5-bbe8-4ee01f2d63d1,ASC217,G012,"Garlic, small clove (Allium sativum)",1.25,g
a8b802f4-d575-4552-99c4-69df39213307,ASC369,P057,"Pomfret, white (Pampus argenteus)",75,g
a8c2e78d-4e46-48c5-9e87-220fd1563c98,BFP431,UK-13-873,Chilli powder,0.25,tsp
a8cba2c8-56c0-407e-aae6-04e15425caee,BFP401,UK-17-640,"Ghee, butter",30,g
a8cbb7ac-0a7c-446a-9d8f-cda2d820d90c,ASC125,UK-17-640,"Ghee, butter",1,tbsp
a8cf3b14-4061-47d6-aa8e-13c784edc585,BFP292,UK-12-527,"Cheese, processed, plain",10,g
a8fb1b63-97d2-4f2f-96f2-bfe0056bb39e,ASC221,D075,"Tomato, ripe, hybrid (Solanum lycopersicum)",100,g
a8fb71a2-f9f8-4c5f-bcab-44bc591c96fd,OSR137,G008,"Chillies, green - all varieties (Capsicum annum)",6.67,g
a9165838-e024-4947-af48-0c4f7d8be5bf,ASC309,UK-14-130,"Lemons, flesh only, raw, weighed with peel and pips",35,g
a91f0ce1-f044-4bc5-945e-c5da03815687,ASC244,D033,"Capsicum, green (Capsicum annuum)",30,g
a922be36-fc07-4a51-8f2f-5b3e639c0c8a,OSR144,B001,"Bengal gram, dal (Cicer arietinum)",50,g
a923fbd1-49d9-4592-b822-42cfe2066d5a,BFP201,G033,Turmeric powder (Curcuma domestica),0.125,tsp
a9284393-d3e5-47f7-a998-4cccf1726da8,BFP116,A019,"Wheat flour, atta (Triticum aestivum)",40,g
a9342fb5-be34-488d-8ae8-aac2adb330d9,BFP210,UK-13-873,Chilli powder,0.125,tsp
a934f8cf-54e0-4570-982f-1a33085ee9ce,ASC215,UK-17-045,"Oil, sunflower",0.5,tbsp
a9436cd3-f9e7-4af6-8067-e940f45bde8d,ASC224,H005,Cashew nut (Anacardium occidentale),5,g
a944e8ce-adfe-492c-8973-909ca1fc0e41,BFP205,UK-13-874,"Cinnamon, ground",0.25,tsp
a9541b10-02e1-489f-9061-0cb2a3ef5cc9,ASC474,H013,Mustard seeds (Brassica nigra),0.25,tsp
a957eaa8-52cb-4bf4-9cca-1e5910aa8507,ASC187,US-400113,"SIVA'S, AMHUR POWDER (DRY MANGO POWDER)",0.25,tsp
a958b67a-9464-43ec-abd2-ac2539e501a7,BFP207,D007,"Bottle gourd, elongate, pale green (Lagenaria vulgaris)",100,g
a958cde9-fabf-46fe-82dd-04be88f61406,ASC225,UK-13-873,Chilli powder,0.25,tsp
a960c19f-30e0-4809-b994-d327b3f84fd4,BFP544,G017,"Onion, big (Allium cepa)",15,g
a961471d-13ee-41fb-9d2b-b3df24bbbf81,OSR116,G024,Coriander seeds (Coriandrum sativum),1,tbsp
a9641b93-dbfa-4802-84ff-0c72f52fda49,BFP431,A018,"Wheat flour, refined (Triticum aestivum)",60,g
a970f9fe-43e3-4ca6-83e7-47503043b61f,ASC135,UK-17-045,"Oil, sunflower",1,tsp
a9710910-9ddc-418c-94ab-3ad89e4b4062,BFP127,F002,"Carrot, orange (Daucus carota)",15,g
a9731da5-cb68-4f0e-ab40-5f05b0849a35,BFP274,E030,"Jack fruit, ripe (Artocarpus heterophyllus)",120,g
a9741e4d-6c42-42c9-9208-c44813928e28,OSR102,UK-17-045,"Oil, sunflower",1,tbsp
a974e067-175c-40d5-b5bc-e04c8ddfaa67,ASC408,UK-17-062,"Sugar, icing",40,g
a980d719-99a8-44c1-84a0-3b0b3dbd93d2,BFP159,G023,Cloves (Syzygium aromaticum),0.125,tsp
a991a09f-f5f2-44d5-bd08-cd3997056981,BFP361,M002,"Egg, poultry, white, raw",17,g
a995e262-fd49-4e3c-b496-970b899c6e05,OSR112,G017,"Onion, big (Allium cepa)",120,g
a9979eb2-c871-4956-8bde-596597e8a51f,ASC173,UK-17-045,"Oil, sunflower",1,tsp
a9993f07-7169-43d2-a034-44c7763cfcba,ASC087,G031,"Pepper, black (Piper nigrum)",0.125,tsp
a9a59b0d-2827-4ec3-8eac-2aae778f100e,OSR067,UK-14-130,"Lemons, flesh only, raw, weighed with peel and pips",10,g
a9a9d886-83d6-4f2d-9122-15f33dabdced,ASC136,UK-17-367,Salt,0.25,tsp
a9b06253-129f-4f01-aa3a-70eb9e63fd7a,BFP327,G031,"Pepper, black (Piper nigrum)",0.25,tsp
a9b3eae3-c277-4487-84f0-3ee667595367,BFP367,E047,"Orange, pulp (Citrus aurantium)",21.25,g
a9baec29-b75e-4342-8e29-bb378b5ffb77,BFP269,G024,Coriander seeds (Coriandrum sativum),0.125,tsp
a9be6ecd-61a7-45ce-bc39-b8c74694d7ba,OSR049,G014,"Ginger, fresh (Zingiber officinale)",50,g
a9c2de42-0767-4844-b432-755218e390d2,ASC324,H005,Cashew nut (Anacardium occidentale),3.1,g
a9d3205c-5151-488b-81c9-4b155a691369,BFP217,UK-12-332,"Cream, fresh, single",1,tbsp
a9d74235-76a9-4fa2-a151-f98ce5578d8b,BFP351,H005,Cashew nut (Anacardium occidentale),33.4,g
a9ebe982-440d-4989-8d05-c64370856a34,ASC141,C033,Spinach (Spinacia oleracea),100,g
a9f0d248-caf0-47df-8b78-cbb251d3595f,BFP163,UK-17-339,Vinegar,2,tbsp
a9f15021-b47d-408e-a841-f6fe0ad1d9ed,BFP424,A018,"Wheat flour, refined (Triticum aestivum)",2,tsp
a9f469e9-b336-46fc-8dc4-5f4cfb8ae92d,BFP220,UK-17-339,Vinegar,0.5,tbsp
aa16341b-c22a-48c9-99d1-0fc668a02e99,ASC340,L004,Khoa,35,g
aa1eb1ab-346e-47e9-9e85-b33d33c8bca9,ASC238,G023,Cloves (Syzygium aromaticum),0.25,tsp
aa231ffb-0c1b-4a53-8a2e-37a7f3cd305f,BFP508,UK-17-377,"Water, distilled",1,tsp
aa241d77-98f8-4aeb-8c7d-4cf6caa55d94,BFP036,UK-17-377,"Water, distilled",120,ml
aa340b16-6077-460a-a748-b7d214fa2724,ASC203,G012,"Garlic, small clove (Allium sativum)",1.25,g
aa492c04-1c58-4478-9529-621d08feff80,BFP459,G016,Mint leaves (Mentha spicata ),1,sprig
aa4c8b34-9502-416f-aa98-127744097a99,BFP144,UK-17-377,"Water, distilled",480,ml
aa4d6bcf-020d-4394-8cb3-5f48cd8a5daf,OSR058,UK-17-377,"Water, distilled",6,C
aa4eacd0-6f46-4de2-8a01-ccbded9dad3f,BFP159,UK-17-045,"Oil, sunflower",1,tbsp
aa4fd915-accb-42de-9631-85aba7e0443a,BFP058,G031,"Pepper, black (Piper nigrum)",0.25,tsp
aa5569c9-031f-4e5c-8749-9dcbda415d47,BFP065,G031,"Pepper, black (Piper nigrum)",0.5,tsp
aa55c1bf-6ec1-4a5c-b2f1-0d721c971365,OSR050,UK-17-367,Salt,0.5,tsp
aa567016-62e7-43bd-b427-c90eaa77c98d,ASC304,UK-12-332,"Cream, fresh, single",125,g
aa61b75d-04d6-45e7-a2a6-dac230406e9a,ASC366,UK-13-829,Garam masala,0.25,tsp
aa652318-62ee-4620-9339-f1403e766291,BFP249,G009,Coriander leaves (Coriandrum sativum),1,sprig
aa666f08-f397-47cc-94b7-ce8daff45b5b,BFP201,UK-13-873,Chilli powder,0.125,tsp
aa72d653-ce59-4bb5-b2c4-f75ec82e93f0,ASC083,G031,"Pepper, black (Piper nigrum)",0.375,tsp
aa76872f-8be8-4679-a0f2-2f4b369bf69b,BFP127,UK-17-377,"Water, distilled",15,ml
aa7a67f4-681c-439e-b419-fac012544836,OSR151,UK-17-367,Salt,0.5,tsp
aa838a21-6971-475f-af90-71b8fd4251f6,ASC267,UK-17-062,"Sugar, icing",0.5,tsp
aa92acd4-cc81-4581-b2d6-f02752e47c67,ASC350,UK-17-063,"Sugar, white",25,g
aa96b094-a539-4d6a-b4c6-cccbb8c55464,BFP532,UK-17-063,"Sugar, white",30,g
aa986e3c-8c52-4e7a-9d80-1150d43d1e72,ASC250,UK-12-527,"Cheese, processed, plain",25,g
aa9c39e2-3e37-4678-93ef-03e06a696b06,BFP259,G017,"Onion, big (Allium cepa)",20,g
aa9dee5e-9d78-45d2-9baa-7bff9d79e407,ASC404,UK-17-062,"Sugar, icing",0.5,tsp
aaa15eee-0357-4e3a-bc65-5dd433e1b16b,ASC326,M001,"Egg, poultry, whole, raw",50,g
aaad1436-6bff-4103-8ae4-4cbcdd9ef4d5,ASC085,G031,"Pepper, black (Piper nigrum)",0.125,tsp
aab1e20a-d60b-4600-9911-1179f97b5ab2,OSR060,G010,Curry leaves (Murraya koenigii),1,sprig
aab2a6f9-11e0-46e4-bc45-8849fc336cc9,BFP278,G017,"Onion, big (Allium cepa)",20,g
aabb2df0-0102-451f-9173-cd6a98c7bdef,BFP280,D031,Brinjal - all varieties (Solanum melongena),30,g
aabf92e0-9d34-447a-bec2-4d6f64ab532e,ASC135,UK-17-367,Salt,0.25,tsp
aac173cf-a1d8-4041-bb0d-516b4a642ef5,ASC041,UK-17-367,Salt,0.25,tsp
aac1b814-2bda-4897-b37e-5346a2739112,BFP223,G023,Cloves (Syzygium aromaticum),1,tsp
aacfae45-d905-45af-93df-92b1003c9327,ASC285,L002,"Milk, whole, Cow",200,g
aad4af13-9b6e-4a34-a574-f798af02ed59,ASC468,G025,Cumin seeds (Cuminum cyminum),0.5,tsp
aae10edd-55fb-4883-8148-9bdd3f129b11,BFP232,UK-17-367,Salt,0.17,tsp
aaf77217-5bf0-4ca3-a810-900ca4159181,ASC079,UK-17-045,"Oil, sunflower",2,tbsp
aaf86f79-aa6f-4211-a98f-c1e6f9f009a5,BFP502,UK-17-661,"Butter, unsalted",15,g
aafbb1aa-95ce-413f-a0e6-de7048b33e86,ASC019,ANN-ING-0002,Orange Essesnce,0.5,tsp
aafe9c33-388c-4690-9dcd-01d0121bacdd,ASC123,G025,Cumin seeds (Cuminum cyminum),0.5,tsp
ab01f0bc-26f8-4389-806a-7e8b5f8aaadb,ASC218,UK-17-367,Salt,0.5,tsp
ab034cf2-7ec9-4e19-b10c-185cf7d7c518,ASC156,B011,"Green gram, whole (Vigna radiata)",30,g
ab05cb5b-9130-4e7a-800a-2cadd9e60686,BFP359,UK-11-1045,"Flour, corn",1,tsp
ab06b7b6-c967-4324-9c8c-88f7548b1af1,BFP141,UK-17-377,"Water, distilled",120,ml
ab06bf9a-3d6e-40b5-a9b1-05dddd0b5945,BFP388,L002,"Milk, whole, Cow",250,g
ab07695e-d82c-471c-9416-f0ef1ca80a04,ASC177,UK-13-829,Garam masala,0.25,tsp
ab0cffe3-f605-4d88-9356-7f47e0a5aa52,ASC489,C033,Spinach (Spinacia oleracea),20,g
ab11d57f-c69c-40c6-9a0a-a9bd18cb3595,BFP196,G027,Mace (Myristica fragrans),1,g
ab13c5b2-8fa2-4b73-99b5-f0db786f6ed1,ASC156,D075,"Tomato, ripe, hybrid (Solanum lycopersicum)",37.5,g
ab1457dd-2b7d-435c-aaff-d1336b382cf3,BFP560,H012,Ground nut (Arachis hypogea),25,g
ab2eac24-67f8-44d4-acde-0c79a4f40768,BFP203,UK-17-721,"Soy sauce, light and dark varieties",0.5,tsp
ab319a8b-ffce-404f-84df-d02f4673220a,ASC468,G017,"Onion, big (Allium cepa)",50,g
ab3b6a52-27c0-46d3-9489-d9a85bfa3bb1,BFP574,UK-17-063,"Sugar, white",30,g
ab3e9140-df9f-4870-991a-8f5eed9a7962,BFP239,G017,"Onion, big (Allium cepa)",30,g
ab4017eb-0b56-4f0d-96eb-74fe67c1cf1c,ASC011,US-170174,"Nuts, coconut water (liquid from coconuts)",60,ml
ab42f670-85a3-447d-9396-d701cfccdbb1,ASC026,UK-12-527,"Cheese, processed, plain",20,g
ab46bfb8-a0c2-40cf-b0e8-540027163f7a,BFP158,UK-17-045,"Oil, sunflower",2,tbsp
ab4a41ea-9f96-4292-9496-0aa5be29f91f,OSR069,UK-13-234,"Curly kale, raw",840,g
ab4fc90b-12c8-4e12-9c51-6cd6e2c1bc75,ASC153,UK-17-377,"Water, distilled",0.5,C
ab550300-811e-46ca-968d-da63e34c4adb,ASC097,UK-17-045,"Oil, sunflower",2,tbsp
ab603bf4-adf7-489d-8c15-6c19d9c89c24,BFP358,UK-17-063,"Sugar, white",30,g
ab7a4609-d29b-4239-bfce-f07c996f09fa,ASC295,H001,Almond (Prunus amygdalus),2.22,g
ab7b3a4e-107b-4278-952a-73017625ec46,ASC186,US-400113,"SIVA'S, AMHUR POWDER (DRY MANGO POWDER)",0.25,tsp
ab838b8f-6d97-4cea-8bda-7fc9ebde73a3,ASC354,F006,"Potato, brown skin, big (Solanum tuberosum)",20,g
ab901d87-0199-412b-8c41-f6865cb3e5ed,ASC447,UK-17-640,"Ghee, butter",20,g
ab9dad2e-5035-4278-9c0d-7597c76f1a2b,ASC474,UK-17-045,"Oil, sunflower",1,tsp
aba05f69-8118-42d4-bb72-d6d4e2841c7e,ASC099,US-400113,"SIVA'S, AMHUR POWDER (DRY MANGO POWDER)",0.5,tsp
aba06191-fc9a-4978-b607-c4ac16ece8e9,ASC282,UK-17-377,"Water, distilled",0.5,C
aba905dd-bf18-48cf-a131-b690b339b525,BFP044,G019,Asafoetida (Ferula assa-foetida),0.25,tsp
abac8e3b-87e8-44c8-8979-db003c401eb4,ASC196,UK-17-367,Salt,0.5,tsp
abb89bbb-b4ff-4843-be6c-c19deaf335c7,ASC425,H005,Cashew nut (Anacardium occidentale),50,g
abc0cb5c-62bd-4a86-83ef-d7fa6ba68d12,ASC476,US-473921,CRACKED WHEAT,70,g
abc8229f-f476-4365-8330-57ac1953abcd,OSR063,P057,"Pomfret, white (Pampus argenteus)",250,g
abd37763-e1d4-4601-9450-d8684a5a0ec3,OSR115,UK-17-045,"Oil, sunflower",0.5,tbsp
abd46ffe-c8e7-458b-a7a9-fefcdb5f9b54,BFP273,UK-17-367,Salt,0.17,tsp
abd6932e-1d52-4d6e-9826-24d2d4865350,BFP471,UK-17-654,"Mayonnaise, standard, retail",1.5,tbsp
abda0ab3-cc13-442d-9ad4-26e0b664fca0,ASC256,G017,"Onion, big (Allium cepa)",0.5,tsp
abdb20e1-9f8c-488a-9cf4-e1195c2781d4,BFP355,UK-17-360,Gelatine,0.25,tsp
abf69653-6c38-45cf-8ac1-cb4ec4dc9a78,ASC340,UK-17-640,"Ghee, butter",25,g
ac0de181-55fc-4d02-afb7-51dc98a6dfb1,BFP203,UK-17-045,"Oil, sunflower",240,ml
ac14a0e7-e11f-4b7f-ae5e-a743a88fb1aa,OSR052,G024,Coriander seeds (Coriandrum sativum),0.66,tbsp
ac17a62b-082b-453e-b283-d848514ae648,BFP199,O064,"MUTTON, muscle",100,g
ac1f9d72-b097-4aad-acf8-59baf0ca8001,ASC189,L003,Paneer,25,g
ac23d8aa-b3da-41b6-84a1-4ac74877a03d,OSR071,J001,"Button mushroom, fresh (Agaricus sp.)",15.4,g
ac29e8cc-e624-4eb9-ad36-c4b5103baa3d,ASC219,G010,Curry leaves (Murraya koenigii),1,sprig
ac2b72f7-207a-42f6-9138-049c662fdc77,BFP282,UK-17-367,Salt,0.17,tsp
ac41ee4a-2709-4672-a7cc-2f6a20c71ea2,ASC006,E033,"Lemon, juice (Citrus limon)",1,tbsp
ac4a222d-e9aa-45a0-acaa-096c5101b2c0,BFP431,UK-17-367,Salt,0.25,tsp
ac4c4482-004c-4746-bb5c-2f86eccf8543,BFP177,G024,Coriander seeds (Coriandrum sativum),1,tsp
ac4dc506-aa0a-4bb5-b4a4-dcff5eb24779,BFP246,G009,Coriander leaves (Coriandrum sativum),0.5,tsp
ac5116f2-b560-450c-8792-446b244d7e47,BFP403,D066,"Pumpkin, orange, round (Cucurbita maxima)",150,g
ac521268-410e-4ad6-bd7a-2fc7be1c402b,OSR075,UK-17-045,"Oil, sunflower",480,ml
ac566ca1-4046-4a96-9405-c02b40816707,ASC141,UK-17-038,"Oil, olive",1,tbsp
ac599641-5075-4d4f-87d0-90bdbd0f6320,OSR088,L002,"Milk, whole, Cow",4,tbsp
ac5fcc72-bedf-4f95-ae68-397b47e13946,ASC242,D075,"Tomato, ripe, hybrid (Solanum lycopersicum)",150,g
ac6844d0-14a5-4da2-b50a-707f5e19bc59,ASC109,UK-17-640,"Ghee, butter",1,tsp
ac6f4007-be63-4889-861b-7102a224e6b7,ASC286,H001,Almond (Prunus amygdalus),1.11,g
ac8bb0fd-d303-4c03-a326-28981c69e668,ASC232,UK-17-377,"Water, distilled",0.5,C
ac8c6469-fbdf-4108-9554-90c931df31b4,ASC167,E064,"Tamarind, pulp (Tamarindus indica)",20,g
ac92dc63-f89d-4ea2-a661-864d0cd298a7,BFP361,E047,"Orange, pulp (Citrus aurantium)",150,g
ac997a17-51e3-4b8e-9177-ed98f6f74465,BFP379,UK-17-060,"Sugar, brown",15,g
ac9e8159-8c6e-4d07-b0c5-d7bcb31083a0,BFP207,G020,"Cardamom, green (Elettaria cardamomum)",0.25,tsp
acae9995-0ad8-4f65-adef-4401747dbcb4,OSR097,G021,"Cardamom, black (Elettaria cardamomum)",5.5,g
acafa253-0b92-4be7-9017-a72363302efd,ASC509,UK-17-367,Salt,1,g
acb0450f-a9f0-4bd7-8d8f-bdd7d58e2016,ASC416,UK-17-367,Salt,0.25,tsp
acb66197-f78f-465e-be31-406d4cdaa129,OSR025,H018,Pistachio nuts (Pistacla vera),3.92,g
acb6d71e-5ce5-403a-b794-8bd28be75ab4,ASC074,UK-17-661,"Butter, unsalted",2,tbsp
acc32291-b4d8-4588-9f93-88cc5c08aa91,ASC153,G033,Turmeric powder (Curcuma domestica),0.25,tsp
acc83114-f0c2-4de2-b0b8-72cdb38420cc,BFP030,UK-13-873,Chilli powder,0.25,tsp
acd46492-c4ef-4eb1-94db-623bb039e3d8,ASC136,L002,"Milk, whole, Cow",30,ml
acda8089-7379-4f34-8a12-960e696c1dab,ASC249,UK-17-063,"Sugar, white",1,tsp
acdaf4d8-364c-4a14-8afd-62abf44217e4,ASC441,L002,"Milk, whole, Cow",1,tbsp
acdd4447-f30b-41c2-a25e-acc671e5d9ec,BFP396,L004,Khoa,50,g
ace2deee-ebf4-4729-93b1-10eb2590f1db,ASC332,UK-17-661,"Butter, unsalted",12,g
acefb610-707c-4646-9a88-445dd3ceb89c,ASC149,UK-17-045,"Oil, sunflower",2.5,tbsp
acefba5b-0ed0-4246-b24a-946d96790a52,BFP221,UK-17-726,"Stock cubes, chicken",60,ml
acfbb987-26bf-422c-9bd8-42cda61f759f,BFP574,UK-17-377,"Water, distilled",50,ml
ad1144a3-6a69-43ee-9bc9-faf919823050,BFP136,G017,"Onion, big (Allium cepa)",50,g
ad13f3a7-f33f-4c9d-b6e2-366806a1c89d,ASC089,UK-17-661,"Butter, unsalted",1,tsp
ad13fa3a-fa23-43a9-9734-7a1ebc681654,OSR104,UK-13-873,Chilli powder,0.5,tsp
ad14e171-e74c-47e5-b8e4-84fc7d202754,BFP042,G010,Curry leaves (Murraya koenigii),1,sprig
ad1be146-d565-40da-bde7-d36325196ae8,ASC360,G017,"Onion, big (Allium cepa)",15,g
ad21f1f9-f0b4-496a-ac63-184b76ca4061,OSR121,UK-17-063,"Sugar, white",100,g
ad221745-f044-40f5-8664-85d935920a19,BFP380,UK-17-063,"Sugar, white",15,g
ad2782e5-3570-46a1-94df-40bc4b44f213,BFP373,UK-14-336,"Fruit cocktail, canned in juice, whole contents",150,g
ad2878cc-9d8c-4cb8-b5bb-4c519d7ae15d,ASC290,UK-17-063,"Sugar, white",1,tbsp
ad2e46a2-af73-4a13-83fb-20d0d90c0a4c,ASC322,UK-14-369,"Orange juice, freshly squeezed",75,ml
ad34f5e1-c7b4-40bf-8d32-d158648499e5,ASC155,B001,"Bengal gram, dal (Cicer arietinum)",10,g
ad459432-fec4-416e-997d-56e05cb3f0ca,ASC032,G031,"Pepper, black (Piper nigrum)",0.25,tsp
ad49e23c-bd0f-4166-8cdd-32c9252f58ff,OSR001,UK-14-130,"Lemons, flesh only, raw, weighed with peel and pips",60,g
ad521403-bd89-4c38-a278-3e5deaf800db,ASC245,UK-17-367,Salt,0.5,tsp
ad53ff61-c055-4d5e-b971-2f1b9503567e,ASC062,UK-17-367,Salt,0.25,tsp
ad54e6f6-60c5-4c13-aef1-b6ac64243678,ASC141,UK-17-661,"Butter, unsalted",1,tsp
ad5c8580-1f9d-413e-adec-7a487f4569bc,BFP289,F006,"Potato, brown skin, big (Solanum tuberosum)",150,g
ad679104-1201-41a9-9865-321cc82cf152,ASC217,UK-17-367,Salt,0.5,tsp
ad6a5e72-9374-427d-a141-9040b050f04e,ASC154,G014,"Ginger, fresh (Zingiber officinale)",5,g
ad72a521-54d3-4e88-8aad-a1db9ec015f0,BFP249,G025,Cumin seeds (Cuminum cyminum),0.125,tsp
ad79ffdc-6804-4577-86e2-9e7a8dc78088,ASC305,UK-17-063,"Sugar, white",30,g
ad8103f0-1a18-4f97-9790-dff41adef930,BFP114,C008,Bathua leaves (Chenopodium album),50,g
ad914a18-fbdf-432e-afb8-a275a31eabb9,BFP257,UK-17-377,"Water, distilled",1,tbsp
ad97e4f4-13fd-4fe4-9315-262e2b88d049,BFP535,UK-17-062,"Sugar, icing",0.25,tsp
adaf3eda-2359-4528-94fe-76c1c7feb590,BFP055,UK-17-377,"Water, distilled",15,ml
adba1dc6-1ad8-4c10-8a12-1f754b4831a8,OSR064,E033,"Lemon, juice (Citrus limon)",2,tbsp
adc9809b-9924-465e-a905-dbefd7a06b75,OSR026,L002,"Milk, whole, Cow",2,C
adce9d40-29a2-450c-9d4f-81435ec222a2,ASC359,US-400113,"SIVA'S, AMHUR POWDER (DRY MANGO POWDER)",0.25,tsp
ade8f4d8-d9f4-4b35-9b11-3003d8699130,ASC139,G012,"Garlic, small clove (Allium sativum)",1.25,g
adf42baf-5394-499a-b96f-330332198bea,BFP506,UK-13-832,"Ginger, ground",0.25,tsp
adf5519e-7ef6-43a3-89a4-6814a0108246,ASC347,E057,"Raisins, dried, black (Vitis vinifera)",1.8,g
adf64453-71f0-44d7-afab-122cd31f82ed,ASC354,UK-17-377,"Water, distilled",4,tbsp
adfcacaa-6742-4d0b-94be-5f45bc5cae5f,OSR134,L003,Paneer,200,g
ae06aa8f-d9cc-4fb3-a5a0-c76021158572,ASC473,A022,"Wheat, semolina (Triticum aestivum)",50,g
ae091a9a-97ef-420b-9ece-19fa69c17127,BFP005,G031,"Pepper, black (Piper nigrum)",15,g
ae145fcf-6854-4d62-bfdb-363f70c544d3,ASC408,UK-17-062,"Sugar, icing",1,tbsp
ae1ca9fc-91ce-48fa-bbbc-103d8bb2df3e,OSR112,G009,Coriander leaves (Coriandrum sativum),3.5,tbsp
ae20365c-24b1-4899-a61e-d1bb9f920322,ASC302,UK-17-367,Salt,0.25,tsp
ae221d84-c866-4843-bdd7-f4ba66963c54,OSR083,UK-17-045,"Oil, sunflower",3,tsp
ae2428db-9e0f-47f9-ab0f-6029456bc8f5,ASC388,G031,"Pepper, black (Piper nigrum)",0.125,tsp
ae29b024-32cc-4f50-9498-50a81bbda904,ASC248,UK-17-367,Salt,0.5,tsp
ae31ae50-681d-430e-9772-85a3b7bf854c,BFP261,E033,"Lemon, juice (Citrus limon)",0.25,tsp
ae40e219-ca87-4b3e-be8b-2e5d07b5e0bf,ASC476,B010,"Green gram, dal (Vigna radiata)",20,g
ae508c56-fb3a-439e-8bb4-ab9dca0fe69b,ASC233,G020,"Cardamom, green (Elettaria cardamomum)",0.25,tsp
ae52c3ba-4813-47ee-8d83-c29fd6f3e5bb,ASC207,D075,"Tomato, ripe, hybrid (Solanum lycopersicum)",50,g
ae54f431-29ea-46f8-95aa-1d249c147245,ASC043,G031,"Pepper, black (Piper nigrum)",0.25,tsp
ae589374-7cc9-4b17-b08c-cf7a5e21bc7f,ASC258,B020,"Rajmah, red (Phaseolus vulgaris)",15,g
ae76319b-8bf0-47e8-9911-84ff75a8fa89,ASC079,G031,"Pepper, black (Piper nigrum)",0.25,tsp
ae7652be-8e83-49a3-8603-150ffefaa853,ASC325,UK-12-545,Cocoa powder,0.5,tsp
ae76aef4-749e-42d4-9529-981714351465,BFP541,UK-17-640,"Ghee, butter",37,g
ae7ccdff-00a2-41a4-af34-8a546c3b105c,BFP485,UK-17-062,"Sugar, icing",1,tbsp
ae82d90b-74f8-4807-9559-45019d4e86ac,BFP133,G033,Turmeric powder (Curcuma domestica),0.25,tsp
ae8aad6f-6cc8-4633-bbfb-39fa274ce158,BFP457,M001,"Egg, poultry, whole, raw",50,g
ae8d7453-cb89-47c6-b1fe-75dde9267c42,ASC367,UK-13-829,Garam masala,0.25,tsp
ae8f6891-1181-43c3-9677-4bf8182acc29,ASC412,UK-17-377,"Water, distilled",25,ml
ae9ec180-1d98-413a-9c1d-35b473696077,BFP196,G021,"Cardamom, black (Elettaria cardamomum)",0.25,tsp
aea79068-8352-49c6-ba32-510c1105492b,BFP210,ANN-ING-0031,Yellow colour,0.25,tsp
aeb4f9c6-d34d-42ef-b6b7-7784a5e7c593,OSR139,G028,Nutmeg (Myristica fragrans),0.62,tsp
aeb6fa93-5c0b-4cde-a481-eaaa7abca486,ASC360,UK-17-356,Bicarbonate of soda,0.25,tsp
aeb8ad63-0888-4ee9-8d3b-3119cf6543e1,ASC279,UK-17-045,"Oil, sunflower",480,ml
aec2a61c-faac-468d-a552-b91b48d37f36,BFP512,US-167749,"Lemon peel, raw",5,g
aedea2c6-755a-4b63-ae2e-0dc99348534f,ASC237,G017,"Onion, big (Allium cepa)",20,g
aedf35ee-1f31-4ce9-990a-47ac107d30da,ASC222,G025,Cumin seeds (Cuminum cyminum),0.25,tsp
aeead742-20e8-4332-9ad9-b8916b0da1d1,ASC118,UK-17-377,"Water, distilled",160,ml
aef188f6-d368-4102-9ff8-b9ba3c5fe583,BFP312,UK-17-063,"Sugar, white",0.5,tsp
af08f205-6768-4360-927e-4ebb0fc27661,BFP391,UK-17-377,"Water, distilled",15,ml
af0cf30e-0c75-4e78-9a51-17a6a96f530c,BFP054,UK-17-367,Salt,0.25,tsp
af0e3be7-bb00-4e61-b7e5-df39f230b99a,ASC184,G033,Turmeric powder (Curcuma domestica),0.125,tsp
af2388b7-45bd-433e-9320-d9c62c03e6ae,ASC215,UK-13-829,Garam masala,0.25,tsp
af3cac0c-878a-4d41-893b-b9d697a2e2e7,ASC336,L004,Khoa,100,g
af3d9d55-2612-4233-afee-d621dae486b3,OSR113,UK-17-377,"Water, distilled",3,tbsp
af3de2b9-4224-4c3e-82f2-5dcd4f5e1166,ASC346,UK-17-640,"Ghee, butter",2,tbsp
af41a590-4541-4ef4-a6c0-9cdc0baaac6b,ASC118,A014,"Rice, parboiled, milled (Oryza sativa )",80,g
af4a7152-6ec6-4508-8371-82e441e8ced7,BFP428,UK-11-1145,"Bread, white, average",15,g
af503823-08a6-4a9e-95f2-959f8c19420e,ASC369,G009,Coriander leaves (Coriandrum sativum),1,sprig
af52ad6a-ec42-4aa5-a9ba-034426ccd0d5,ASC341,L002,"Milk, whole, Cow",2,tsp
af551b4a-e419-4d2b-b1b7-aa8beedae42f,ASC150,UK-17-640,"Ghee, butter",2,tbsp
af56bcc6-7620-4cf3-ac18-551f0c50a2e2,ASC355,C033,Spinach (Spinacia oleracea),40,g
af5ba171-6ade-4978-9bb4-c732eed0743d,ASC124,H012,Ground nut (Arachis hypogea),25,g
af6aa63c-d3f0-4f04-8c67-18643f5b8b5f,ASC366,F006,"Potato, brown skin, big (Solanum tuberosum)",75,g
af6f499f-6335-48b8-8834-17ebf2305229,ASC230,UK-17-045,"Oil, sunflower",1,tbsp
af75c528-3498-4529-a3dd-fa0457a27311,BFP223,G017,"Onion, big (Allium cepa)",50,g
af8457f1-6c40-4449-8042-563c1119a7af,OSR094,G014,"Ginger, fresh (Zingiber officinale)",12.66,g
af8d2761-c952-4b83-b0de-61a143408ef8,OSR039,UK-17-661,"Butter, unsalted",454,g
af8d86b5-13ad-4dcf-b6f3-ef88deabd6a2,BFP072,UK-17-063,"Sugar, white",0.25,tsp
af8fc9d4-e616-450b-abcc-c93a500c7297,BFP045,G010,Curry leaves (Murraya koenigii),1,sprig
af9b05ad-410b-4062-8517-cd729d86cfa9,ASC243,G014,"Ginger, fresh (Zingiber officinale)",10,g
afa07926-8d51-489a-b3ae-3532afcad0a5,ASC256,G031,"Pepper, black (Piper nigrum)",0.25,tsp
afaaf2a7-2ca2-45be-aa24-117512a638cb,ASC251,UK-17-367,Salt,0.5,tsp
afac1ebd-6aaa-45d5-9367-01b1db9e4845,BFP250,G012,"Garlic, small clove (Allium sativum)",1.25,g
afac389d-7e3b-478f-b800-984c7796b9a6,OSR002,B001,"Bengal gram, dal (Cicer arietinum)",6,tbsp
afaedd2a-54bc-4896-940c-e8dd78604b96,BFP427,UK-13-829,Garam masala,0.17,tsp
afb0de78-1bcd-47e5-b62c-a77c5a95eb5b,ASC246,G012,"Garlic, small clove (Allium sativum)",1.25,g
afb5805a-aad3-431d-842c-41ee492bd444,OSR016,UK-17-050,Honey,4,tbsp
afb701fb-2ac8-4c2d-903a-fc718fd6a23f,BFP151,G026,Fenugreek seeds (Trigonella foenum graecum),0.25,tsp
afb7e638-a776-4759-88bf-dacd555c96e9,OSR052,UK-17-367,Salt,0.5,tsp
afc2690e-4ae3-4f80-8a42-3e6975639936,BFP162,D033,"Capsicum, green (Capsicum annuum)",30,g
afc9ffee-cdbc-4236-a001-22431b30e7dd,OSR066,N003,"Chicken, poultry, breast, skinless",500,g
afd72d29-fd30-4d81-bb68-e772afdddfe5,OSR100,UK-13-832,"Ginger, ground",6.33,g
afd89591-a164-4b31-b862-3b4b25375f9d,OSR151,UK-17-377,"Water, distilled",0.5,C
afd8e8e8-6c9b-4e43-b1b7-6cab62f56397,ASC078,A018,"Wheat flour, refined (Triticum aestivum)",3,tbsp
afdc46aa-79ae-448d-9d90-a99e4bbf6b47,OSR049,US-173030,"Gooseberries, raw",250,g
afeb4c5a-3b2d-436c-9997-eb1cb1cbea66,ASC380,UK-13-829,Garam masala,0.125,tsp
afebb7ed-9b6c-4f74-889f-09d14342e462,ASC117,G025,Cumin seeds (Cuminum cyminum),0.25,tsp
afebe6ad-5cc7-4602-b8bf-af2753bbd9f7,ASC454,UK-17-062,"Sugar, icing",30,g
aff02a27-d7b6-4066-92f8-1721a0e43791,ASC093,UK-17-339,Vinegar,0.5,tsp
aff65780-0330-4a56-a079-6179d6de4f08,ASC486,L002,"Milk, whole, Cow",100,ml
affb82f5-b183-4bf6-bdce-1f0802b98166,BFP031,UK-13-873,Chilli powder,0.25,tsp
affeeba3-a1a2-43c1-9c64-722afc8228b9,BFP250,UK-17-367,Salt,0.17,tsp
b002903d-652a-4abc-aa27-99df96ad3b36,ASC256,C025,Lettuce (Lactuca sativa),48,g
b0109afa-732b-42dd-8e6c-1be0417453cd,ASC417,M001,"Egg, poultry, whole, raw",50,g
b01764f3-e065-4828-a7c5-6403a0e56f91,BFP463,UK-11-1145,"Bread, white, average",60,g
b01937ae-d5f1-43d0-9001-a1e4a19549b7,ASC299,B010,"Green gram, dal (Vigna radiata)",40,g
b02e1802-d6aa-4532-b824-f982b2548f90,BFP210,G012,"Garlic, small clove (Allium sativum)",0.63,g
b032d226-c750-4e86-ba0c-f85fb7024ac4,ASC202,UK-13-873,Chilli powder,0.125,tsp
b036dcf2-50d1-477c-a318-37c709541127,ASC208,D050,"French beans, hybrid (Phaseolus vulgaris)",50,g
b039726f-8624-448f-918c-43ae5cfa61c9,BFP306,C025,Lettuce (Lactuca sativa),48,g
b047ce62-f502-4c58-b163-08b8c96442b0,BFP229,G033,Turmeric powder (Curcuma domestica),0.17,tsp
b04f0d99-1228-4ae1-82ca-19927476a006,ASC429,UK-17-062,"Sugar, icing",1,tbsp
b0589894-c1cd-44f1-a394-ade3cd6e4664,ASC135,UK-17-367,Salt,0.5,tsp
b059e85b-a856-4124-ada0-08f1e327e3fb,BFP043,D061,"Peas, fresh (Pisum sativum)",20,g
b05a8239-e3d6-47e4-8e1b-ff4f5a7b90bb,BFP468,D075,"Tomato, ripe, hybrid (Solanum lycopersicum)",40,g
b05c0ed2-b88a-49b6-9cca-41251b337641,ASC084,UK-11-1145,"Bread, white, average",7.5,g
b05c3d88-2d6d-477f-816a-1a488995ba87,ASC137,L003,Paneer,50,g
b05f1fb0-f219-4a47-81ef-56c54154b217,BFP443,UK-17-367,Salt,0.33,tsp
b062608d-c720-4ecb-b7e5-5c443e8404c1,ASC093,UK-11-1045,"Flour, corn",1,tsp
b064f256-5798-4328-b766-89b0176031b2,ASC308,UK-12-332,"Cream, fresh, single",150,g
b06af06d-f339-4a65-aa52-ee45b2f42747,ASC093,UK-13-580,"Beansprouts, mung, boiled in unsalted water",10,g
b0728a09-3bdc-4bc5-b54c-d64e928bbd33,BFP207,G025,Cumin seeds (Cuminum cyminum),0.5,tsp
b073bec2-dea2-4ace-a92e-d303fe9b5a15,ASC244,UK-11-1045,"Flour, corn",1,tsp
b08260e6-515c-4f5a-855d-06c4e4a4f382,BFP541,A018,"Wheat flour, refined (Triticum aestivum)",50,g
b0836df0-a1dc-4a2c-ba16-cb05dab615d1,BFP369,UK-14-335,"Cherries, glace",5,g
b083a16e-4c50-4611-b783-f20d81afb5e6,BFP439,UK-17-045,"Oil, sunflower",1,tbsp
b08a4888-676c-4205-b911-7e8040308d55,BFP057,UK-17-661,"Butter, unsalted",5,g
b08b8e7d-2ea0-4087-8354-990770b8d957,BFP391,L002,"Milk, whole, Cow",15,ml
b0a9364a-fe41-4aa7-8104-f4efc21b8c42,BFP041,UK-17-367,Salt,0.25,tsp
b0aeffc2-b355-42e7-8ca0-3aff5a72a408,BFP257,F006,"Potato, brown skin, big (Solanum tuberosum)",80,g
b0af6a25-71c3-4a4e-803c-b18cab0f76c8,ASC507,G033,Turmeric powder (Curcuma domestica),12.5,g
b0b822c2-027a-468c-8749-03964e94bd7d,OSR043,UK-17-038,"Oil, olive",0.5,tbsp
b0be55d8-0c41-481c-b5de-2296840f3a4e,OSR025,H005,Cashew nut (Anacardium occidentale),16.7,g
b0bf745a-0f02-4e27-a790-ddabec422998,ASC246,G031,"Pepper, black (Piper nigrum)",0.5,tsp
b0c0ee81-0a78-4f10-a6c9-0447f2f7f83c,ASC507,US-172337,"Oil, mustard",250,g
b0c3b441-7370-45a7-85ed-cbb3e4508e89,ASC024,UK-17-367,Salt,0.25,tsp
b0c47dab-57a5-4f20-80d7-2c7f3372ea9c,ASC236,UK-12-184,"Yogurt, whole milk, plain",1,tbsp
b0cfff9c-71a7-40f0-9095-705e1b830282,BFP151,UK-17-367,Salt,0.25,tsp
b0d70ac7-b163-43d9-ab21-771040271b3f,BFP249,G014,"Ginger, fresh (Zingiber officinale)",5,g
b0d9141e-efac-4c46-bcf1-51a17af2a89a,ASC265,E009,"Banana, ripe, montham (Musa x paradisiaca)",32.5,g
b0df8b6d-c39c-4bd5-b1f0-e030212a3718,OSR081,UK-17-063,"Sugar, white",2,tbsp
b0e19051-a58f-4485-8e5c-df62c733598b,ASC116,G023,Cloves (Syzygium aromaticum),0.25,tsp
b0e708ff-c9ef-438c-aeeb-a5d1c6cdb042,ASC419,UK-12-545,Cocoa powder,2,tsp
b0eba869-17c4-4a25-b00c-6531ce6bfc3f,OSR104,G025,Cumin seeds (Cuminum cyminum),0.5,tsp
b0f56010-44d2-47b5-a7a2-3271ee6fdcc8,ASC228,G024,Coriander seeds (Coriandrum sativum),0.25,tsp
b0fe03f2-cad2-432a-bdc6-12096e7037b3,ASC460,UK-17-045,"Oil, sunflower",2,C
b101a4a7-77a9-4b0a-98c3-55c06460a7bf,BFP073,G012,"Garlic, small clove (Allium sativum)",0.31,g
b104a4d9-732c-4cf9-8ddf-b7a1727a28b0,BFP425,UK-11-023,"Sago, raw",30,g
b10a4b28-d796-475e-b21d-3ea63c8e8b57,ASC081,UK-13-806,"Bay leaf, dried",0.4,g
b10b0d01-66aa-4759-9161-55ee922ec753,ASC215,G014,"Ginger, fresh (Zingiber officinale)",5,g
b10dc3e6-3975-4f5e-a357-a3c544d3370e,BFP443,G008,"Chillies, green - all varieties (Capsicum annum)",3.33,g
b10e3ca2-805b-49a5-8af9-30e7e118c8e1,OSR092,UK-12-525,"Cheese, Feta",37.5,g
b1252118-204a-42f0-b9a2-7172ac3aff3f,BFP507,H021,Walnut (Juglans regia),17.5,g
b1399ca8-3495-428c-9142-a544073ba43c,ASC010,G025,Cumin seeds (Cuminum cyminum),1.5,tsp
b13ee76c-5883-4160-b3db-599dd61b4085,ASC068,G031,"Pepper, black (Piper nigrum)",0.375,tsp
b1416c60-1010-49ed-a37c-34b6d48b7402,BFP136,UK-17-367,Salt,0.5,tsp
b14d0b03-296c-42b8-8024-2753beac33df,ASC427,A018,"Wheat flour, refined (Triticum aestivum)",120,g
b14d13be-4457-45d7-bbba-94cb5b5e9065,ASC401,UK-17-377,"Water, distilled",3,tbsp
b14fca1b-1a9d-45d6-b306-4167783369f6,BFP561,E033,"Lemon, juice (Citrus limon)",5,ml
b154ebb0-6e10-4a92-a652-59d9c9274a32,OSR142,UK-13-873,Chilli powder,0.5,tsp
b15755e7-aaec-43bb-aa20-501c9fc035ec,OSR099,UK-17-063,"Sugar, white",0.75,tsp
b160df38-af84-4586-969f-493464d85d44,ASC048,A022,"Wheat, semolina (Triticum aestivum)",20,g
b167c5c7-0534-44dd-98e5-827c7f5ac38d,ASC260,UK-17-362,Mustard powder,0.25,tsp
b16e8ada-64df-4a6f-804a-188ddf8374ed,ASC131,UK-17-038,"Oil, olive",1,tbsp
b171f903-0e58-4b91-a812-a98bb2beae88,BFP472,UK-17-367,Salt,0.125,tsp
b17609cd-4271-4d25-8bf7-0e68bbb5db4b,BFP578,A022,"Wheat, semolina (Triticum aestivum)",90,g
b179e1ad-a949-4dc9-8814-98be06ef4241,OSR009,UK-13-342,"Shallots, raw",122.5,g
b181d63a-4393-45bb-ab40-aa3a8eb1daee,ASC426,UK-17-661,"Butter, unsalted",50,g
b18339fb-8f0b-41b5-8e14-d6d1289dd34b,BFP358,L002,"Milk, whole, Cow",150,ml
b18644b1-0be4-4695-87d0-44076b72eef5,ASC219,UK-14-347,"Bananas, raw, flesh only, weighed with skin",50,g
b192124f-7a46-40e3-9682-21df3b6c5ca4,ASC206,G017,"Onion, big (Allium cepa)",50,g
b195eabb-1742-4754-a896-faeb770ea726,BFP273,US-400113,"SIVA'S, AMHUR POWDER (DRY MANGO POWDER)",0.25,tsp
b196ee4c-3e6f-4c1a-8615-aeaa850fac65,BFP043,G014,"Ginger, fresh (Zingiber officinale)",3,g
b1973e72-30f6-4627-b7f4-8e64f914a953,ASC316,UK-17-377,"Water, distilled",1,tbsp
b199c208-3313-43c6-806c-4758722ef75b,ASC068,UK-17-377,"Water, distilled",3.5,C
b1a2d0d6-7186-4dcf-bbd9-961bffffc83a,BFP075,UK-17-367,Salt,0.17,tsp
b1aa31a5-0a44-4a3c-b5f9-b8d2ee87eddb,ASC443,UK-17-661,"Butter, unsalted",30,g
b1aa9e87-3c34-427e-a6de-7a3bfb52e852,BFP531,UK-12-332,"Cream, fresh, single",120,g
b1abb9fa-1087-4a3a-82b4-ded8b257120f,BFP299,M001,"Egg, poultry, whole, raw",50,g
b1b2eded-58ac-4bb5-825c-bb60ba02714c,ASC451,UK-17-367,Salt,0.25,tsp
b1b810d1-d061-4ff4-b240-01f5a7b32f93,ASC325,UK-17-367,Salt,0.25,tsp
b1c20de5-6082-4262-839d-3837dcc9fc2e,ASC107,UK-17-045,"Oil, sunflower",480,ml
b1d92ea5-8ae2-44df-a0f3-9ab093840562,OSR126,L002,"Milk, whole, Cow",0.75,C
b1db2510-d5cf-465e-a1bd-20bc593e622b,BFP556,A014,"Rice, parboiled, milled (Oryza sativa )",50,g
b1dd10e6-f368-4c48-a595-921ea4408677,OSR156,D075,"Tomato, ripe, hybrid (Solanum lycopersicum)",225,g
b1dd1a3d-8883-4a3c-8843-f60aea409d62,BFP229,UK-17-367,Salt,0.17,tsp
b1e5e989-e59c-4277-8f60-6721ffa54e19,ASC122,G012,"Garlic, small clove (Allium sativum)",2.2,g
b1ec3c10-8aff-4612-a83b-a60d90761354,BFP431,G009,Coriander leaves (Coriandrum sativum),1,sprig
b1f3aa69-e569-44e0-b5a9-a57eae0a6793,ASC092,UK-17-719,Chilli sauce,0.25,tsp
b1f3bc34-1ba2-444c-96d5-fd5b7c808bf8,ASC242,G031,"Pepper, black (Piper nigrum)",1.5,tsp
b1f4c85a-0389-41e4-b6d8-0fddfb1ab9b7,ASC153,G014,"Ginger, fresh (Zingiber officinale)",5,g
b1f7a59d-feaa-4865-9241-5706d2ac4b3f,BFP269,D056,Ladies finger (Abelmoschus esculentus),120,g
b1fb45da-315f-43d6-86eb-be52d03aa5aa,ASC102,G009,Coriander leaves (Coriandrum sativum),1,sprig
b201dbea-fa51-4fe6-b27d-61831ed1a55f,BFP552,UK-17-063,"Sugar, white",20,g
b214d125-06e9-4b51-908d-7c4a38c30622,ASC099,G008,"Chillies, green - all varieties (Capsicum annum)",3.33,g
b21701f9-1407-45db-b2c9-87f9bd0be635,OSR124,UK-17-355,Baking powder,0.5,tsp
b217bf68-91d3-46b4-bafa-6994be9c1b2d,BFP450,E064,"Tamarind, pulp (Tamarindus indica)",20,g
b217fcff-f128-4d82-ba46-9fb5bee935c1,OSR139,US-169079,"Cheese, cream, low fat",2,tbsp
b22f3714-997f-4ed7-918f-882db5f1c5cd,ASC468,US-473921,CRACKED WHEAT,50,g
b2321424-f6d7-4370-96af-9d55a7bfa30f,ASC026,UK-17-661,"Butter, unsalted",10,g
b23a28b4-cadb-41f5-b17e-8ac696fde12d,BFP162,D075,"Tomato, ripe, hybrid (Solanum lycopersicum)",200,g
b2428a34-600f-44ef-a228-27306f4f9ccf,BFP392,UK-17-377,"Water, distilled",100,ml
b2450667-bb0a-4737-aab0-63669797f195,BFP204,UK-13-570,"Tofu, soya bean, steamed",20,g
b24554b3-7ec8-44f4-afed-d5214af5e424,BFP598,US-172337,"Oil, mustard",30,ml
b2477cf8-2080-47b4-8f62-162a4d2ea905,ASC216,G014,"Ginger, fresh (Zingiber officinale)",5,g
b2482201-a83e-4bd3-9973-38184e5a02d1,BFP162,UK-17-367,Salt,0.25,tsp
b248e4e1-7ef4-4429-bf61-1f8f6804abfe,OSR080,G010,Curry leaves (Murraya koenigii),1,sprig
b24c13f6-bca1-42ba-bcdd-1e15b60d4bde,BFP312,L002,"Milk, whole, Cow",1,C
b24dea10-f377-4489-8c6d-c0d5042dd9a8,ASC100,UK-13-873,Chilli powder,0.25,tsp
b2554cc6-71b7-43b0-a93a-3e880b1150d6,ASC411,G008,"Chillies, green - all varieties (Capsicum annum)",1.67,g
b257d975-31a8-4b54-b334-c2d0ff5f7871,BFP197,UK-17-367,Salt,0.17,tsp
b258b102-0aef-437a-bec1-231ce1221bde,ASC141,UK-12-527,"Cheese, processed, plain",10,g
b26450c8-7d0d-4f41-b6e9-3d5d8a148ffa,BFP277,D050,"French beans, hybrid (Phaseolus vulgaris)",20,g
b271c3d2-e238-43ce-9490-3540219e55e4,BFP282,G031,"Pepper, black (Piper nigrum)",0.125,tsp
b2733324-7328-43e2-b0bf-074113bd0281,ASC152,UK-17-367,Salt,0.5,tsp
b27556b3-8544-4319-8387-57c25a917836,OSR031,UK-17-367,Salt,0.25,tsp
b27a3ca8-f79e-4673-b409-062629c5ce3a,BFP483,UK-14-335,"Cherries, glace",3.33,g
b2808c21-6dd5-45cc-aecb-4901af8f9b39,ASC104,A019,"Wheat flour, atta (Triticum aestivum)",80,g
b290522c-138e-4479-90b4-aed8d9454098,ASC130,UK-13-806,"Bay leaf, dried",0.4,g
b291ab0b-e69f-4efb-a7a5-0ed2937ca47e,ASC449,E014,"Cherries, red (Prunus cerasus)",10,g
b291d56c-8903-45b1-af79-281f6fce8715,ASC333,M001,"Egg, poultry, whole, raw",100,g
b29647dc-4443-4342-bb9f-47da25518b21,BFP450,G026,Fenugreek seeds (Trigonella foenum graecum),0.25,tsp
b297d01f-47c4-4e6d-a9fd-7b306b63f134,OSR124,US-173471,Vanilla extract,1,tsp
b298e72e-0eab-4045-896d-df749cdc0dcd,BFP003,UK-13-832,"Ginger, ground",75,g
b29eec33-57f5-4d9e-bc3a-71bacb5fc7dd,ASC139,UK-12-527,"Cheese, processed, plain",25,g
b2a1c3e6-7a6e-4843-91e2-70f26f21b22f,ASC163,UK-13-873,Chilli powder,0.25,tsp
b2a1cabc-429d-4c1f-b9e3-bd970bb2bca9,ASC192,G014,"Ginger, fresh (Zingiber officinale)",5,g
b2a47d00-7179-4d1a-81f4-db4db1001e93,BFP198,G025,Cumin seeds (Cuminum cyminum),0.25,tsp
b2ab2307-c8b6-4087-82ed-39cab79f21d2,ASC352,UK-13-873,Chilli powder,0.125,tsp
b2ab6092-74ec-49f4-83c0-05ab7e79e220,ASC362,UK-13-829,Garam masala,0.25,tsp
b2abe234-3184-4eb0-a7d3-fba4803c7e02,ASC422,UK-17-062,"Sugar, icing",60,g
b2ac9849-d6dd-4071-bd8b-e4a664662dd1,BFP151,UK-17-367,Salt,0.5,tsp
b2af7e77-8d16-49a6-8bdb-ec59a0d74a48,ASC275,G025,Cumin seeds (Cuminum cyminum),0.125,tsp
b2c9f577-e05e-4b58-9b0a-de1eef3c362c,BFP204,G012,"Garlic, small clove (Allium sativum)",1.25,g
b2ce02b9-b395-477a-966a-c8927a92c197,BFP280,G009,Coriander leaves (Coriandrum sativum),10,g
b2d35172-af9b-4cd9-bbf7-2f4e6d9a7d03,ASC434,UK-17-377,"Water, distilled",2,tbsp
b2de5978-75a4-4e66-9f8c-9cd14a8bec12,BFP179,D075,"Tomato, ripe, hybrid (Solanum lycopersicum)",100,g
b2e26da2-5e4d-423b-8400-0e2e148cbfdd,OSR134,UK-17-377,"Water, distilled",4,C
b2e63dd9-7711-446d-b109-8647218a080c,BFP444,G009,Coriander leaves (Coriandrum sativum),20,g
b2eb0526-e7b2-4cf8-bc7d-cd2116cdfac7,ASC344,I001,"Jaggery, cane (Saccharum officinarum)",50,g
b2f9d04e-952b-4b68-ba95-505a191ad0a6,BFP212,UK-17-661,"Butter, unsalted",30,g
b3013bae-54a5-4d94-8a0c-8667158572d4,BFP327,E036,"Mango, ripe, banganapalli (Mangifera indica)",50,g
b303d05c-3099-46ff-bb43-cb78a871d81f,BFP187,G027,Mace (Myristica fragrans),0.25,tsp
b3067842-d59f-4096-9480-b53dcce5ee10,BFP542,L002,"Milk, whole, Cow",75,ml
b308c7d8-c8d4-48e1-9d8f-2cfbec08f15e,ASC141,UK-17-661,"Butter, unsalted",1,tsp
b30b85e4-a5d3-4924-a287-4ef9dd2e2687,ASC396,UK-17-063,"Sugar, white",1.5,tbsp
b30e4aa7-d8ae-4ddf-a8b6-0029cd878d6c,OSR042,UK-17-367,Salt,0.25,tsp
b31191d8-67e1-4dd1-9144-982630f9f81d,ASC257,H007,"Coconut, kernel, fresh (Cocos nucifera)",62.5,g
b314ec5e-a9bd-4827-9801-31f7d85cb47b,ASC234,O064,"MUTTON, muscle",100,g
b318ff18-f651-4312-aab9-2ed88da3651b,ASC192,G008,"Chillies, green - all varieties (Capsicum annum)",3.33,g
b319fb9a-2263-4ecc-91af-6a3a9ad0ea63,ASC363,UK-13-873,Chilli powder,0.25,tsp
b31a14b4-d9f5-42bb-823b-40b80a9979ca,ASC318,UK-17-064,"Syrup, corn, dark",100,ml
b31fe01b-253c-483e-b33c-7964e2f8533c,ASC386,UK-17-045,"Oil, sunflower",1,tsp
b326ba11-8673-4337-9a34-b90b9ffa1df4,ASC066,UK-11-1045,"Flour, corn",0.5,tbsp
b328574f-5625-4d73-a4b3-c45406f92cec,BFP427,G031,"Pepper, black (Piper nigrum)",0.125,tsp
b33197c9-9ce2-432c-a0cc-4ff5a4fbbbee,BFP229,G010,Curry leaves (Murraya koenigii),1,sprig
b334a2ec-e3dc-470e-b837-cd39f0a65043,BFP380,A018,"Wheat flour, refined (Triticum aestivum)",25,g
b3377fef-b6a3-4905-aa0c-6b78136bf89c,OSR076,UK-17-045,"Oil, sunflower",2,C
b33bf92a-5a91-4d32-bc05-a9f185989451,ASC469,G008,"Chillies, green - all varieties (Capsicum annum)",3.33,g
b3401bf0-5961-4ea7-b3ba-9204a4fbcf8b,ASC515,UK-17-367,Salt,5,g
b3431654-63ee-4945-b578-dad624705103,ASC159,UK-17-377,"Water, distilled",1,C
b349d9e8-6349-424b-84c7-eb28124d31b1,BFP137,B001,"Bengal gram, dal (Cicer arietinum)",20,g
b34d89f3-4fd2-4a2c-a14b-a9dec39b33ae,ASC238,G031,"Pepper, black (Piper nigrum)",0.25,tsp
b34f9f08-00b2-483a-9950-1048236ca67f,OSR038,UK-17-355,Baking powder,0.5,tsp
b358a25f-25b8-4e7d-a9a2-fc12469a8185,ASC509,US-172237,"Vinegar, distilled",7,ml
b3670263-5520-43da-917f-c98d3cbb9e98,ASC511,G023,Cloves (Syzygium aromaticum),0.5,tsp
b3674d9d-bd5a-42a7-8045-dac0c8012aab,ASC357,US-806341,AJWAIN SEED WHOLE ORGANIC SPICES,0.25,tsp
b36ab1e2-5c93-4841-917b-432d1d1dadde,ASC249,G008,"Chillies, green - all varieties (Capsicum annum)",3.33,g
b371484a-b657-4189-8b46-9b513fb7e736,ASC257,F002,"Carrot, orange (Daucus carota)",15,g
b37d1e24-69f7-4b4d-9bd8-460b7aa56e01,ASC293,G020,"Cardamom, green (Elettaria cardamomum)",0.25,tsp
b37d9d37-3cd5-491e-a3b5-93a8f0f690f7,ASC361,UK-13-829,Garam masala,0.25,tsp
b389cecb-43ec-4ccb-9f8f-cd9b16611656,ASC403,A018,"Wheat flour, refined (Triticum aestivum)",100,g
b395fe74-5928-41f5-8694-938480fff5f5,BFP513,UK-12-545,Cocoa powder,1.5,g
b3a1b0d7-b1f6-4d99-8229-e594fd63950a,ASC424,US-173471,Vanilla extract,0.5,tsp
b3aab75f-e96a-44bd-b72b-832b691ddff6,BFP532,M001,"Egg, poultry, whole, raw",50,g
b3b31553-67ca-4f55-ab76-52aedd51898d,OSR100,G033,Turmeric powder (Curcuma domestica),0.625,tsp
b3bed286-830e-4566-ab2f-3962228f1474,ASC497,E053,Pineapple (Ananas comosus),1000,g
b3c5c631-a16b-4065-9fda-e5bb364cc67e,ASC226,UK-13-829,Garam masala,0.125,tsp
b3cd4b1f-932f-4c7a-a98e-c6d9cf430811,BFP523,M001,"Egg, poultry, whole, raw",50,g
b3d5ac5d-a46d-4bd3-bd1c-b97aa9375220,ASC195,G008,"Chillies, green - all varieties (Capsicum annum)",3.33,g
b3dd8ddd-64e7-4201-881e-885b651ddc44,ASC150,A006,"Maize, dry (Zea mays)",60,g
b3e3d77a-ed30-41c8-a629-48de29a570b4,OSR145,UK-17-063,"Sugar, white",2.2,tsp
b3efe521-ed66-4994-a82b-50800b5c09f7,ASC212,UK-17-045,"Oil, sunflower",1,tsp
b3f37aef-bd01-4cb9-94e0-1dc91762ef1b,ASC033,UK-17-362,Mustard powder,0.25,tsp
b3f399a4-e549-4398-8811-41392e502411,OSR023,UK-14-331,"Apple juice, clear, ambient and chilled",2,C
b3fc5bfa-10c5-43e8-94e5-402cf0c99f31,BFP420,G014,"Ginger, fresh (Zingiber officinale)",5,g
b3fcd0a1-2af4-4be7-94ae-975da691a394,ASC030,G031,"Pepper, black (Piper nigrum)",0.25,tsp
b4000f89-f963-4704-bdfa-aa462841d129,OSR097,UK-13-874,"Cinnamon, ground",4,g
b4012d91-9104-4de2-83f7-48ab96f50c95,BFP150,D061,"Peas, fresh (Pisum sativum)",75,g
b4062991-6d18-4300-89f2-2b3ea97b5d52,OSR103,UK-17-640,"Ghee, butter",2,tbsp
b41466b5-9257-43ca-a39e-7cca8bd4b75b,ASC270,UK-12-184,"Yogurt, whole milk, plain",100,g
b41670f4-4d03-45bb-a716-381adb447a89,BFP127,UK-17-377,"Water, distilled",0.5,tbsp
b428153f-73c0-4830-b0eb-cbbbd373634e,BFP110,C020,Fenugreek leaves (Trigonella foenum graecum),50,g
b4300ff5-8eb8-45ac-897e-e0ffa018cc14,ASC355,UK-17-045,"Oil, sunflower",480,ml
b431e2e4-37ff-4362-8351-8970d2015b00,BFP463,UK-50-1173,"Tomato sauce, homemade",2,tsp
b43723b0-335d-44bc-9abd-ea4adf64808a,BFP075,UK-12-527,"Cheese, processed, plain",30,g
b4374495-56ea-4227-a3ec-047848578247,BFP294,UK-17-661,"Butter, unsalted",1,tsp
b4374c87-0196-4ab9-b5d3-7807835b15cc,BFP185,UK-17-045,"Oil, sunflower",2,tsp
b4390c75-b990-4b68-a80b-38e2fad4f442,BFP013,UK-17-377,"Water, distilled",12,tbsp
b4406ed2-2762-451a-a397-2f15f7cd4391,BFP242,G033,Turmeric powder (Curcuma domestica),0.25,tsp
b442e5bf-5979-4972-8ccf-441d78804cea,ASC083,L002,"Milk, whole, Cow",0.25,C
b44599d7-7f3c-4755-8d43-3d4bcb20ee94,OSR032,UK-17-063,"Sugar, white",1,tsp
b4533202-b0cd-486c-ae13-e25439b23c9c,BFP240,UK-13-873,Chilli powder,0.125,tsp
b4590452-3cff-43f8-8ebd-4284e25a6fc6,BFP246,UK-13-873,Chilli powder,0.125,tsp
b45db375-db61-4429-b2fb-ad6787c2ae75,BFP187,E057,"Raisins, dried, black (Vitis vinifera)",0.89,g
b46028d0-7581-4d47-bef2-3bb64e97f4b5,OSR029,P057,"Pomfret, white (Pampus argenteus)",149,g
b4635d9a-2cbe-4de7-a661-71b1600662fb,BFP380,UK-17-062,"Sugar, icing",25,g
b48f1e8e-1658-4d55-8f5a-6304001bbdb3,ASC371,US-400113,"SIVA'S, AMHUR POWDER (DRY MANGO POWDER)",0.25,tsp
b496e8c2-ae92-4167-a322-2d81d80b6ae6,BFP044,UK-13-873,Chilli powder,0.17,tsp
b498781c-c22d-44a8-a1d7-2c467f763dd1,BFP136,A014,"Rice, parboiled, milled (Oryza sativa )",80,g
b49e3e5f-09ce-4349-9826-4d687e9162b0,ASC002,UK-17-063,"Sugar, white",3,tsp
b4a38a9f-f7f3-48af-a1e1-13b5404dca02,BFP179,UK-12-332,"Cream, fresh, single",15,g
b4a9dc2c-7826-44ad-a9a4-428bfebae414,ASC469,F006,"Potato, brown skin, big (Solanum tuberosum)",30,g
b4ae9b83-6e5f-4f92-85ee-ca597d83b953,ASC442,UK-17-062,"Sugar, icing",30,g
b4aeac6d-27c6-4a25-b58b-0f6094c590db,ASC168,UK-17-045,"Oil, sunflower",480,ml
b4be9a29-131f-413d-9806-84352a30859a,BFP242,F006,"Potato, brown skin, big (Solanum tuberosum)",120,g
b4c1cf35-7600-42d5-b30e-67aee8b02112,BFP041,G008,"Chillies, green - all varieties (Capsicum annum)",3.33,g
b4c662cb-6faa-43e3-9b31-ad5101008851,BFP177,H013,Mustard seeds (Brassica nigra),0.25,tsp
b4ca1779-f644-4553-b1b3-f77e32947539,OSR076,UK-12-184,"Yogurt, whole milk, plain",1,tbsp
b4cb8bfc-fd59-49a2-8274-4c5ba038bdfd,ASC253,F002,"Carrot, orange (Daucus carota)",15,g
b4cca685-3493-43af-a439-77f4bc272346,BFP280,UK-17-367,Salt,0.17,tsp
b4dd75e2-c84c-42e5-8320-ed34f00ad091,ASC431,UK-17-064,"Syrup, corn, dark",2,tbsp
b4e43c5e-589a-42c2-b7ff-97fcec3deb79,ASC134,UK-17-721,"Soy sauce, light and dark varieties",1,tsp
b4e50d5d-a359-444f-b826-99d8d535680f,BFP249,F018,"Yam, ordinary (Amorphophallus sp.)",120,g
b4ed8aff-c5c5-4f07-97a1-da4a4c2e9373,ASC040,UK-12-527,"Cheese, processed, plain",25,g
b4f227ef-8a6a-44da-aae5-9ee694f9efb3,BFP277,D075,"Tomato, ripe, hybrid (Solanum lycopersicum)",50,g
b4f975b8-b3bb-4a13-8f00-62cd250472bd,ASC187,UK-13-829,Garam masala,0.25,tsp
b4fdc91d-a804-49ac-8669-a30d4f029304,ASC328,UK-17-661,"Butter, unsalted",5,g
b504dedd-c8c1-4d79-a7f4-db0e4cb63926,ASC297,UK-17-063,"Sugar, white",25,g
b51fb9e8-02d6-4b98-bbd0-8270ea025043,ASC441,A018,"Wheat flour, refined (Triticum aestivum)",50,g
b5217e6b-6f63-4950-9f48-3709b93b70b2,ASC260,UK-17-038,"Oil, olive",1,tbsp
b52ba244-35b7-4d52-bf50-0d0fb6f3c20b,ASC101,UK-13-873,Chilli powder,0.25,tsp
b52d8a16-6ba7-42f7-8fb2-07924a32d8f1,ASC191,G012,"Garlic, small clove (Allium sativum)",1.25,g
b53089d9-d768-4aeb-9c59-2a76079cbd85,ASC207,G009,Coriander leaves (Coriandrum sativum),1,sprig
b5346713-85fc-41b2-8278-4eda1001ab47,OSR116,D075,"Tomato, ripe, hybrid (Solanum lycopersicum)",2,tbsp
b538a61e-d176-4698-ba95-b6cca38d283a,BFP015,ANN-ING-0022,Green colour,0.25,tsp
b539590b-e68e-42f8-9664-d07848742cbb,ASC098,UK-13-829,Garam masala,0.25,tsp
b539a9c9-35be-45cd-9463-66ee37dd44ff,ASC255,C025,Lettuce (Lactuca sativa),24,g
b539c27a-8b6b-474b-9d20-9f6c63d60cea,BFP151,B003,"Black gram, dal (Phaseolus mungo)",30,g
b53e6c45-d58b-44e5-886e-ffbb5b4d6758,BFP080,UK-12-332,"Cream, fresh, single",10,g
b5463bc9-7a14-4bab-910b-77c81cd342cb,BFP277,G017,"Onion, big (Allium cepa)",20,g
b5467447-50a1-4823-afd0-50741e4014a8,ASC310,UK-14-335,"Cherries, glace",5,g
b548d7d8-65d5-4c46-a64b-b6d02965cfe6,ASC372,UK-11-1045,"Flour, corn",0.5,tsp
b55e33ee-db66-48c1-9068-114dfa27ae92,ASC257,E053,Pineapple (Ananas comosus),60,g
b55faded-3a25-48f9-be2d-70728127509d,BFP052,UK-17-045,"Oil, sunflower",1,tsp
b56dd428-5614-42ba-8798-14798a56f7e8,OSR148,G025,Cumin seeds (Cuminum cyminum),1,tsp
b580dd60-b24c-4865-a28f-1408efa3d36a,OSR118,UK-14-844,Sesame seeds,1,tsp
b589ff44-80e9-4651-bcee-1a752807a0e7,ASC205,D075,"Tomato, ripe, hybrid (Solanum lycopersicum)",50,g
b596a5ab-c4b6-4da4-a46a-59916481b7b0,ASC153,UK-17-367,Salt,0.5,tsp
b5a8a1a6-3fc8-43b8-b788-2d475b682732,ASC129,F002,"Carrot, orange (Daucus carota)",50,g
b5bf515b-51ba-4765-8e02-df3369c4d1d4,BFP406,A022,"Wheat, semolina (Triticum aestivum)",10,g
b5c1e8d0-63a5-4620-8723-a2c4e29ddeb2,ASC092,UK-13-352,"Spring onions, bulbs and tops, raw",15,g
b5c32eb8-88ba-46d6-8295-8e04bec8c05f,BFP328,E028,"Guava, white flesh (Psidium guajava)",50,g
b5c50538-34e6-4b17-a15a-ea60f2fc2e20,BFP045,H012,Ground nut (Arachis hypogea),10,g
b5cb194e-bf6a-45bf-bf6e-ba5061a5d1e9,ASC192,UK-17-045,"Oil, sunflower",1,tbsp
b5dde221-1db0-4c1f-966c-1ba68911a062,ASC285,H001,Almond (Prunus amygdalus),1.11,g
b5e97338-d317-4c0d-bda5-0dcfc81032c9,BFP122,J001,"Button mushroom, fresh (Agaricus sp.)",20,g
b5f08f17-813d-43ae-95e9-37171061585f,ASC195,G014,"Ginger, fresh (Zingiber officinale)",5,g
b5f53f9e-955d-4f3f-bcc7-594b1e447eb8,OSR087,D037,Celery stalk (Apium graveolens),25.5,g
b5f678fc-d6a0-4de8-b4c4-afc834eca4c8,ASC149,L003,Paneer,50,g
b5f7033a-8df3-4398-a2da-e70397ef4280,ASC090,O064,"MUTTON, muscle",40,g
b5f7d6f8-6d84-49a5-923d-a4c8bda6e732,BFP241,UK-13-806,"Bay leaf, dried",0.4,g
b5fde4e3-1157-4f62-b449-1cdde8a81a84,BFP065,UK-17-367,Salt,0.25,tsp
b60062ad-0f86-4ea8-9964-3bd21f43f8bf,ASC448,UK-17-355,Baking powder,0.25,tsp
b6072272-3adf-4ab0-9f97-8e5823db8206,BFP197,UK-17-367,Salt,0.5,tsp
b6080bd7-db04-4a7d-97e9-ff9f53f6022b,ASC496,E036,"Mango, ripe, banganapalli (Mangifera indica)",1000,g
b611a22a-1081-4d6b-a7f6-b888edcd287e,ASC300,US-173471,Vanilla extract,0.5,tsp
b6127332-5e1c-4c55-a23c-4349e34008cd,ASC090,M001,"Egg, poultry, whole, raw",12.5,g
b61a0574-eb4b-4e69-8de2-0ec356b337e3,ASC417,US-173471,Vanilla extract,0.25,tsp
b61bff95-3c59-4eeb-97cf-3d686a3b4b49,BFP518,UK-17-367,Salt,0.25,tsp
b6217793-6ece-4d3f-b925-41dab4170ce6,ASC101,G008,"Chillies, green - all varieties (Capsicum annum)",3.33,g
b62f870a-5475-49e5-9324-955568a62138,OSR116,UK-17-367,Salt,0.5,tsp
b639673e-719c-4fd6-a46d-869d399356cd,OSR133,G008,"Chillies, green - all varieties (Capsicum annum)",3.33,g
b63b82ef-dd26-4424-a8ba-e8bc1884e9fb,OSR115,G008,"Chillies, green - all varieties (Capsicum annum)",3.33,g
b6402a01-4df4-4c53-be1a-0e725b2d7c51,BFP073,UK-17-661,"Butter, unsalted",5,g
b6484d2b-a232-4384-bf13-89d48d15ca30,BFP223,UK-13-874,"Cinnamon, ground",1,tsp
b64efeec-dfb6-4881-a6f6-1aad29b34521,ASC170,UK-13-580,"Beansprouts, mung, boiled in unsalted water",50,g
b659e4a0-9768-483f-915d-f7bc09754ddc,ASC064,D075,"Tomato, ripe, hybrid (Solanum lycopersicum)",50,g
b65b14a1-31ee-4dff-86ec-19bf1073d9b7,BFP161,UK-17-038,"Oil, olive",15,g
b65f18a1-d2c9-4eef-ab40-3bcee9b91525,ASC454,A018,"Wheat flour, refined (Triticum aestivum)",50,g
b66c9f10-7f79-4be6-b267-41451839f91d,ASC365,UK-13-827,Fennel seeds,0.25,tsp
b670ec51-d271-4ee5-a262-dec6c74ad21c,ASC354,UK-17-367,Salt,0.25,tsp
b6730eb3-8347-4234-9e5f-63e6221ec218,BFP039,G019,Asafoetida (Ferula assa-foetida),0.25,tsp
b6747287-5d55-426d-b05f-ad0f9f8a5c4b,ASC196,G014,"Ginger, fresh (Zingiber officinale)",5,g
b67854b9-1e86-4a7b-af02-4b10783f8572,OSR061,UK-13-852,Saffron,2,tsp
b681fbd3-5dc1-4d69-a316-18692858b5ff,BFP158,UK-13-874,"Cinnamon, ground",0.125,tsp
b688a544-8d71-4623-ab23-d492f878969b,ASC137,UK-17-661,"Butter, unsalted",1,tsp
b68f4619-8008-4a68-9b56-e8ce6750c963,BFP201,UK-17-367,Salt,0.17,tsp
b6981238-35da-4b60-bbc7-7ef9793ea0be,BFP308,UK-17-063,"Sugar, white",2,tsp
b69b9340-6ac9-4163-9708-30e4095cb328,ASC167,H007,"Coconut, kernel, fresh (Cocos nucifera)",30,g
b6a9fbfd-2e0a-4c01-b8ad-ed5d0f6a902b,ASC068,UK-17-367,Salt,0.5,tsp
b6adb5d7-90f7-41ae-a72d-9bd11f3398e0,ASC099,UK-17-367,Salt,0.25,tsp
b6ae639f-b3ce-4195-8134-9b34d30f15ce,BFP403,UK-17-640,"Ghee, butter",5,g
b6aefa67-7527-463d-8701-1f4fc14484d5,ASC183,G017,"Onion, big (Allium cepa)",10,g
b6cdb526-ebaa-43a5-bc75-9706e373c1ce,OSR131,US-1097906,"Sour cream, regular",240,g
b6d54b2c-5aac-422c-bedb-46676b348bc0,ASC453,UK-17-355,Baking powder,0.25,tsp
b6dd528f-012d-47b5-ac90-61bb7c4279c9,ASC093,D050,"French beans, hybrid (Phaseolus vulgaris)",10,g
b6e17116-8540-46d1-b104-c010e3dd9f88,BFP456,UK-12-527,"Cheese, processed, plain",20,g
b6e4bc24-4036-4ade-9582-2c04481c2a6c,BFP424,UK-11-1145,"Bread, white, average",15,g
b6e67b4e-81b6-47a7-adaa-34d3f4e0c9fc,OSR146,UK-13-832,"Ginger, ground",1.5,tsp
b6e777d2-4f3e-4dd9-97fc-aff8ed5e2d5a,BFP161,G012,"Garlic, small clove (Allium sativum)",0.63,g
b6e8b848-a82c-45a8-8370-c3686e63425c,OSR040,UK-17-661,"Butter, unsalted",113.5,g
b6eb6538-ad27-4fcc-87dd-e30ac9a86c73,BFP472,UK-19-497,"Bacon rashers, back, raw",20,g
b6f1cf41-3d18-44e7-9169-8b27d6d818ed,BFP282,G009,Coriander leaves (Coriandrum sativum),1,sprig
b6f2dd87-b328-4414-b8cc-0279fceaed4a,OSR086,E033,"Lemon, juice (Citrus limon)",1,tbsp
b6f937f6-33b2-437a-8287-26f64d0761d6,BFP451,E033,"Lemon, juice (Citrus limon)",1,tbsp
b6fbefde-6ddc-4317-98c2-21f79c02f109,ASC304,US-173471,Vanilla extract,0.5,tsp
b6fdb296-d22c-4d99-908c-9a078885f985,ASC092,UK-11-1045,"Flour, corn",1,tsp
b6fe2d0b-a16a-43da-9f10-7012a42543bd,ASC448,UK-17-356,Bicarbonate of soda,0.25,tsp
b7000536-bb44-4662-8dc0-fc2302a81d19,OSR114,D075,"Tomato, ripe, hybrid (Solanum lycopersicum)",3.5,tbsp
b7041c63-7e52-4f99-af78-cb3e5bb52092,ASC095,UK-17-727,"Stock cubes, vegetable",0.75,C
b704f672-bb6e-46d7-a560-91826bb13114,ASC223,G021,"Cardamom, black (Elettaria cardamomum)",0.25,tsp
b708d989-8806-4881-8cf1-0a3012f39fcc,BFP442,G025,Cumin seeds (Cuminum cyminum),0.25,tsp
b712e33b-fd56-4efb-89d1-eb064a62717d,OSR083,G012,"Garlic, small clove (Allium sativum)",1.875,g
b715ef59-e8aa-4139-9bf0-689578e24fcd,ASC449,UK-17-661,"Butter, unsalted",20,g
b71accae-a4e9-4f44-8e99-8b310dabc5e5,BFP229,P034,Mackerel (Rastrelliger kanagurta),120,g
b7201c66-8ad4-4b20-8f14-78d1f4750b6b,BFP052,M001,"Egg, poultry, whole, raw",50,g
b7234767-32b7-4b73-b85f-0737bcf34ad4,ASC411,UK-17-045,"Oil, sunflower",1,tsp
b727e1ee-fdbd-4497-91ba-e8b98f37d5fb,BFP108,UK-17-367,Salt,0.13,tsp
b7323375-9778-40ba-a06e-b462e126ad1f,BFP138,UK-13-874,"Cinnamon, ground",0.5,tsp
b7325dc7-8380-43d5-b2fb-3f4a5b40de36,ASC479,L002,"Milk, whole, Cow",100,ml
b7348334-f120-4733-b62e-e5385f3035d6,ASC317,E047,"Orange, pulp (Citrus aurantium)",60,g
b7360811-4e7c-4fee-abd0-4e12fab91ec3,OSR026,H005,Cashew nut (Anacardium occidentale),2,tbsp
b74522cc-b0da-4661-8dcc-719d488c4519,ASC006,UK-17-377,"Water, distilled",18,tbsp
b746490f-9a90-4357-bcb9-84920ed33307,BFP607,UK-12-508,"Ice cream, dairy, vanilla, soft scoop",30,g
b74ea01e-8465-403b-9160-0ee278aae1fe,BFP348,UK-17-377,"Water, distilled",1,tsp
b7516e9c-8a8c-42a0-b237-b771ca90fc27,ASC183,G033,Turmeric powder (Curcuma domestica),0.125,tsp
b7525306-568c-4562-b565-7749db24f468,ASC096,A019,"Wheat flour, atta (Triticum aestivum)",80,g
b75555a7-5eae-4677-b506-d08376404f59,ASC199,UK-11-1145,"Bread, white, average",2,tsp
b7562307-9e32-40ea-a931-52133b507089,ASC260,F009,"Radish, elongate, red skin (Raphanus sativus)",150,g
b75a87ff-d1ba-4a33-9ea8-59c7ed9f5704,ASC095,UK-12-332,"Cream, fresh, single",10,ml
b76184d0-b102-464b-86b0-24e0276c04d1,ASC169,G025,Cumin seeds (Cuminum cyminum),0.5,tsp
b7631bcd-fbf3-4bff-9654-65cbae2ce662,ASC396,E014,"Cherries, red (Prunus cerasus)",5,g
b764ef3d-4292-49cd-ad32-c2c6aff30746,BFP280,D066,"Pumpkin, orange, round (Cucurbita maxima)",30,g
b7677b4a-8913-4e57-9cd7-cacfdcfb0814,ASC462,UK-17-367,Salt,1,tsp
b767c6b6-bb75-4a22-b8e8-bca3dcbc8d71,BFP161,F002,"Carrot, orange (Daucus carota)",30,g
b768cbba-a694-4319-9cbf-8647d46cb246,BFP259,G025,Cumin seeds (Cuminum cyminum),0.25,tsp
b76aeaf8-f391-4a37-b544-c1d6d2c7ba70,BFP391,UK-17-063,"Sugar, white",150,g
b77598f6-76d5-498f-99a0-b8f92f4d5ba0,ASC037,UK-17-367,Salt,0.25,tsp
b783b23f-9cac-4744-a2bc-87b9b8ed7e0f,ASC384,UK-17-367,Salt,0.25,tsp
b7890829-7efc-40af-8430-1b66ef62278d,ASC031,D043,"Cucumber, green, elongate (Cucumis sativus)",50,g
b78c0043-12de-46fa-a58d-5e53e43494c1,ASC224,UK-17-719,Chilli sauce,1,tsp
b7946b39-9df4-4174-bf4e-e15e7fea504a,BFP388,L002,"Milk, whole, Cow",15,ml
b7a22864-eaa8-460a-9d8a-1d775a12d53a,ASC427,L002,"Milk, whole, Cow",150,ml
b7a5d864-9acc-4933-93a4-c95b4a161e79,OSR093,UK-13-878,"Oregano, dried, ground",1,tsp
b7a72dce-5fed-4e5a-aeab-c19bd9874ed2,ASC236,UK-17-339,Vinegar,1,tbsp
b7a77802-ea0b-4e24-9f6b-57ba67c6c404,ASC350,H018,Pistachio nuts (Pistacla vera),0.4,g
b7af5864-ad14-416c-ace8-24159ae1403a,OSR010,UK-13-852,Saffron,0.01,g
b7b35975-6e1a-473b-adaa-23b5e23e1154,ASC241,G012,"Garlic, small clove (Allium sativum)",2.2,g
b7b9375f-5e79-472b-98a9-9d49ede97d41,BFP276,UK-17-045,"Oil, sunflower",10,g
b7bc33c4-805a-4bda-8eca-0d3743f36333,BFP204,G025,Cumin seeds (Cuminum cyminum),0.33,tsp
b7c33537-8d36-4cfc-bd83-2aa75568f810,ASC495,ANN-ING-0048,Citric Acid,25,g
b7c80be4-66d4-44f4-b1f7-f85fbcba261f,BFP606,G031,"Pepper, black (Piper nigrum)",0.125,tsp
b7c8f51b-70cd-4373-927e-69629ef61c26,BFP055,M001,"Egg, poultry, whole, raw",50,g
b7daaf5b-3234-484c-8911-2a2a8d8d91c0,BFP420,N003,"Chicken, poultry, breast, skinless",80,g
b7ddb0cc-136b-4ada-9a8b-d28516506471,ASC159,G033,Turmeric powder (Curcuma domestica),0.25,tsp
b7e1192b-117c-4172-bb44-7847aa247655,ASC003,UK-17-158,"Coffee, powder, instant",1,tsp
b7e397db-9f21-40e7-ae7d-b68be0255874,BFP250,G009,Coriander leaves (Coriandrum sativum),1,sprig
b7ed600a-7858-47d8-9cc6-ff90983c391a,ASC137,UK-11-716,"Pasta, white, dried, raw",50,g
b7fc9150-91c7-479d-94ce-3553e624554f,BFP057,G031,"Pepper, black (Piper nigrum)",0.25,tsp
b808d41e-5219-4c60-8fd7-4841d5379723,ASC030,G008,"Chillies, green - all varieties (Capsicum annum)",3.3,g
b81e3847-d8e0-4dfa-bd6d-d498c01f0e4b,BFP566,B003,"Black gram, dal (Phaseolus mungo)",30,g
b8295a75-229a-422f-8970-5a8543f5e3e3,ASC323,US-499195,JAM,20,g
b82d32de-1eb5-4a13-8c27-65ddf456a51b,BFP544,A018,"Wheat flour, refined (Triticum aestivum)",50,g
b8301ded-ea9a-4f53-906f-b47407ea159f,ASC090,D075,"Tomato, ripe, hybrid (Solanum lycopersicum)",100,g
b848b642-14da-4fbf-95ac-5d653f1b3cef,ASC227,G033,Turmeric powder (Curcuma domestica),0.125,tsp
b8503e2e-7b61-40d8-b18c-a92a679f2930,BFP144,UK-17-367,Salt,0.25,tsp
b8536123-16ee-4702-a0ea-981130fa8814,OSR098,G025,Cumin seeds (Cuminum cyminum),1,tsp
b86007bd-b8d5-4f1d-883e-1f6c1bead191,BFP549,I001,"Jaggery, cane (Saccharum officinarum)",30,g
b8605ce2-64b8-4353-bb7b-b6ed3c2d6029,ASC197,D075,"Tomato, ripe, hybrid (Solanum lycopersicum)",50,g
b8667d61-dca9-4f22-97f0-0ae77eba22e7,BFP452,D033,"Capsicum, green (Capsicum annuum)",10,g
b8685e5e-431d-4f95-8f92-4e1d22923f68,ASC371,G008,"Chillies, green - all varieties (Capsicum annum)",1.67,g
b86a39b4-631f-4c89-ab49-88dd8645f7d0,OSR127,US-695922,"TUTTI FRUTTI GUMBALLS, TUTTI FRUTTI",60,g
b874621a-a34d-4605-9e5b-af2128343f3a,ASC407,UK-17-062,"Sugar, icing",0.5,tsp
b874a3c7-e7ad-445c-9bf2-63bdf85319f1,BFP240,G033,Turmeric powder (Curcuma domestica),0.25,tsp
b87f0ad2-cf4b-4f3a-9249-1a0a8427fc0b,OSR139,UK-17-377,"Water, distilled",4,C
b8856c39-9bd9-41a2-b3a3-957622f4e3a7,ASC354,UK-17-045,"Oil, sunflower",0.5,tsp
b8885e84-14f0-4e92-acdf-efa662bc2ec8,ASC439,UK-12-545,Cocoa powder,0.5,tbsp
b88cac1a-861b-4b91-9198-3ef7cebf40c3,ASC104,G017,"Onion, big (Allium cepa)",25,g
b893a1f7-31c1-4573-9115-e6432b70ed84,ASC385,UK-17-367,Salt,0.25,tsp
b8954db9-1685-43cd-a5c1-d3d97bdf7cea,ASC316,UK-17-360,Gelatine,1,tsp
b89bca2d-797f-44d5-86c3-c0b399ec79ff,BFP142,G021,"Cardamom, black (Elettaria cardamomum)",0.25,tsp
b89e13c8-0d6c-47fa-ab67-d36e8590a2b2,BFP601,UK-13-829,Garam masala,30,g
b8a31049-87de-4c1e-80bb-1524994f6fa8,BFP498,UK-17-661,"Butter, unsalted",20,g
b8a614b0-5195-45ed-9829-12801e513cec,BFP522,UK-17-661,"Butter, unsalted",60,g
b8a7a0e8-b990-426b-b44b-13c5eabcfe13,BFP527,UK-17-063,"Sugar, white",15,g
b8b01c8c-4daf-4cc5-a555-9f3cf5acf403,ASC315,US-173471,Vanilla extract,0.5,tsp
b8ba43ea-a297-4b49-8676-228767417025,BFP282,UK-17-661,"Butter, unsalted",10,g
b8bc34e3-e9ed-441d-8c71-e2c43d4704e2,BFP329,G031,"Pepper, black (Piper nigrum)",0.25,tsp
b8bf5b0d-b5c3-409b-9b95-4e5bf2dd217a,BFP233,UK-17-367,Salt,0.25,tsp
b8cde2ac-a448-4f47-af38-b8696d01ac83,BFP555,UK-17-377,"Water, distilled",100,ml
b8e42db8-28e7-4e01-b2f6-f26f85b0ae9c,BFP542,L002,"Milk, whole, Cow",1,tsp
b90396d5-077f-4b8f-950b-44fe436b75e9,ASC146,UK-17-045,"Oil, sunflower",1,tsp
b90516fe-bf39-473e-8e0a-ae82ced80e6a,BFP047,G019,Asafoetida (Ferula assa-foetida),0.25,tsp
b906bac9-7322-4a21-9e80-8051ee53ba72,OSR125,A018,"Wheat flour, refined (Triticum aestivum)",240,g
b907bc82-89a7-4cfc-ba44-69d80a539508,BFP605,UK-13-873,Chilli powder,0.25,tsp
b90c7755-9870-4103-a860-282cacbbfb2b,ASC245,UK-11-1045,"Flour, corn",1,tsp
b91d6a9b-a89c-46f8-9263-43b6255215e9,ASC179,UK-17-045,"Oil, sunflower",2,tsp
b9297e3d-3848-46bb-b089-834fa282151e,BFP275,G033,Turmeric powder (Curcuma domestica),0.25,tsp
b929a04a-a821-4728-9b07-e57a398050af,ASC433,US-173471,Vanilla extract,0.5,tsp
b9328771-6641-4746-9360-1a169938567f,ASC085,UK-12-527,"Cheese, processed, plain",10,g
b945103e-e47e-4351-b6f2-43314d2baa2b,ASC218,G033,Turmeric powder (Curcuma domestica),0.125,tsp
b9465f59-7606-490c-8609-fcbb269d6dd2,BFP116,F001,Beet root (Beta vulgaris),25,g
b94e0d2b-a655-414e-9b0a-bede632a5d6d,BFP352,L002,"Milk, whole, Cow",150,ml
b94e41e8-37a2-45d6-b29b-e25ac1fa739d,ASC422,A018,"Wheat flour, refined (Triticum aestivum)",100,g
b94f80aa-c7cf-4fe1-bbe9-c7c8a602c50f,BFP159,UK-17-367,Salt,0.25,tsp
b9588ed1-5a3c-4475-b99f-b080450f6d1c,ASC244,UK-17-367,Salt,0.25,tsp
b95893d7-baab-45a3-b1ec-83063da39279,BFP549,UK-17-377,"Water, distilled",300,ml
b95942df-744c-470b-a3ba-356ad2c9afde,ASC313,UK-17-062,"Sugar, icing",2,tbsp
b95bc95c-ffd9-47a5-96ea-9d62c2ba2a78,OSR112,G025,Cumin seeds (Cuminum cyminum),5.76,g
b9663619-f4d4-43ac-839a-62cb9271a6d4,ASC255,UK-11-716,"Pasta, white, dried, raw",25,g
b971b461-4893-46e5-b238-35fe091402b4,ASC372,UK-12-527,"Cheese, processed, plain",25,g
b9756989-8528-42e9-904f-c30bfac3b75c,BFP197,G012,"Garlic, small clove (Allium sativum)",1.25,g
b975e396-90d8-45ae-b7ad-597a33c36efa,BFP576,H012,Ground nut (Arachis hypogea),10,g
b97778e5-7e0f-4b50-9ebc-4f8cda056010,BFP609,ANN-ING-0021,Banana essence,0.5,tsp
b97c0971-acf6-444f-b07d-f455cb28fd92,OSR132,G031,"Pepper, black (Piper nigrum)",0.5,tsp
b983d89b-4ebe-4e3c-869f-755646199109,BFP176,G022,"Chillies, red (Capsicum annum)",3.33,g
b98e51c0-236d-4f42-a85c-10088f260547,OSR101,D075,"Tomato, ripe, hybrid (Solanum lycopersicum)",90,g
b9907a53-0831-45c4-8eed-394c0d93546c,OSR030,UK-17-661,"Butter, unsalted",3,tsp
b99209ad-cd90-4515-9ecd-1e15ae82954e,BFP148,G026,Fenugreek seeds (Trigonella foenum graecum),0.25,tsp
b9941e72-01ed-4e78-af85-f51995034e54,BFP338,UK-17-063,"Sugar, white",20,g
b994ab68-3dc7-43f0-aecd-8a7cd5f373c1,ASC165,B020,"Rajmah, red (Phaseolus vulgaris)",30,g
b999d9b1-f0dd-4a16-8ec9-1ef83edc7678,ASC142,UK-17-367,Salt,0.25,tsp
b9a150af-f863-4d50-8be1-36d2af4b5563,ASC493,UK-17-367,Salt,0.5,tsp
b9a15259-ed23-400c-9a17-368e79c25404,BFP091,UK-17-045,"Oil, sunflower",5,g
b9a3dfc3-ee57-4eea-a7c5-624c7aeb27ae,OSR049,US-172337,"Oil, mustard",0.5,C
b9a53f9f-12c5-437e-9fb1-dcc91c213c0c,BFP442,E064,"Tamarind, pulp (Tamarindus indica)",10,g
b9aa750c-8ec7-4f0b-8343-ee19d7b9cf12,ASC035,UK-17-709,Tomato ketchup,0.5,tsp
b9bc5e27-6a08-489f-9fcd-24fc63bcb33c,OSR139,UK-13-832,"Ginger, ground",12.66,g
b9c12b55-9b2a-41a7-a4b8-930c918aaf7b,ASC408,UK-17-062,"Sugar, icing",0.5,tsp
b9c41bb6-bf6c-4076-a7cb-d1ec76d01e61,BFP159,UK-17-367,Salt,0.5,tsp
b9c6a303-e1c3-4a43-806e-0946a5ef9c86,ASC325,US-173471,Vanilla extract,0.5,tsp
b9cb8b99-7b02-434c-8c5f-dbfcaba16f97,ASC490,UK-17-367,Salt,0.25,tsp
b9dfac22-57de-4094-94b9-e238edd75d4a,ASC369,UK-11-1145,"Bread, white, average",2,tbsp
b9ea1e98-8465-4309-968c-fe18467d60b7,ASC059,M001,"Egg, poultry, whole, raw",50,g
b9ec7736-b4a6-4e2b-848f-2d6a63974918,ASC140,UK-17-661,"Butter, unsalted",1,tsp
b9ede385-80de-40d6-a0c9-e460da895f5d,BFP110,G017,"Onion, big (Allium cepa)",80,g
b9fc2a07-e769-4463-93f5-0cde0e65a945,ASC101,A019,"Wheat flour, atta (Triticum aestivum)",80,g
ba128e82-2a1a-4465-a57e-72192e7b2989,BFP597,H013,Mustard seeds (Brassica nigra),50,g
ba18b093-0f1f-41d6-a886-625087801e27,ASC122,UK-12-184,"Yogurt, whole milk, plain",1,tbsp
ba1c36d4-c5b8-422f-a0ec-26dc7a806261,ASC377,G014,"Ginger, fresh (Zingiber officinale)",10,g
ba1e15cc-13e9-4c83-95fa-07c5ef736ee7,BFP568,C033,Spinach (Spinacia oleracea),50,g
ba22fec4-cdec-4ddb-9ff8-51d8da097ed1,BFP076,E033,"Lemon, juice (Citrus limon)",5,g
ba280e6b-8848-4805-9a3b-80fecfb3342a,OSR042,L002,"Milk, whole, Cow",1,C
ba2919de-47b2-47dd-9474-ea8cb8b9604e,ASC244,UK-17-045,"Oil, sunflower",50,g
ba35674d-cc5e-4345-b1ea-2543f7619072,OSR064,G009,Coriander leaves (Coriandrum sativum),16,g
ba35b979-dd9d-4619-a677-d44af59ee4c5,BFP467,UK-17-362,Mustard powder,0.125,tsp
ba40d452-2fbf-45ff-b8c5-4787306148a8,OSR112,UK-13-873,Chilli powder,1,tsp
ba553d55-0cb1-4ecb-8586-35136932071a,BFP401,UK-17-377,"Water, distilled",0.5,tsp
ba572d14-d37c-448f-a291-5c9ec8fea4e2,ASC471,H012,Ground nut (Arachis hypogea),10,g
ba57d56e-5cf6-4da0-9122-e1f47763b474,ASC272,G025,Cumin seeds (Cuminum cyminum),0.125,tsp
ba5cc168-7d24-4d1f-9e4f-359e6b5ad5bb,ASC317,UK-14-369,"Orange juice, freshly squeezed",1,tsp
ba649eba-14f3-4216-8c79-55a7e5242521,ASC229,UK-17-367,Salt,0.5,tsp
ba70f1e5-8916-4726-9108-051f1644ab50,OSR135,UK-13-876,Curry powder,2,tsp
ba74716b-18a0-4662-baea-d73ce85ef6d3,OSR142,UK-17-640,"Ghee, butter",3,tbsp
ba80d85d-67f5-46eb-a539-ecf489e0a65f,OSR110,UK-17-367,Salt,0.25,tsp
ba88e074-d3ba-4673-bf25-842934563fd9,OSR025,L002,"Milk, whole, Cow",1000,ml
ba93e064-990a-4ad3-a230-d35bb192ced7,ASC279,G009,Coriander leaves (Coriandrum sativum),1,sprig
ba95d64a-b0a2-4450-829a-919b018de38c,OSR087,UK-17-339,Vinegar,1,tbsp
ba98cae8-ad85-43cd-8672-86d9ac2c5a14,OSR075,D036,Cauliflower (Brassica oleracea var. botrytis),100,g
ba9b3885-890e-4c7a-af6f-dd63617353cb,ASC170,UK-13-886,Mixed curry spices,0.5,tsp
ba9c2f9d-fe6c-448e-8113-59276f255c48,OSR142,UK-17-367,Salt,0.5,tsp
baa03c98-8e37-4170-8623-86d14f868ba4,ASC307,L002,"Milk, whole, Cow",150,ml
baa825c0-7a11-432e-8497-ffa9c484f0fb,BFP522,UK-11-1045,"Flour, corn",0.5,tsp
baa8bc40-9af5-4556-b6f8-0d6ee8117301,BFP598,H013,Mustard seeds (Brassica nigra),15,g
baaca7e1-6298-460f-87a5-53e3f0d6b081,BFP574,H012,Ground nut (Arachis hypogea),10,g
baaeed41-8ae9-4b7b-96b1-691cd5099f9b,ASC088,O064,"MUTTON, muscle",25,g
bab05345-9fd1-4557-9ed1-8b40a0789958,BFP531,E014,"Cherries, red (Prunus cerasus)",10,g
bab30610-7a89-4524-a31e-4ef9439b5592,ASC464,A019,"Wheat flour, atta (Triticum aestivum)",50,g
bab33144-8f0e-4b0b-9b0d-9af6abe47e12,BFP198,UK-13-873,Chilli powder,0.125,tsp
bac1cb49-2bd9-4eb1-99ae-61a2ec2d8356,BFP369,M001,"Egg, poultry, whole, raw",50,g
bac38952-bb30-4511-8abc-20ca015ed44b,BFP365,M001,"Egg, poultry, whole, raw",50,g
bac4662f-d965-4e0b-825f-3a10a752c037,ASC311,L002,"Milk, whole, Cow",1,tbsp
bac64e09-eff2-461c-93c1-8e1f986f2949,BFP242,G008,"Chillies, green - all varieties (Capsicum annum)",1.67,g
bacd2dd3-5a6e-4077-8f5c-99293fea8f89,ASC402,UK-18-481,"Lamb, mince, raw",100,g
bacd7638-07a0-4f56-8cbf-9d906d6453f3,ASC111,UK-17-367,Salt,0.5,tsp
bacdc9a3-e179-42d5-8206-1e79b7c49cee,ASC227,G009,Coriander leaves (Coriandrum sativum),1,sprig
bacfc305-9ecf-4af1-b2f3-2e1ebec7bf61,BFP261,A018,"Wheat flour, refined (Triticum aestivum)",1,tbsp
bad7dba0-388d-478e-9085-6eb167218f6f,BFP269,UK-17-367,Salt,0.17,tsp
bae7edc7-042e-4b15-97e8-0fea03ff04ec,ASC286,E057,"Raisins, dried, black (Vitis vinifera)",1.32,g
bae96a77-eb7e-409d-8072-d85f9774667a,OSR047,E051,Pear (Pyrus sp.),2848,g
bae9d166-b36e-47ae-b999-ccdf3d1cf98a,OSR037,H001,Almond (Prunus amygdalus),16.65,g
baee6349-fd22-40b8-be59-a0a1f7ebffd6,OSR076,G009,Coriander leaves (Coriandrum sativum),1,sprig
baf4cd8d-3402-4b09-b54e-5a38eb266866,ASC134,UK-13-352,"Spring onions, bulbs and tops, raw",25,g
baf69c24-d941-42b4-8ae4-b1e1f85933e1,BFP489,A018,"Wheat flour, refined (Triticum aestivum)",55,g
bb018303-a893-4fb2-8617-1074a1711d97,BFP479,UK-17-062,"Sugar, icing",50,g
bb04dcf3-92bf-45c2-bff5-29754ae54553,BFP401,UK-17-377,"Water, distilled",50,ml
bb105b8d-100a-4024-ae8d-bac24e6435c5,ASC335,UK-17-640,"Ghee, butter",2,tbsp
bb11139d-c972-454e-9d00-71423abc9c74,ASC069,G017,"Onion, big (Allium cepa)",25,g
bb197a3a-0acc-4092-9537-13d219688f5f,OSR036,A018,"Wheat flour, refined (Triticum aestivum)",240,g
bb211073-d544-4d0a-a385-b541e26b6912,ASC173,UK-17-367,Salt,0.5,tsp
bb2125bc-a5aa-419d-8ab3-04a3289f5c13,BFP005,G022,"Chillies, red (Capsicum annum)",10,g
bb232e47-59d0-4b11-81df-d36f6e01ed1a,BFP273,G033,Turmeric powder (Curcuma domestica),0.125,tsp
bb244555-4a7b-41a1-bd47-b7b10ad00172,BFP091,L003,Paneer,60,g
bb27387d-8a81-4df4-850c-938a96457f69,OSR013,UK-17-640,"Ghee, butter",3,tbsp
bb292635-5262-42d6-8e55-ee94fd21bbf0,ASC267,UK-17-377,"Water, distilled",150,ml
bb3579b1-fbc2-4253-b3ed-1bf5d110ef49,BFP277,F002,"Carrot, orange (Daucus carota)",20,g
bb37ff84-cca2-4bfc-9161-8b455fc62e2d,ASC328,UK-11-1045,"Flour, corn",1,tsp
bb4106af-7b49-4c02-9dc9-4f0ed1aa80b8,ASC102,UK-13-873,Chilli powder,0.25,tsp
bb451ff6-211b-4e72-b59d-0940d504e417,BFP548,I001,"Jaggery, cane (Saccharum officinarum)",30,g
bb4f1030-afc2-4dd9-83ea-a77c3c64cf05,BFP036,UK-17-367,Salt,0.25,tsp
bb5286e2-92a5-47b7-a148-f40849e875bc,BFP517,UK-14-335,"Cherries, glace",10,g
bb52bdea-37b4-4451-ad92-8f5749f8076f,ASC425,US-169103,"Orange peel, raw",50,g
bb5491ff-aaca-49af-bbde-3fd7ca7916c5,OSR033,UK-17-367,Salt,0.25,tsp
bb5734df-9af8-4579-aea1-cb2f29e50d87,ASC165,UK-13-829,Garam masala,0.25,tsp
bb615f94-a16a-4178-ad33-375f1d7fa74e,BFP132,UK-17-367,Salt,0.17,tsp
bb65a0a3-55ff-43fa-be1f-40031cfeca16,ASC123,UK-17-367,Salt,1.25,tsp
bb750b65-4a8b-4839-b6c5-cde1c2dc9251,ASC450,UK-17-356,Bicarbonate of soda,0.25,tsp
bb751010-2e40-4e20-8532-f4d85f2d81bd,ASC487,UK-17-661,"Butter, unsalted",5,g
bb7c48b3-f05f-4984-a8a7-661eaadc383f,BFP127,C028,Parsley (Petroselinum crispum),1,sprig
bb7c6bd1-3e5d-40e8-bac9-040a983a7892,BFP320,UK-12-184,"Yogurt, whole milk, plain",100,g
bb8ba5be-d3be-4c87-8cc4-633fbe60689e,ASC360,H013,Mustard seeds (Brassica nigra),0.125,tsp
bb8c34db-6bdd-483d-b71e-cbb7d49a8106,OSR126,H001,Almond (Prunus amygdalus),35.75,g
bb98c73a-7f38-4fb3-b459-3126bb1f7a8b,OSR144,UK-17-377,"Water, distilled",3,C
bbadd711-eee5-48cc-bc19-42ce6744a91e,BFP216,UK-13-873,Chilli powder,0.125,tsp
bbafc745-33e8-4e52-8815-579bf3183130,OSR114,G025,Cumin seeds (Cuminum cyminum),0.25,tsp
bbb33fc9-cd66-408f-adf1-88827829d73c,ASC375,D075,"Tomato, ripe, hybrid (Solanum lycopersicum)",25,g
bbb8b3ec-3349-462a-a452-fab01e984c66,ASC254,D050,"French beans, hybrid (Phaseolus vulgaris)",25,g
bbb9c82e-e018-4d58-a2ae-9bd0bc1b4c0c,ASC388,UK-12-184,"Yogurt, whole milk, plain",100,g
bbc09aa9-e8f9-4e16-ac80-6ca19c4e0e0c,ASC307,UK-17-063,"Sugar, white",30,g
bbc2218e-8c0e-41cd-ac1b-e813723245f5,ASC084,L002,"Milk, whole, Cow",0.25,C
bbc92856-38a2-47e7-962f-9014e60ede86,BFP338,E001,"Apple, big (Malus domestica)",50,g
bbca91d6-eda7-48f3-9149-b937a12c2f3e,ASC241,UK-14-130,"Lemons, flesh only, raw, weighed with peel and pips",17.5,g
bbcf65b4-96f9-4a23-807d-46a8a07ed4f4,BFP151,G014,"Ginger, fresh (Zingiber officinale)",5,g
bbd2c6f2-0cf5-4b3d-bf0c-acd598f8e921,ASC022,UK-17-367,Salt,0.25,tsp
bbd84ee2-3377-40d4-8923-9b71d7948e79,BFP222,UK-13-874,"Cinnamon, ground",0.25,tsp
bbe75e3c-54e2-41da-8fc2-88a73a7d075a,ASC466,L002,"Milk, whole, Cow",200,ml
bbe95bac-4fd1-4a50-b888-224b76615d94,OSR139,UK-17-367,Salt,0.5,tsp
bbf74d5a-1312-420f-a3fe-b1ff4b337057,BFP091,UK-13-806,"Bay leaf, dried",0.4,g
bbfa755d-c484-4e6d-ac8c-c72be46ea7b0,ASC265,UK-14-286,"Pineapple juice, unsweetened",2,tsp
bc0a7b53-dae4-4b79-a7b5-bae7ba7a09bc,ASC041,G008,"Chillies, green - all varieties (Capsicum annum)",1.67,g
bc0ab6d7-5677-40a4-b6ff-4a55bb8c20cd,ASC143,UK-12-184,"Yogurt, whole milk, plain",20,g
bc0fc486-5983-47eb-8efa-8c41d2fcc383,ASC462,B010,"Green gram, dal (Vigna radiata)",50,g
bc20fdc3-1b7e-40f2-b20d-f803a9b177c1,BFP116,UK-17-045,"Oil, sunflower",240,ml
bc3bc616-0645-42ff-86c4-0d4754f88729,ASC115,UK-17-367,Salt,1,tsp
bc3d60bd-d0df-4678-b4f6-f8ac70ddf823,ASC226,G008,"Chillies, green - all varieties (Capsicum annum)",0.5,tsp
bc6e8d35-5a77-4fc2-97b9-e2f9752ac852,ASC418,UK-14-130,"Lemons, flesh only, raw, weighed with peel and pips",7.5,g
bc6f0f91-4b9d-48af-845e-6964d7246b3a,ASC372,UK-17-362,Mustard powder,0.25,tsp
bc7c687d-2d85-4ba3-a46a-fce4a18ab623,ASC027,UK-17-367,Salt,0.25,tsp
bc7f0bba-7c53-4621-be65-774156720c6e,ASC221,UK-13-873,Chilli powder,1,tsp
bc86dadd-a06c-4656-a4ed-d459e0e08bdc,OSR047,UK-14-130,"Lemons, flesh only, raw, weighed with peel and pips",3,tbsp
bc8a2403-10d6-4995-82d6-bb4617de130b,ASC440,UK-17-060,"Sugar, brown",10,g
bc8cc0c2-5009-4800-b1f1-b74f291bd5e3,OSR034,UK-17-355,Baking powder,0.5,tsp
bc8e8768-ccc2-435e-adc5-d4a94189ed43,ASC312,M001,"Egg, poultry, whole, raw",50,g
bc90ff5b-1eeb-4418-b8fb-a5a8d3fa697a,ASC348,UK-17-063,"Sugar, white",200,g
bca00b0c-1691-484a-81e3-46ddffbf42f4,BFP288,F006,"Potato, brown skin, big (Solanum tuberosum)",150,g
bca30362-de41-4c9d-a35d-65557293345e,ASC237,G008,"Chillies, green - all varieties (Capsicum annum)",4.9,g
bca8e2b0-bfe6-4d79-b58f-c73e8d89bbc5,ASC454,US-173471,Vanilla extract,0.5,tsp
bcaca160-b1ef-4656-a724-c1440183ff52,ASC158,B016,Moth bean (Vigna aconitifolia),30,g
bcbd62c2-c94a-4ad1-a764-77b95afafeff,OSR016,E036,"Mango, ripe, banganapalli (Mangifera indica)",4,tbsp
bcbf3c45-05a8-4e4e-b45b-e1d5df044afd,BFP471,G031,"Pepper, black (Piper nigrum)",0.25,tsp
bceb2c58-560e-4a21-9b7a-9f22e4ddb283,BFP521,UK-17-367,Salt,0.25,tsp
bcebd2e2-f88c-4a42-afb1-e353bc49b35d,OSR146,G019,Asafoetida (Ferula assa-foetida),0.25,tsp
bcecbf65-4d07-45d6-8351-bbe1f1293ca5,ASC278,UK-17-062,"Sugar, icing",1,tbsp
bceeada4-ad49-4da9-9278-2508852eeda1,ASC404,A018,"Wheat flour, refined (Triticum aestivum)",50,g
bcef2ebe-24ea-4fa6-a5cb-234817b2b74c,BFP345,L002,"Milk, whole, Cow",150,ml
bd021f0a-7de6-4b8e-aada-088ca097b3ab,BFP452,G012,"Garlic, small clove (Allium sativum)",1.25,g
bd09d20c-e6ea-4888-abbc-fe85ab456c20,ASC234,G017,"Onion, big (Allium cepa)",75,g
bd18997e-3991-4d97-8204-6f7365b8f7fb,OSR051,E017,"Dates, dry, pale brown (Phoenix dactylifera)",500,g
bd1983e1-8238-4978-bc88-5f43bac0b8ee,OSR034,F013,"Sweet potato, brown skin (Ipomoea batatas)",266,g
bd214c87-3abd-4fb6-aff3-fb1eab62fa93,ASC257,UK-11-1045,"Flour, corn",0.125,tsp
bd25e531-4cff-4c22-b1fc-98dcf3475198,ASC156,G014,"Ginger, fresh (Zingiber officinale)",6.33,g
bd2fa662-4c1b-4da8-ab07-2918c9ad716f,ASC316,G016,Mint leaves (Mentha spicata ),1,sprig
bd30618f-c8d1-41aa-b99a-acf29770590f,ASC414,G031,"Pepper, black (Piper nigrum)",0.125,tsp
bd326392-f2e0-4470-bee5-b5d3ada96c74,ASC234,UK-17-367,Salt,0.25,tsp
bd37a725-6007-4266-abe0-8879e24f1d0b,BFP199,H001,Almond (Prunus amygdalus),1.1,g
bd3c5071-b45f-4918-8358-b28cb4834e05,BFP356,UK-17-063,"Sugar, white",20,g
bd3df358-ec34-49a4-8d6c-ae01555ea716,ASC064,G012,"Garlic, small clove (Allium sativum)",1.6,g
bd414fd6-5993-4c22-a079-69cfbac1bad9,BFP174,G012,"Garlic, small clove (Allium sativum)",0.63,g
bd44100d-08a7-491c-b685-689a902e899b,BFP451,G031,"Pepper, black (Piper nigrum)",0.25,tsp
bd491078-cf1a-4a2a-be14-58b136525caa,ASC385,H012,Ground nut (Arachis hypogea),20,g
bd715c43-65ef-45f2-beb4-86260e318bc6,ASC065,L002,"Milk, whole, Cow",100,ml
bd7305c0-9be3-4e66-b365-a947246f6c48,ASC489,B010,"Green gram, dal (Vigna radiata)",10,g
bd7539de-83b8-4189-ab57-0b8a77967daa,ASC080,UK-13-806,"Bay leaf, dried",0.4,g
bd7d5f72-067d-410f-9958-681bee3891c6,ASC314,UK-17-360,Gelatine,1.5,tsp
bd915331-d936-4a8a-97af-41494378718c,ASC383,US-711552,MSG MONOSODIUM GLUTAMATE,0.125,tsp
bd9251a9-af62-466a-98b3-480bc1b50b83,OSR093,UK-13-873,Chilli powder,1,tsp
bd932b33-70d7-4fb5-a652-5edab89a0ede,BFP318,G031,"Pepper, black (Piper nigrum)",0.25,tsp
bd94c658-6d61-4b48-a077-9f2dddea05ae,ASC381,UK-17-811,"Mint sauce, homemade",2,tbsp
bda0d6f3-1f14-4e36-84a2-e981c2fe3ae3,OSR075,UK-17-367,Salt,0.25,tsp
bdacd9bd-f5ae-4732-a44e-0a2ed5b499ad,BFP089,G031,"Pepper, black (Piper nigrum)",0.25,tsp
bdafb3c3-c226-49d4-a12f-23ad74ef5120,ASC460,UK-17-045,"Oil, sunflower",10,g
bdb2e3d8-ed88-40c8-bc2c-0cf2a5d8ada0,ASC088,C015,"Cabbage, green (Brassica oleracea var. capitata f. alba)",10,g
bdb3fff6-9b2b-439b-9bd6-950557936818,ASC494,UK-17-367,Salt,0.5,tsp
bdb864ba-dd52-45bd-9cd6-92d4e30e688f,ASC513,UK-13-874,"Cinnamon, ground",3.75,g
bdb9756c-d159-4726-9f8b-44d637d08f53,BFP262,UK-17-377,"Water, distilled",2,tbsp
bdc19e69-560a-4ad1-b1aa-3286101e0051,ASC023,D033,"Capsicum, green (Capsicum annuum)",20,g
bdc89f55-293a-4ba0-94ec-3838dd2e09ca,OSR118,UK-11-021,"Flour, rice",120,g
bdc92afe-463d-4368-9b3d-df5b0c0d62c0,OSR141,UK-17-367,Salt,0.5,tsp
bdcf5aa8-6e5a-4d0f-895a-51b647198d9f,OSR054,UK-13-874,"Cinnamon, ground",0.75,tsp
bdd2d769-2e34-4bf2-8691-3e3585b2dd6b,OSR148,A018,"Wheat flour, refined (Triticum aestivum)",120,g
bdd9528a-e0b0-451b-b9db-3330984d06f3,BFP305,C025,Lettuce (Lactuca sativa),24,g
bddcc117-f7f5-498a-a5ef-a41f5b6edcad,ASC139,UK-13-873,Chilli powder,0.5,tbsp
bdde0ea6-cc58-4106-ab81-09f579ff5685,BFP446,UK-17-367,Salt,0.17,tsp
bddfd9d7-9fb6-4d09-91c2-0688577e7495,OSR014,A022,"Wheat, semolina (Triticum aestivum)",167,g
bde41809-e956-4c15-9e03-65df158a1ce5,ASC094,G016,Mint leaves (Mentha spicata ),1,sprig
bde647f9-715f-49c8-a051-924b2ffc1f90,BFP220,G017,"Onion, big (Allium cepa)",10,g
bdebb62a-3990-41c4-938b-c0eaf22539b8,BFP087,G017,"Onion, big (Allium cepa)",10,g
bdee50d0-0ded-4ef2-804f-b0ee80c1728b,BFP496,ANN-ING-0033,ORANGE ESSENCE,0.5,tsp
bdf36042-04f8-4ff1-9cf5-6922bf9b62b9,BFP368,UK-12-332,"Cream, fresh, single",100,g
bdf4c783-f0fd-4f7a-a65e-7e9209cc62b9,ASC179,G025,Cumin seeds (Cuminum cyminum),0.25,tsp
be07277b-d53d-4998-a5f2-72e0864145ea,ASC045,D043,"Cucumber, green, elongate (Cucumis sativus)",30,g
be07d744-2abe-4e35-adf3-6fdd75da88d1,OSR152,G009,Coriander leaves (Coriandrum sativum),2,tbsp
be2bc597-ce97-4f3e-b754-0fda4473cf62,BFP096,UK-17-063,"Sugar, white",10,g
be2bd6cb-838e-413c-983c-480ca7cd7411,BFP206,G021,"Cardamom, black (Elettaria cardamomum)",0.25,tsp
be3633e3-3792-4107-af4b-f449773d835f,ASC401,D075,"Tomato, ripe, hybrid (Solanum lycopersicum)",50,g
be3ea077-f9aa-4816-8cb5-8482e49a5f56,BFP437,B003,"Black gram, dal (Phaseolus mungo)",60,g
be430695-e699-467c-93c7-2f295e8bf54c,ASC192,J001,"Button mushroom, fresh (Agaricus sp.)",50,g
be4afdc0-a553-4ed0-96ba-87a70a8b6b61,ASC370,M001,"Egg, poultry, whole, raw",25,g
be4cfe4c-f537-4989-83e5-96ca78b9ea6c,ASC220,G021,"Cardamom, black (Elettaria cardamomum)",0.25,tsp
be51b169-08ab-4ce7-8316-c5769bf45322,BFP535,L002,"Milk, whole, Cow",100,ml
be57244f-47f5-42b2-a731-b396e577e0f9,BFP264,UK-13-829,Garam masala,0.25,tsp
be58fbec-c811-4ca4-aa6e-305f1c1582a3,BFP162,UK-13-531,Tomato puree,2,tbsp
be5e60a0-4181-41ff-98ca-1b28c3f55921,ASC154,G009,Coriander leaves (Coriandrum sativum),1,sprig
be6386ad-551b-4344-8edf-f3373a585cc6,BFP095,C028,Parsley (Petroselinum crispum),10,g
be742770-ccbe-429a-9304-6e37ddd01181,OSR104,G024,Coriander seeds (Coriandrum sativum),0.5,tsp
be74e390-c976-4343-82ac-7454cd7cb52a,ASC252,UK-14-130,"Lemons, flesh only, raw, weighed with peel and pips",105,g
be75d99f-0829-4beb-9066-3ed7d0ca3f50,ASC266,UK-17-339,Vinegar,1,tbsp
be765200-c715-44af-9a78-986e87e5955e,ASC407,M001,"Egg, poultry, whole, raw",50,g
be84a13f-cbe0-45fc-ac47-b769bf9a4680,BFP234,H013,Mustard seeds (Brassica nigra),0.25,tsp
be85e284-dcb5-4199-8698-3b822e8315bf,ASC426,M001,"Egg, poultry, whole, raw",100,g
be872084-865b-487d-87cb-9f573c64b627,BFP141,UK-13-873,Chilli powder,0.25,tsp
be878dd5-497b-4114-b42e-72b37da9e0e8,ASC204,UK-11-896,"Flour, gram",2,tbsp
be8abd9f-a0ff-4326-acfe-c0dc7f45fcd8,ASC416,G031,"Pepper, black (Piper nigrum)",0.125,tsp
be8cbf1f-8c01-4f2f-9280-42f189ada260,ASC212,D061,"Peas, fresh (Pisum sativum)",100,g
be95e506-431e-43a3-aa68-293510407255,OSR065,UK-17-719,Chilli sauce,1,tbsp
be9a7def-b25a-4a9e-b0e2-2f99c0609b17,ASC234,G024,Coriander seeds (Coriandrum sativum),2,tsp
be9fc025-c0fb-47d9-ad9a-52bf0b6b005f,OSR052,E033,"Lemon, juice (Citrus limon)",39.04,g
bea47e3e-5487-4b96-b5ec-c4bb3e64d4ec,ASC437,E033,"Lemon, juice (Citrus limon)",0.5,tsp
bea66229-8d2e-4535-821d-da72f13301ba,ASC323,UK-17-062,"Sugar, icing",1,tbsp
bea7ee1b-de2d-4ac8-951c-1d019591cfae,OSR131,A018,"Wheat flour, refined (Triticum aestivum)",36,g
beae292a-f5df-4b6a-a187-ec777680eb58,BFP359,ANN-ING-0005,Red colour,0.25,tsp
bebf7c27-0584-4822-b3a6-1d37693181ab,BFP073,G028,Nutmeg (Myristica fragrans),0.25,tsp
bec0a667-55a3-4723-979d-449c6325921e,ASC416,M001,"Egg, poultry, whole, raw",100,g
bec969e7-d7be-416a-9f4d-315a2999db88,BFP289,G031,"Pepper, black (Piper nigrum)",0.125,tsp
beca6ab6-8456-4f83-9ccb-2d9d972c7842,OSR080,UK-17-045,"Oil, sunflower",2,tbsp
becaf28c-cfe7-461f-b9ca-82843a5eb5d6,BFP536,UK-17-377,"Water, distilled",75,ml
becf6c3e-28c5-4879-ba8e-ec6875d1c68b,OSR092,E001,"Apple, big (Malus domestica)",80,g
bed715b5-b62d-41a9-ac78-ac6d4ffdfaba,BFP483,UK-17-377,"Water, distilled",2,tsp
bed7c06b-3e5b-4389-8dab-bc95133e10a5,ASC057,G031,"Pepper, black (Piper nigrum)",0.25,tsp
bed8fd0f-709f-4c7e-b439-baafc12a71c6,ASC004,UK-17-377,"Water, distilled",7.5,tbsp
bee63ff6-907c-4235-9465-6c2ec19c92fa,BFP505,UK-17-062,"Sugar, icing",15,g
beedfc8a-9e6f-4a4d-a47b-fcf697ce0198,ASC335,L002,"Milk, whole, Cow",2,tsp
beef2843-5709-4f41-9266-8c3f1b0a451f,ASC095,F006,"Potato, brown skin, big (Solanum tuberosum)",30,g
bef19e29-1cae-43ef-b77c-ed8a213ff6ed,BFP003,G033,Turmeric powder (Curcuma domestica),75,g
bef377dc-3fd2-4868-9ac5-6b8dd4fec06b,ASC117,UK-17-045,"Oil, sunflower",1,tbsp
befa63f4-b09b-454a-adb6-27c2f3d34d47,BFP147,UK-17-356,Bicarbonate of soda,1,tsp
bf04da7d-49af-4b5d-9084-417a3a1d2f11,ASC348,UK-17-377,"Water, distilled",125,ml
bf0571db-9e04-4fb9-8a43-ea34fdc3b83e,BFP124,UK-17-661,"Butter, unsalted",2,tsp
bf0c0272-e6f9-4f05-88a9-0006bfd600ed,BFP544,L003,Paneer,50,g
bf0da553-01f2-4feb-abb2-581d054c698a,BFP240,UK-13-806,"Bay leaf, dried",0.4,g
bf14f4e2-577a-453e-b0fc-cc06fc29dc33,BFP157,UK-17-367,Salt,0.125,tsp
bf1fc528-78b9-495e-828e-d025090e140b,OSR072,UK-12-346,"Cheese, Cheddar, English",66,g
bf23422a-8935-40a4-ac55-74c14786ef0b,BFP087,L002,"Milk, whole, Cow",160,ml
bf277394-f561-4aec-8b71-cb3229e63a9c,ASC514,UK-13-873,Chilli powder,0.5,tsp
bf2f0952-c86e-4d25-adcd-ec476d237d4f,BFP045,H013,Mustard seeds (Brassica nigra),2,g
bf348b21-d213-4a02-ad39-f016d6ffb615,ASC080,G009,Coriander leaves (Coriandrum sativum),1,sprig
bf34af68-a2f4-424d-99e5-fcef774b2cbb,ASC241,G014,"Ginger, fresh (Zingiber officinale)",10,g
bf3eabfa-257c-438a-8616-ce7caafba516,BFP456,C028,Parsley (Petroselinum crispum),1,sprig
bf4594e3-7e2b-4974-a2ef-fc6a73b4b6ce,ASC090,UK-17-661,"Butter, unsalted",1,tsp
bf4e3ce4-b0b9-4c3f-ab90-d2f7364afe7d,ASC169,UK-13-873,Chilli powder,0.25,tsp
bf6e768c-d48f-4d74-aced-b114935d53f6,BFP041,B003,"Black gram, dal (Phaseolus mungo)",5,g
bf71b96b-0df2-4289-91a5-522870221257,BFP080,L002,"Milk, whole, Cow",80,ml
bf7a532d-e25a-40ab-aa05-aecd4c05d577,BFP185,UK-12-184,"Yogurt, whole milk, plain",1,tsp
bf81ceda-90eb-43b5-ab39-022100f54df9,OSR141,UK-13-827,Fennel seeds,0.2,tbsp
bf84713f-3808-4b8d-afdb-c2e61b836662,BFP485,UK-12-332,"Cream, fresh, single",100,ml
bf86e0ae-3a77-419e-833f-8b57d80f7b7c,OSR102,UK-17-377,"Water, distilled",2,tbsp
bf8a5362-cfd2-42ea-b768-351014e123da,BFP366,UK-14-335,"Cherries, glace",5,g
bf90e741-7345-4294-bd37-04a90d36cc2f,ASC084,UK-12-332,"Cream, fresh, single",1,tbsp
bf99b877-d076-46d0-8c50-f3b56f007e84,BFP420,UK-17-367,Salt,0.25,tsp
bf9e3096-a937-40ab-ba10-f40b69259c12,BFP450,G025,Cumin seeds (Cuminum cyminum),0.5,tsp
bfa3fd4e-fb3b-4d39-b791-1b1166af3839,ASC065,UK-17-661,"Butter, unsalted",1,tbsp
bfb59325-8f65-4fdb-9ddc-ba6438a8305a,OSR036,UK-17-063,"Sugar, white",400,g
bfb5de67-a3d6-443c-8606-c64d154a1ce5,ASC227,O064,"MUTTON, muscle",100,g
bfbce520-b0ba-41ca-a9e2-d8b03628e33f,ASC046,F002,"Carrot, orange (Daucus carota)",30,g
bfc39704-f98c-4dbf-ab7c-41143fb99956,ASC245,G017,"Onion, big (Allium cepa)",20,g
bfc4e109-83b4-4b38-8d11-084ae9452445,BFP370,UK-17-491,"Chocolate, plain",5,g
bfc606c3-f3ed-4920-b498-01948ce9b4c8,OSR143,UK-13-873,Chilli powder,1,tsp
bfd72a3b-e386-4370-a42d-be5f71b84e50,OSR116,UK-13-622,"Sweetcorn, kernels, raw",217.5,g
bfe32e81-e4cf-4bea-8e9a-cfacfc5819b8,ASC361,G009,Coriander leaves (Coriandrum sativum),1,sprig
bfe3dbd8-4eb8-4391-b286-2c12c151645b,BFP326,UK-12-184,"Yogurt, whole milk, plain",100,g
bfe7eda0-fd2b-41ea-98f9-fe3d8ee1dd84,OSR033,UK-17-355,Baking powder,0.5,tsp
bff4a57d-c931-4431-b8e0-906a81d12665,BFP205,G009,Coriander leaves (Coriandrum sativum),1,sprig
bff60288-6293-4e0e-b294-b0f2db09b8a1,OSR063,UK-11-1045,"Flour, corn",2,tbsp
c00153db-4fb7-4bac-bcc3-04a421231099,BFP565,UK-17-640,"Ghee, butter",10,g
c0048265-6e09-4263-b7d9-ed709fcee3b2,BFP478,UK-12-545,Cocoa powder,10,g
c0050a6c-2038-4a66-bf26-2d3fa9e955bb,ASC045,UK-50-1173,"Tomato sauce, homemade",2,tsp
c0060599-92d6-49ff-8713-b4df8d6c34c3,OSR127,UK-17-045,"Oil, sunflower",100,g
c00c656f-8ad5-47af-b290-d2972798a111,ASC305,US-173471,Vanilla extract,0.5,tsp
c011005c-954c-41aa-b89e-6a3c63b37bd5,ASC192,G017,"Onion, big (Allium cepa)",50,g
c0197bf1-5aaf-4ac9-8786-c91ef577a3d7,ASC189,UK-17-045,"Oil, sunflower",1,tsp
c01bbc0d-c132-4b54-af79-7183054f920e,BFP039,B003,"Black gram, dal (Phaseolus mungo)",5,g
c0239cd5-8f33-4b35-b964-9d2bdae82462,ASC253,E001,"Apple, big (Malus domestica)",25,g
c0291b7b-ec6a-4d7d-a07a-03d14d84a942,ASC387,UK-17-063,"Sugar, white",0.5,tsp
c029910d-979e-4fff-b90a-795c3e05f400,BFP153,UK-14-820,Coconut milk,3,tbsp
c035eae3-0808-48f8-9ed3-2b01129da9b9,BFP067,UK-13-806,"Bay leaf, dried",0.4,g
c03ab1d0-cc75-48a6-882d-9c5fc00135f6,ASC139,A018,"Wheat flour, refined (Triticum aestivum)",2,tsp
c03b7e96-50f5-4cb3-8dc9-0e943a1d90cc,BFP471,UK-17-367,Salt,0.25,tsp
c03edd84-5ec7-4fa9-aabe-abf59fa85930,BFP042,UK-17-045,"Oil, sunflower",15,g
c042de67-d451-45cc-97f7-2cbd36b9ad30,ASC247,UK-13-873,Chilli powder,0.125,tsp
c04aee9c-31d1-4512-bd0c-f8211ecafa1e,ASC366,D061,"Peas, fresh (Pisum sativum)",30,g
c04de6ac-a6b2-4df3-923b-d17986a965d6,BFP489,ANN-ING-0030,Lemon essence,0.25,tsp
c0583f6f-2f0b-44dc-9b40-d38f8659785c,OSR097,G025,Cumin seeds (Cuminum cyminum),26,g
c05f54a0-edf6-4c50-8954-23d51876a7b8,BFP318,UK-12-184,"Yogurt, whole milk, plain",100,g
c0624e0f-cea1-4bdf-847b-f1cad1804fd3,BFP270,US-400113,"SIVA'S, AMHUR POWDER (DRY MANGO POWDER)",0.125,tsp
c0644aeb-599b-4eb4-a1c1-c7742d8bb163,ASC098,G017,"Onion, big (Allium cepa)",25,g
c0662f42-e2dc-4497-a1da-c36aec01c2ee,OSR064,G016,Mint leaves (Mentha spicata ),12,g
c0665444-cac6-46ff-82fe-f3c30eb51f39,OSR156,G017,"Onion, big (Allium cepa)",60,g
c066e932-96d3-4c4b-b836-5051b587b40b,ASC164,G012,"Garlic, small clove (Allium sativum)",1.25,g
c071780a-8acb-4e63-8542-b1910dc0d090,ASC106,UK-17-367,Salt,0.5,tsp
c07e2e1b-e9cd-4ef4-a661-761356410b7e,OSR070,M001,"Egg, poultry, whole, raw",550,g
c07ebabe-b4f2-4595-a3d7-dad31ca08093,ASC248,UK-17-045,"Oil, sunflower",480,ml
c0812e6d-dc83-4eaf-96de-da42d81afe1a,ASC289,L002,"Milk, whole, Cow",200,g
c081c940-c108-4bcd-b178-33fe526a3e97,BFP058,M001,"Egg, poultry, whole, raw",50,g
c08321ed-46a8-4141-a7c9-bf9a0822adf6,ASC045,UK-17-654,"Mayonnaise, standard, retail",1,tbsp
c08f4c21-d352-47a7-b51f-de66796389bf,ASC380,UK-17-367,Salt,0.5,tsp
c0946be8-53a8-4dc9-a1aa-5781d4cf07c1,OSR101,UK-13-832,"Ginger, ground",12.66,g
c09acf3e-2a5e-4e1f-9631-bb6e4d22e5da,BFP578,UK-17-367,Salt,0.25,tsp
c09aecca-cb52-4b31-a245-3441005e9ba2,OSR076,UK-12-184,"Yogurt, whole milk, plain",2,tbsp
c09c4186-6510-4323-a147-5b3c2ba8d275,OSR118,E030,"Jack fruit, ripe (Artocarpus heterophyllus)",165,g
c09c9738-131d-4cc8-b50a-fc3f90591684,OSR143,B012,"Horse gram, whole (Dolicus biflorus)",175,g
c0affffc-c1dc-400d-95f1-13817ceaa3d0,BFP356,L002,"Milk, whole, Cow",150,ml
c0bba14b-7c1b-40d6-819d-a1cce39c98a0,BFP492,M001,"Egg, poultry, whole, raw",50,g
c0be4061-69a6-49cb-bc69-9544ddf400c8,ASC154,G017,"Onion, big (Allium cepa)",10,g
c0bf6923-3a4f-43b0-930e-360770d29240,ASC409,UK-17-062,"Sugar, icing",0.5,tsp
c0c79c41-00cd-475e-ac83-0bf291bdf1d9,ASC302,L002,"Milk, whole, Cow",180,ml
c0dc1d96-2036-4794-a69e-6322f1cad64f,OSR136,UK-12-184,"Yogurt, whole milk, plain",245,g
c0dfd0bb-810a-4bac-9c46-f5b07b7ef67f,BFP264,US-400113,"SIVA'S, AMHUR POWDER (DRY MANGO POWDER)",0.25,tsp
c0e9eb77-db3c-41bb-a235-18b6d8d6a9e8,OSR022,L002,"Milk, whole, Cow",1,tbsp
c0fcec67-8973-4e2e-bd07-29e986bb89fa,ASC261,UK-17-367,Salt,0.25,tsp
c0ff0aab-9c05-4521-9ec3-9cbecade504e,ASC285,UK-17-640,"Ghee, butter",0.5,tsp
c103fb42-1c9e-4acd-b199-d5fcf4f57877,OSR005,L002,"Milk, whole, Cow",4.5,C
c10493a6-f95f-4053-9e7a-dba58a292fea,ASC080,UK-17-367,Salt,0.25,tsp
c105db93-a3dd-4a9d-bb2c-79bcb6200a81,BFP250,D075,"Tomato, ripe, hybrid (Solanum lycopersicum)",50,g
c11f9695-afc2-4967-93b7-ab8485b4191b,ASC201,UK-11-1145,"Bread, white, average",2,tsp
c122747d-82ef-492d-9ddf-1e961456ca07,ASC198,UK-13-829,Garam masala,0.25,tsp
c123d3d2-f66c-4986-b97f-8afbd76add6e,BFP303,D043,"Cucumber, green, elongate (Cucumis sativus)",80,g
c124712b-bd00-4c69-8d1f-d8342091f53c,BFP570,UK-17-367,Salt,0.125,tsp
c12e67dd-54f2-402d-a710-1e1de96d8d45,ASC088,UK-17-661,"Butter, unsalted",1,tsp
c1307c4a-22e2-44a7-b4d1-fe1c66d8deaf,ASC436,E033,"Lemon, juice (Citrus limon)",0.5,tsp
c137cccd-e7a4-40ac-9b63-fb2526c01357,BFP174,G008,"Chillies, green - all varieties (Capsicum annum)",3.33,g
c13a4bc3-0d9d-496d-be68-fcd063cc2435,OSR112,UK-17-377,"Water, distilled",1.75,C
c148bed1-671b-454d-b817-b1f3c0a196ca,BFP118,UK-17-367,Salt,0.167,tsp
c15eaa98-afaf-4dae-a871-cb1bbdba9f59,ASC186,G017,"Onion, big (Allium cepa)",30,g
c168df86-c2a2-4ae6-b492-073f83de9abe,OSR075,UK-11-1045,"Flour, corn",1,tsp
c1696a76-1d20-476c-a3ef-10c6ab4a9db0,OSR141,UK-13-074,"Beans, chick peas, Kabuli, whole, dried, raw",250,g
c17018c9-f754-4e5a-bf6d-dc21e76a2aa9,ASC158,UK-17-377,"Water, distilled",1,C
c1768482-2997-4445-a846-8f4f2b46310b,BFP561,UK-11-896,"Flour, gram",50,g
c17bb10c-312a-4a60-945d-98ed067c02de,ASC359,UK-13-873,Chilli powder,0.25,tsp
c180eec5-5819-4db5-8622-80649becc0f4,OSR114,G025,Cumin seeds (Cuminum cyminum),1,tsp
c18306f1-4095-41b3-8f72-b5187e42639c,ASC148,B003,"Black gram, dal (Phaseolus mungo)",20,g
c1844d9d-dcc7-4e3c-b640-de14f0f01d22,ASC425,M001,"Egg, poultry, whole, raw",150,g
c1902d36-e6ae-4fae-9fb1-f2604c666d0e,ASC299,H001,Almond (Prunus amygdalus),0.66,g
c192d8e6-c0eb-4418-8aae-544530adfbf3,ASC320,M001,"Egg, poultry, whole, raw",50,g
c193194c-777e-4ebd-a2ec-a4dff020893c,BFP536,UK-12-332,"Cream, fresh, single",125,g
c1960908-6664-4ce0-90bb-6273aff8d07a,ASC256,M001,"Egg, poultry, whole, raw",50,g
c196d884-fb34-4cea-8f07-3e1376dbb428,BFP090,UK-18-304,"Chicken, whole, corn-fed, raw, meat and skin, weighed with bone",150,g
c19901e8-3189-476c-b86d-b7589cfc151c,ASC199,UK-13-873,Chilli powder,0.25,tsp
c1a4bca3-96d5-481d-abfe-ca87780d3890,ASC353,UK-17-045,"Oil, sunflower",0.5,tsp
c1a5f12f-19fb-47f4-b87f-e9249ed4804b,BFP406,US-851134,"MIXED NUTS CASHEWS, ALMONDS, HAZELNUTS, PISTACHIOS, PECANS, MIXED NUTS",10,g
c1a90a8b-b1eb-4e3b-b25b-bc33002d6a6c,BFP122,J001,"Button mushroom, fresh (Agaricus sp.)",80,g
c1ac7627-2f1f-446d-ae1b-4fb961c82f19,BFP459,F002,"Carrot, orange (Daucus carota)",10,g
c1bd62f9-f71b-4d08-8be7-8b8c3721596d,ASC363,UK-13-829,Garam masala,0.25,tsp
c1bf1862-dcdf-4c33-b10c-6ab2e63c7d79,ASC183,G008,"Chillies, green - all varieties (Capsicum annum)",3.33,g
c1c38502-a889-4294-b874-a3fe8de58f54,ASC082,UK-11-1145,"Bread, white, average",7.5,g
c1c9c404-4804-4859-81c2-7e4e491a7c64,BFP059,UK-18-304,"Chicken, whole, corn-fed, raw, meat and skin, weighed with bone",150,g
c1d06902-21ae-497d-85ca-2709c031b252,ASC199,UK-13-829,Garam masala,0.25,tsp
c1d119e5-a8e3-431d-9e12-86f9fd2ee881,BFP220,UK-17-721,"Soy sauce, light and dark varieties",0.5,tbsp
c1d3ff8d-3a5e-4f1b-928b-a2258a12bfda,BFP002,UK-13-829,Garam masala,10,g
c1df1af9-5a42-4112-9797-50b38c125d8a,ASC081,G031,"Pepper, black (Piper nigrum)",0.5,tsp
c1e14c83-10d2-4cfc-94ce-456150f34fec,ASC163,UK-17-367,Salt,0.5,tsp
c1e4bf4e-b51f-4d2c-8c3a-781629df029b,ASC125,L002,"Milk, whole, Cow",0.5,tbsp
c1e7e634-36b6-4fad-88a2-9960befc5dbe,ASC110,B003,"Black gram, dal (Phaseolus mungo)",15,g
c1f223dc-4ae1-4cb0-8190-ecf3ae508143,ASC383,D033,"Capsicum, green (Capsicum annuum)",15,g
c1f47534-ac86-47d3-8532-b5363e34b944,BFP205,G014,"Ginger, fresh (Zingiber officinale)",10,g
c1fcc3aa-329a-4296-aa9e-c1b1555e6fd3,ASC220,UK-13-832,"Ginger, ground",0.125,tsp
c1fecc32-6c9e-4cbd-8520-09d259698eeb,BFP042,G017,"Onion, big (Allium cepa)",30,g
c201096b-c4e2-4108-a39f-2c12cd43c144,ASC093,UK-17-727,"Stock cubes, vegetable",1,C
c20a03df-6912-4a38-bc8a-9633312eaaeb,OSR091,G008,"Chillies, green - all varieties (Capsicum annum)",16.6,g
c218b8ad-1185-43ad-af04-d88cbd6aded6,ASC030,UK-17-811,"Mint sauce, homemade",0.5,tbsp
c22671e2-142b-4047-b8ae-a5f2ed153e87,ASC133,UK-17-661,"Butter, unsalted",2,tsp
c22748ea-b19e-4e76-a165-4a3ac220d04c,BFP585,E047,"Orange, pulp (Citrus aurantium)",1000,g
c229751b-7a89-41e2-911c-aa0aa1478993,BFP206,G017,"Onion, big (Allium cepa)",30,g
c22a1606-0e85-45e3-a335-8969686dad72,BFP485,UK-17-377,"Water, distilled",0.5,tbsp
c234f677-f586-4a39-8346-6cd101ef3e6a,ASC111,UK-17-640,"Ghee, butter",1,tsp
c23df904-f393-4beb-bb18-943f776c924c,BFP431,D061,"Peas, fresh (Pisum sativum)",50,g
c24066a3-5846-45b1-a01a-0b28bce4a378,BFP397,L002,"Milk, whole, Cow",250,ml
c24b3b16-bde9-4bc7-9944-6e2dcd12bc04,ASC103,UK-17-377,"Water, distilled",4,tbsp
c24d5229-c649-4241-97cf-c6624aced65f,ASC203,UK-17-045,"Oil, sunflower",1,tbsp
c2567bd1-096a-435c-81bf-4b3ba42b978d,BFP531,UK-17-367,Salt,0.25,tsp
c258fd66-8bd6-43b8-906b-75065e5cc63e,ASC087,UK-17-367,Salt,0.25,tsp
c266e22c-2a00-409b-9ab7-423d98ec37fb,ASC223,H005,Cashew nut (Anacardium occidentale),0.5,tsp
c279211c-d58b-4822-b2b6-db308ae64968,ASC140,UK-17-661,"Butter, unsalted",1,tbsp
c279b97e-5808-4001-8b6a-4c4335576ade,ASC098,F006,"Potato, brown skin, big (Solanum tuberosum)",80,g
c27a1880-e577-455f-984e-110eef2aef4e,ASC120,F002,"Carrot, orange (Daucus carota)",50,g
c283ee34-d739-4764-bdd8-5e22fc5089fe,ASC228,G014,"Ginger, fresh (Zingiber officinale)",6.33,g
c2842533-3cbb-4bb8-bf41-a6608e072a53,BFP321,G025,Cumin seeds (Cuminum cyminum),0.33,tsp
c288e9dc-7948-48f9-9379-e12c5e8bffbf,ASC038,UK-17-062,"Sugar, icing",1,tsp
c290ee62-37d2-49c7-aa4c-c0ebc16c1aa1,BFP510,UK-17-661,"Butter, unsalted",15,g
c2919aeb-1017-42da-ac09-428a319052fd,ASC254,F002,"Carrot, orange (Daucus carota)",25,g
c29a3490-bf1f-4c48-9072-116a7ab90c09,ASC214,UK-17-367,Salt,1,tsp
c29aa7b9-05d0-43af-a314-1f4eff86c745,BFP312,G031,"Pepper, black (Piper nigrum)",0.25,tsp
c2aaedf5-f9eb-4161-9c40-1517805a685a,ASC101,G009,Coriander leaves (Coriandrum sativum),1,sprig
c2ab3d02-edb6-49d4-acae-a0759dd42acf,BFP580,UK-17-367,Salt,0.25,tsp
c2afce88-0ce6-471c-8d7b-b419f26c49d2,ASC246,UK-13-874,"Cinnamon, ground",2.5,g
c2b9cfaa-7258-423e-a58e-42fc9e4ba578,BFP569,UK-11-898,"Flour, soya",10,g
c2beeff6-0722-4d14-9e08-23c4722c0b8d,ASC160,D075,"Tomato, ripe, hybrid (Solanum lycopersicum)",50,g
c2c1220a-79b9-4a85-9148-b7a1a12b7cab,BFP516,UK-17-661,"Butter, unsalted",15,g
c2c570ad-935f-46cf-9420-4477a7f38171,BFP152,UK-17-045,"Oil, sunflower",3,tsp
c2d49643-0742-4fde-a5d0-38dcd35cfc2f,BFP355,UK-14-197,"Pears, canned in juice, whole contents",80,g
c2d6df4b-7a87-496e-89fd-93dfc848312d,OSR078,UK-17-038,"Oil, olive",2,tbsp
c2d7ff60-1c6c-49ca-9883-6b82f0e2c01a,ASC359,UK-17-377,"Water, distilled",4,tbsp
c2dbc78a-a210-4c83-9ab2-d0dffe4ba9dc,ASC469,UK-17-367,Salt,0.5,tsp
c2ddc103-6398-471c-9945-97309ab3a3c5,OSR087,G017,"Onion, big (Allium cepa)",33,g
c2de57c5-32bc-4d0a-b95b-24dc6af842c3,OSR156,C028,Parsley (Petroselinum crispum),0.5,tsp
c2e708be-04cf-4ba1-a85f-595f744dbd43,ASC124,UK-17-377,"Water, distilled",160,g
c2ee91f7-1e0f-4fe8-a599-c8baea624ca4,BFP148,A014,"Rice, parboiled, milled (Oryza sativa )",50,g
c2f50362-8c59-4581-a30d-398f0a63eff9,BFP289,UK-17-661,"Butter, unsalted",1,tsp
c3028468-5011-4f9f-82c8-d37a2390ed93,ASC356,C020,Fenugreek leaves (Trigonella foenum graecum),40,g
c3035edc-01b4-4f0d-8f1b-5bbea13ad3ba,ASC361,F006,"Potato, brown skin, big (Solanum tuberosum)",150,g
c304c858-f4d7-4090-b35b-fbcd5f4453b5,ASC202,G014,"Ginger, fresh (Zingiber officinale)",5,g
c306e609-5857-4064-ba05-057da45514b1,ASC219,G012,"Garlic, small clove (Allium sativum)",0.63,g
c31a6374-2b01-4e9b-91b9-19a02da3aac8,BFP261,G031,"Pepper, black (Piper nigrum)",0.25,tsp
c31d5baf-2f99-491c-abba-609824f13596,ASC010,UK-13-874,"Cinnamon, ground",0.75,tsp
c320f0cb-190f-40dc-a0c4-9c76eadfa78f,BFP079,A018,"Wheat flour, refined (Triticum aestivum)",10,g
c32522a2-2726-4857-8912-21ef26e0a4a0,ASC439,L002,"Milk, whole, Cow",1,tsp
c32f21e1-69a7-4575-8aec-658623b8fd6b,BFP258,G014,"Ginger, fresh (Zingiber officinale)",10,g
c3320cf7-218c-46fb-8b3d-af31f25cb839,BFP421,G012,"Garlic, small clove (Allium sativum)",1.25,g
c3339795-c833-4a96-90d1-1f24f4d1da7d,BFP512,A022,"Wheat, semolina (Triticum aestivum)",10,g
c33a8534-aaee-495f-bf99-792e6da21a82,BFP047,UK-17-377,"Water, distilled",30,ml
c33b24c5-02fb-4824-8912-a337f4c5078a,ASC080,G031,"Pepper, black (Piper nigrum)",0.125,tsp
c34e2498-1e50-48d6-bd1f-3a241f78f45b,OSR067,UK-13-882,"Rosemary, dried",0.5,tsp
c34ebff5-ecbf-4483-8102-eb48b02be176,ASC136,UK-17-661,"Butter, unsalted",1,tsp
c35441d3-1dbb-4a83-a819-d8b6906de7d3,BFP155,UK-11-716,"Pasta, white, dried, raw",40,g
c3618dd0-d900-49f4-a3e3-2d0a80d61412,ASC457,B025,"Soya bean, white (Glycine max)",50,g
c3629f73-8772-4e49-bdc3-363196289f17,ASC046,UK-13-352,"Spring onions, bulbs and tops, raw",20,g
c363d043-bc04-4651-b67c-d97d22e84f79,BFP196,G024,Coriander seeds (Coriandrum sativum),0.5,tsp
c366f5ee-db5c-4c7c-a5e8-3f089c387d43,BFP150,B003,"Black gram, dal (Phaseolus mungo)",1,tsp
c376627a-87ec-45a9-8463-80ef31227350,ASC422,G014,"Ginger, fresh (Zingiber officinale)",10,g
c37d3c09-5a23-4a67-80b4-cd6250c3868c,OSR074,UK-13-829,Garam masala,0.75,tsp
c38af8ff-3f5d-4e7a-b98f-1dc1e65d7426,BFP143,UK-17-377,"Water, distilled",120,ml
c38e2464-9bdb-4eac-98a2-b7659db63b88,BFP291,UK-17-045,"Oil, sunflower",1,C
c39d6e18-5137-48cb-83ac-18e8219e9e4f,BFP397,H018,Pistachio nuts (Pistacla vera),1.12,g
c39f0e3d-6b89-49b0-a141-28b4bfaae0ef,BFP002,G025,Cumin seeds (Cuminum cyminum),40,g
c3a10656-0a34-438b-921e-031fbffdf99f,ASC017,UK-17-063,"Sugar, white",1,tbsp
c3a1fe40-4c98-4a95-b2b1-d95742ac66c1,ASC333,UK-17-661,"Butter, unsalted",12,g
c3a34e27-926c-4911-b041-3bc738df92cb,ASC109,C020,Fenugreek leaves (Trigonella foenum graecum),25,g
c3bbad00-7daa-4288-883f-d2e709fa40a8,BFP386,UK-17-377,"Water, distilled",1,tbsp
c3c240f3-50c2-4768-8f62-790a3f0cfad5,ASC258,UK-13-074,"Beans, chick peas, Kabuli, whole, dried, raw",15,g
c3cc97c9-54b5-479e-829c-26f0a1ad3d3d,OSR092,G031,"Pepper, black (Piper nigrum)",0.5,tsp
c3cca527-e367-4500-8e55-facbd002458c,BFP541,UK-12-333,"Cream, fresh, whipping",100,ml
c3cfae1b-47c1-49c0-b40e-6c8bcb60e4a0,BFP300,UK-13-352,"Spring onions, bulbs and tops, raw",30,g
c3d22030-9160-4977-b631-8f6b0ddc5b1e,ASC264,E033,"Lemon, juice (Citrus limon)",1,tsp
c3ded9d3-5e72-4094-a241-bf4fd5ac1ff4,ASC377,L003,Paneer,30,g
c3e76620-d60b-431e-a3b3-937423743bf1,OSR074,G014,"Ginger, fresh (Zingiber officinale)",0.625,tsp
c3e7c0b5-8a03-4fae-9814-e096b8f5c6c8,BFP082,UK-17-661,"Butter, unsalted",12,g
c3ee77a2-7ef4-44d9-83e9-2ea9d672096d,OSR034,UK-17-661,"Butter, unsalted",6,tsp
c3f090a2-c37a-4d50-8c6b-753b63a805f6,ASC086,UK-17-661,"Butter, unsalted",2,tsp
c3f51b57-97f9-441c-8778-194efb468c6a,ASC170,D075,"Tomato, ripe, hybrid (Solanum lycopersicum)",50,g
c3fbec52-eb0c-4cac-b247-b25ab6cda5be,BFP196,UK-13-873,Chilli powder,0.125,tsp
c3fd7cf9-3b1a-4587-8781-3d2683d0359c,BFP390,ANN-ING-0037,Food colour,0.5,tsp
c406c257-7cfe-4f6e-83cd-0cddbaa1e4ce,BFP440,UK-11-896,"Flour, gram",60,g
c4092fc5-7a67-431a-b440-053fbd3e4af4,ASC505,UK-17-377,"Water, distilled",1000,ml
c40998b5-33df-44ee-b8c9-3ccfbee72272,ASC411,G017,"Onion, big (Allium cepa)",15,g
c41d49f9-878b-49a6-b90d-f0c2d28cccdd,OSR132,UK-12-332,"Cream, fresh, single",1,tbsp
c421811c-a38b-45e8-800d-a547a85980c8,BFP042,G008,"Chillies, green - all varieties (Capsicum annum)",1.67,g
c4335738-c596-4b65-9f9c-2870a5036eaf,ASC240,UK-13-806,"Bay leaf, dried",0.4,g
c4362f58-b8c5-4cda-9604-2fe4d7704676,BFP141,G032,Poppy seeds (Papaver somniferum),0.25,tsp
c4389b9d-1990-4b3f-9fe3-0cc895350b37,ASC230,G031,"Pepper, black (Piper nigrum)",0.25,tsp
c43a7a67-1e6f-460b-9dde-69024ad458d6,BFP359,UK-17-063,"Sugar, white",10,g
c43c0d94-d1c5-4fe2-941b-499f6b695b85,BFP222,UK-13-829,Garam masala,0.25,tsp
c43d2283-8639-4b31-8954-4927a3325c93,BFP201,UK-17-045,"Oil, sunflower",10,g
c43dffba-cc56-49c6-a511-e3995b002d3a,ASC310,UK-17-062,"Sugar, icing",2,tbsp
c445a11c-a812-45db-833f-789ce171af1e,ASC136,UK-11-1045,"Flour, corn",1,tsp
c445dc95-0c72-4386-adf0-8a6880902d99,BFP269,G033,Turmeric powder (Curcuma domestica),0.25,tsp
c4495a74-64da-43c2-bac2-f301ed67b400,BFP291,UK-17-045,"Oil, sunflower",1,tsp
c44db748-c0e8-4c1d-b72c-6a3d9f229201,BFP580,UK-13-873,Chilli powder,0.125,tsp
c4571124-2a65-473a-b823-2ad1747f8c76,BFP088,D043,"Cucumber, green, elongate (Cucumis sativus)",100,g
c46304ac-9f8d-4fe0-b59e-a1b753bb3f13,BFP565,UK-17-355,Baking powder,0.25,tsp
c470bf29-a9f7-4eed-8da2-01753ee49b99,BFP059,G017,"Onion, big (Allium cepa)",20,g
c47a06f6-4b06-4c72-a94e-4316600c0bfe,ASC047,L002,"Milk, whole, Cow",250,ml
c4801549-99ce-4106-8b39-dd9666d0f5b1,ASC115,G023,Cloves (Syzygium aromaticum),0.25,tsp
c481adad-4a22-4ebb-bdb6-b8eacaa4aac3,BFP210,UK-17-377,"Water, distilled",2,tbsp
c4851e62-caa4-4ecc-ada5-af07ff7090b3,ASC327,M002,"Egg, poultry, white, raw",34,g
c4884301-59f2-4dfc-a556-f54c3ddabebc,BFP310,E033,"Lemon, juice (Citrus limon)",2,tsp
c48862cd-9221-4d36-9eb6-9f1507d95892,ASC064,UK-17-045,"Oil, sunflower",3,tsp
c49227b3-92ac-4bee-90e1-195cae09a65b,BFP273,G017,"Onion, big (Allium cepa)",50,g
c49928be-0e2a-40aa-8c52-43a69efcf5b7,BFP479,UK-14-130,"Lemons, flesh only, raw, weighed with peel and pips",15,g
c4a03562-3a48-4502-b463-d3e866e68164,ASC236,UK-14-130,"Lemons, flesh only, raw, weighed with peel and pips",17.5,g
c4ade01c-04be-4774-94a6-52c7a2c4998e,BFP090,G020,"Cardamom, green (Elettaria cardamomum)",0.5,tsp
c4aef0e3-1eaf-4f2e-acfc-20d15ea9cf39,BFP539,UK-17-367,Salt,0.5,tsp
c4b312e8-e1d5-452f-b33a-99f80666421c,BFP356,H012,Ground nut (Arachis hypogea),10,g
c4b32eda-9171-4093-8333-3ff2a34f6ce0,BFP249,D075,"Tomato, ripe, hybrid (Solanum lycopersicum)",50,g
c4b39d4c-d7c9-403c-8650-ee80db8c034c,ASC047,UK-17-377,"Water, distilled",0.5,C
c4b5af02-c76b-4396-a2af-536bc3de15bb,ASC513,G021,"Cardamom, black (Elettaria cardamomum)",3.75,g
c4b8b836-2386-4757-8e1b-3ac839705f31,BFP230,Q007,"Tiger prawns, brown (Solenocera crassicornis)",150,g
c4c6ef97-560f-423d-bdf9-30f493dde8a1,BFP288,C028,Parsley (Petroselinum crispum),1,sprig
c4c834f7-9f08-4e8f-ac9f-b55840a992f6,OSR006,UK-17-377,"Water, distilled",1,C
c4e1748d-e7d2-4f8c-9bc8-501ebcdf0ef6,ASC247,UK-13-829,Garam masala,0.25,tsp
c4e8ccee-85ea-4797-83e9-9abafbc2e353,OSR075,G014,"Ginger, fresh (Zingiber officinale)",0.25,tsp
c4eb7ba3-e0c8-4d0e-b245-4805b175e2bc,ASC432,H006,"Coconut, kernal, dry (Cocos nucifera)",25,g
c4f038da-f65d-4457-96fa-8b8c7a58152a,ASC258,UK-14-130,"Lemons, flesh only, raw, weighed with peel and pips",17.5,g
c4f0c9de-5179-4182-ac7c-f67488c6325e,ASC315,M001,"Egg, poultry, whole, raw",50,g
c4fa9d87-e49f-4dce-8cb7-5d6db891d33f,BFP294,F006,"Potato, brown skin, big (Solanum tuberosum)",80,g
c4fd4d84-9960-4ab4-9c64-e2aac1188aed,ASC093,UK-17-045,"Oil, sunflower",1,tsp
c50b1a54-8cc1-4750-957e-3db90a1189e7,ASC490,UK-17-661,"Butter, unsalted",5,g
c50c6e11-44e1-4ff3-9a92-d126b25c0136,ASC153,B001,"Bengal gram, dal (Cicer arietinum)",30,g
c50e7c63-a2e5-45cc-ac03-508d0755d206,BFP516,A018,"Wheat flour, refined (Triticum aestivum)",10,g
c512a1ff-9dd4-427e-924f-1233b4971ed2,ASC212,UK-17-661,"Butter, unsalted",1,tbsp
c5143a66-a6d4-4ddd-af7e-fb03314208bd,BFP306,H021,Walnut (Juglans regia),2.5,g
c5188373-6191-4867-824b-e23670766655,ASC278,UK-12-184,"Yogurt, whole milk, plain",100,g
c518acf0-96fc-473a-80a0-fe61928dcfe9,ASC401,UK-17-661,"Butter, unsalted",50,g
c52d4c6d-1b24-43a1-b0ff-d5b11e7854d4,OSR030,L003,Paneer,246,g
c5334355-7718-4fe0-b927-da56ed556a72,ASC210,UK-17-661,"Butter, unsalted",1,tbsp
c53a6ae4-384b-493b-af22-9ae991e80c81,ASC480,F002,"Carrot, orange (Daucus carota)",25,g
c53c116d-2ff3-4200-8179-4a967ef1c769,OSR043,US-395417,PITTED BLACK OLIVES,33.75,g
c53e5618-2150-4347-8ac0-3873d95c763d,BFP392,UK-17-063,"Sugar, white",150,g
c5406103-51cc-464a-a4e5-8a43b00fa2b0,BFP274,G014,"Ginger, fresh (Zingiber officinale)",5,g
c542027c-ae16-4879-808f-daf8a08ea05e,ASC411,G031,"Pepper, black (Piper nigrum)",0.25,tsp
c5425c7f-9431-48e1-81ee-f300a1b5624c,ASC414,M001,"Egg, poultry, whole, raw",100,g
c54f4de7-802a-4d48-a67e-06542ba522d1,ASC205,UK-13-829,Garam masala,0.25,tsp
c5572532-cf2e-48b6-b9c9-6c1d011bef7f,BFP338,G020,"Cardamom, green (Elettaria cardamomum)",0.25,tsp
c56037e7-1ccc-458f-b689-15b51ac0608e,OSR142,G019,Asafoetida (Ferula assa-foetida),0.25,tsp
c5689b55-f537-4454-a4cf-57a25ac15d68,ASC169,US-400113,"SIVA'S, AMHUR POWDER (DRY MANGO POWDER)",0.5,tsp
c56f8a2b-2fe2-4524-a072-0ed5deab5ef9,OSR112,D036,Cauliflower (Brassica oleracea var. botrytis),125,g
c57375e5-189f-4c3d-96c3-cfb4d6819e37,OSR156,UK-13-873,Chilli powder,0.25,tsp
c57ae4ba-3c59-49e0-bf59-2bb34d7e7d75,ASC509,D057,"Mango, green, raw (Mangifera indica)",166.67,g
c57dbf63-cbfa-4f7f-a22e-32d9ededa644,BFP278,UK-13-519,"Tomatoes, cherry, raw",20,g
c58435fb-6566-4a7c-9767-3b245b3414e4,BFP206,UK-17-367,Salt,0.17,tsp
c588e113-8d7a-44e6-8f5b-08511101a01c,OSR114,G019,Asafoetida (Ferula assa-foetida),0.25,tsp
c593a823-d23b-49b4-9eb7-e824693511bb,BFP205,G021,"Cardamom, black (Elettaria cardamomum)",0.25,tsp
c59a6a43-3557-4871-a5d7-7934d53afc60,ASC504,ANN-ING-0048,Citric Acid,4,g
c5a63c23-1953-44ba-a802-8bc12342317a,ASC446,UK-17-661,"Butter, unsalted",25,g
c5a990ce-2bbe-4538-a000-aa9eca03579d,OSR107,UK-17-640,"Ghee, butter",1,tbsp
c5cdaee0-4eeb-4d64-a288-adb9b9f1eafd,BFP214,UK-17-367,Salt,0.5,tsp
c5cf44eb-e10c-4c78-ade4-b37b92864393,BFP230,G031,"Pepper, black (Piper nigrum)",0.625,tsp
c5d4d9a9-a0d9-487e-abeb-04455d3f9f37,ASC247,UK-13-873,Chilli powder,0.125,tsp
c5d8684f-098e-4d43-915a-2242b3a6945e,ASC317,UK-17-062,"Sugar, icing",2,tsp
c5da8c24-0487-4f78-b038-f366b62b02ad,OSR146,G033,Turmeric powder (Curcuma domestica),0.25,tsp
c5dfe9e0-e079-40d0-8060-9dc8c8e4ba0b,ASC396,UK-17-377,"Water, distilled",2.5,tsp
c5e430b9-88ef-4ee6-8c1c-d13a889fd675,ASC395,UK-17-661,"Butter, unsalted",30,g
c5f8d96b-87db-4fc2-b8dd-44a14a40c6e4,OSR097,G023,Cloves (Syzygium aromaticum),6,g
c6069491-74da-4d4a-8a5c-f3c5df362cf6,BFP274,UK-13-829,Garam masala,0.25,tsp
c60d8f28-8c9d-4402-a41d-444d65a10a2f,ASC507,G026,Fenugreek seeds (Trigonella foenum graecum),25,g
c6116057-eb92-47ef-a882-e2b9aaca9490,BFP031,UK-17-377,"Water, distilled",960,ml
c62a300b-9941-4d3f-a7c1-037c2fe42495,OSR139,G009,Coriander leaves (Coriandrum sativum),2,tbsp
c62fd608-6ae6-4685-bf5c-f513a93d1cb3,ASC206,G009,Coriander leaves (Coriandrum sativum),1,sprig
c62fd625-fb10-46ad-955b-223b480f2a7e,BFP495,US-173471,Vanilla extract,0.5,tsp
c630b055-77dd-483e-acca-87965408338b,ASC446,UK-12-545,Cocoa powder,1.5,tsp
c632e205-e12a-4cdb-8006-1b0f44f97052,BFP125,G031,"Pepper, black (Piper nigrum)",0.25,tsp
c6398b77-9a38-42de-befe-66f77e76b4b0,OSR115,UK-17-045,"Oil, sunflower",1,tsp
c63ad1b8-ea5b-4ede-b7d4-79bc3e664602,BFP293,UK-17-661,"Butter, unsalted",10,g
c63dacee-1ef2-4af8-9bf9-c38d70b555fa,OSR066,UK-17-367,Salt,0.5,tsp
c642d35b-07df-48b9-8a70-da44424147a0,BFP158,UK-11-1145,"Bread, white, average",30,g
c644e1fc-f4f5-434f-b4cd-cc07aefac2b8,BFP194,UK-12-332,"Cream, fresh, single",20,g
c64645bc-7841-4b0c-88be-8bb35b4a63cc,ASC035,UK-17-661,"Butter, unsalted",10,g
c64730b5-0cde-44ab-a77e-a83cdcce1aef,BFP198,G014,"Ginger, fresh (Zingiber officinale)",10,g
c64d331b-379d-456c-b9dc-918bacfbf7cd,ASC225,L003,Paneer,50,g
c64f6a27-dc8a-4d3d-8487-2f07edf7bcef,ASC430,US-173471,Vanilla extract,0.5,tsp
c65577a8-58bd-4861-9dfc-67fb0dafc418,BFP396,UK-17-062,"Sugar, icing",25,g
c65e82d9-924e-4897-b9f4-fd173585301e,BFP506,A018,"Wheat flour, refined (Triticum aestivum)",30,g
c65f7d14-c367-422c-9b26-cf17ebc3ff0e,OSR113,UK-11-021,"Flour, rice",360,g
c6615d76-4365-4747-b500-933a04bf0403,ASC396,M001,"Egg, poultry, whole, raw",50,g
c66a41d9-1fbd-4323-8278-beb0bf3eb187,ASC177,D031,Brinjal - all varieties (Solanum melongena),200,g
c66a73fa-7490-4fb6-a359-202659f3a91b,ASC137,UK-17-377,"Water, distilled",0.25,C
c66ba7d5-7ba4-4959-af49-5a30bba1a92f,BFP280,UK-17-045,"Oil, sunflower",1,tbsp
c67292e9-21d6-4697-ad22-da51cba973b9,ASC212,L002,"Milk, whole, Cow",30,ml
c68a4f11-98aa-43ab-87ae-5b66bce1d01a,ASC012,G016,Mint leaves (Mentha spicata ),2.5,sprig
c6952955-10e6-4f89-8198-61c0934f30c5,OSR123,UK-17-640,"Ghee, butter",3,tbsp
c69a9a22-7e33-42b5-a318-80cda844cbe0,ASC424,UK-17-355,Baking powder,1.25,tsp
c69d07d5-3285-47f0-8adf-331db3968ed9,BFP274,G033,Turmeric powder (Curcuma domestica),0.25,tsp
c69f205f-caec-4a0e-b664-b74c5ee2e233,BFP262,UK-17-367,Salt,0.17,tsp
c6a3d46d-ad0d-4fcc-9fab-0054fee6864e,BFP509,UK-17-355,Baking powder,0.17,tsp
c6b25634-e029-4fc0-aa26-12d76549a6e6,ASC143,UK-17-045,"Oil, sunflower",480,ml
c6b40ec8-124c-4df3-bb9a-6de0aeebd59a,BFP325,UK-17-367,Salt,0.17,tsp
c6bee72f-fe4f-4b19-b1ab-9b7582ca2ccf,OSR050,US-503149,BALSAMIC VINEGAR,127.5,g
c6c32a86-f137-4cd4-8ee7-362b27d4ff9e,ASC441,UK-17-661,"Butter, unsalted",25,g
c6cc34bc-9114-468c-a42b-686a330b222f,ASC066,E033,"Lemon, juice (Citrus limon)",0.5,tsp
c6cdd44a-37e7-48e4-8e96-a2b206a5cb0a,ASC183,H013,Mustard seeds (Brassica nigra),0.25,tsp
c6d23c55-b194-49f5-a408-fdd049ea2b9e,BFP008,L002,"Milk, whole, Cow",30,ml
c6d50a5c-ef30-468e-91e5-43c2515e3591,BFP015,UK-17-063,"Sugar, white",30,g
c6d5debe-2ec6-4d90-862f-ee083cd005e5,ASC198,G033,Turmeric powder (Curcuma domestica),0.25,tsp
c6e9be08-e0ac-4339-a590-015a7009f512,OSR113,B001,"Bengal gram, dal (Cicer arietinum)",150,g
c6f13b8a-f73e-4b53-afd1-30645886824e,OSR074,D033,"Capsicum, green (Capsicum annuum)",16.67,g
c709953d-4979-4d8d-b05e-7976522d17ef,OSR108,UK-17-640,"Ghee, butter",0.1,tsp
c70fcd8b-357e-4af2-b82b-b8a8e0aab1d7,ASC032,C015,"Cabbage, green (Brassica oleracea var. capitata f. alba)",25,g
c7125198-7d06-4cd2-9aed-d6a802a1962e,BFP246,G017,"Onion, big (Allium cepa)",30,g
c712fa04-517c-4318-954a-330fb7609c5a,ASC216,G033,Turmeric powder (Curcuma domestica),0.25,tsp
c734edc2-ad84-4d05-95ad-23a9265ae207,BFP089,UK-17-661,"Butter, unsalted",5,g
c73535b0-9071-44af-a4ed-54f3d636f71f,BFP222,UK-13-873,Chilli powder,0.25,tsp
c7388c83-5eb2-4dda-a16a-467ce59a0ddb,OSR077,UK-17-045,"Oil, sunflower",3,tbsp
c73fe8dd-1c31-4954-9113-eb24d285a8c4,OSR097,US-384277,STAR ANISE,2,g
c742bbba-0fb9-4621-9396-b7e52462e445,BFP388,A018,"Wheat flour, refined (Triticum aestivum)",0.5,tbsp
c7473ac6-3002-461f-9a0a-b44cf112e00c,BFP246,UK-17-045,"Oil, sunflower",5,g
c74fcd8d-3eed-41a6-a3ed-7c4c979ba3e4,ASC036,UK-17-661,"Butter, unsalted",10,g
c7500809-b7b7-433c-9b58-7adb4863f687,ASC328,L002,"Milk, whole, Cow",0.5,tbsp
c7595e82-3c37-47d8-9b99-b24a81b0f580,ASC376,UK-17-045,"Oil, sunflower",2,tbsp
c75bf097-55e3-4f94-930d-4d084d48108e,ASC139,UK-17-377,"Water, distilled",0.25,C
c760ddfe-4073-4820-b929-392b8bfb138d,OSR112,UK-17-367,Salt,0.5,tsp
c77cd1e5-c0fb-428f-abec-d5553e6ecaf7,OSR126,UK-17-062,"Sugar, icing",0.5,tsp
c77d8f0a-2bbd-49dd-8596-97d3ac82dfb1,ASC075,A018,"Wheat flour, refined (Triticum aestivum)",2,tbsp
c77e73e9-015d-4eba-9026-d509a05e72e2,ASC257,D061,"Peas, fresh (Pisum sativum)",50,g
c7808b0c-dd2e-40ce-8f49-4e8a112d69bf,ASC424,M002,"Egg, poultry, white, raw",68,g
c7868bd2-2385-40f1-87eb-0e9f1457ab93,BFP536,UK-17-367,Salt,0.5,tsp
c78a2cca-2394-4cdb-9290-d586bc472937,ASC168,UK-13-873,Chilli powder,0.125,tsp
c78cb41d-d2cd-428f-9e3d-f989f695de6f,ASC032,UK-17-661,"Butter, unsalted",20,g
c7a5b935-21f1-43bb-8431-6e092e948148,ASC207,UK-13-829,Garam masala,0.25,tsp
c7b4bb6f-68d6-4d32-9ecd-bd497eef684d,BFP185,G012,"Garlic, small clove (Allium sativum)",0.63,g
c7b5e243-86d5-4b83-9312-f8b66350d3d3,BFP222,G014,"Ginger, fresh (Zingiber officinale)",10,g
c7b80a1c-267f-49e6-b7ed-7d627388d40a,ASC214,UK-13-873,Chilli powder,0.25,tsp
c7bfe3cc-443c-41a7-aa93-991cf3ff6042,ASC200,UK-12-184,"Yogurt, whole milk, plain",1,tbsp
c7c1c7b4-ce03-4a8f-b8e4-9a32646837ae,ASC225,US-170149,"Seeds, lotus seeds, dried",20,g
c7c22f71-5316-4497-a308-8384a2178eaf,BFP421,UK-17-377,"Water, distilled",45,ml
c7c44aaa-79d2-4c54-abdd-2d999b49b60e,ASC464,UK-17-045,"Oil, sunflower",2,C
c7cfd7ca-e55b-4902-95e9-4f326db03876,ASC224,UK-17-063,"Sugar, white",0.25,tsp
c7d67b39-51a7-4a30-aa29-5f0baf0c7c64,ASC367,A011,Rice flakes (Oryza sativa ),30,g
c7d7cfad-f342-4112-80c1-31b827c41b1d,ASC217,G014,"Ginger, fresh (Zingiber officinale)",6.33,g
c7e40776-70f8-421d-9cbb-bf7691366040,ASC408,A018,"Wheat flour, refined (Triticum aestivum)",40,g
c7e61d59-4ae3-40cc-963d-3e3121311a2e,BFP512,A018,"Wheat flour, refined (Triticum aestivum)",30,g
c7e85987-bead-493d-be6f-6a3f86fa5210,ASC316,ANN-ING-0011,Mango essence,0.25,tsp
c7f51a07-6557-47fd-a732-aac3d004a3f0,OSR005,G020,"Cardamom, green (Elettaria cardamomum)",3,tsp
c7f52aab-7362-4b86-aa72-240efa6bddfa,ASC151,B010,"Green gram, dal (Vigna radiata)",30,g
c7fd6fc9-c690-4769-945d-b3dd5c7bbf5b,BFP208,UK-17-377,"Water, distilled",1,tbsp
c806027b-dcba-458d-9376-06b121be10ae,BFP196,UK-13-873,Chilli powder,0.125,tsp
c8083c95-17a8-43a3-8fd5-deb2b8c60f58,ASC194,UK-13-873,Chilli powder,0.25,tsp
c809a3f7-7a20-4c07-a082-3cbc456fafe6,BFP185,D075,"Tomato, ripe, hybrid (Solanum lycopersicum)",50,g
c811b298-2514-4078-805e-5436179daa46,ASC342,A022,"Wheat, semolina (Triticum aestivum)",50,g
c814e345-4e13-4cf5-bcbc-f2a6c61d37bb,OSR050,D091,"LOTUS STEM, dry",400,g
c825c30e-5030-4aca-b78a-c9b7d33f3d53,ASC103,G009,Coriander leaves (Coriandrum sativum),1,sprig
c827b2a4-dd3a-45ae-91fc-8f58c550bb3f,BFP282,UK-17-367,Salt,0.17,tsp
c8462606-49bc-4a9c-8494-5ec26b91dd6a,ASC015,UK-17-377,"Water, distilled",30,ml
c85296f8-fab0-4346-8319-6bf6dfdb24f9,ASC141,UK-17-367,Salt,0.25,tsp
c85f9164-c9f0-427d-b29b-258033249694,ASC164,UK-13-873,Chilli powder,0.25,tsp
c8698560-28fb-47de-b7b2-6406d61458f1,ASC085,G017,"Onion, big (Allium cepa)",20,g
c86e8e73-93c3-4d70-9977-c95780f7f14c,ASC279,B003,"Black gram, dal (Phaseolus mungo)",50,g
c8721f6b-f4a3-4ff6-8c58-3e81a2f7f159,BFP187,L003,Paneer,20,g
c87b1a86-6a4e-47fd-a3a3-d4ed1d98de95,BFP046,UK-17-367,Salt,0.25,tsp
c87b83c4-4f68-4cdd-abb2-84b74250cf7d,BFP090,H013,Mustard seeds (Brassica nigra),0.25,tsp
c8870e05-d65f-420b-b7d1-c8b967f65166,OSR034,US-172225,"Milk, buttermilk, fluid, whole",122.5,g
c887e016-f15b-4855-8580-1f416c7ad10f,BFP301,D075,"Tomato, ripe, hybrid (Solanum lycopersicum)",30,g
c88de8a4-33ae-4794-be5a-ad31cb923c04,ASC168,G025,Cumin seeds (Cuminum cyminum),0.25,tsp
c8962102-9aa2-40f2-93b6-62a92964fbcd,OSR026,G020,"Cardamom, green (Elettaria cardamomum)",0.0003,tsp
c89d7783-da7a-4cd9-9e6d-ced8c29ab138,ASC183,G022,"Chillies, red (Capsicum annum)",3.33,g
c8a52676-02a4-414a-abef-86d9ce6c14fa,ASC458,A018,"Wheat flour, refined (Triticum aestivum)",30,g
c8a89f92-7bb2-4b20-ad62-649ec7177c0f,ASC204,G014,"Ginger, fresh (Zingiber officinale)",5,g
c8a99244-51cd-4016-9b33-ca4a6396a036,BFP226,P057,"Pomfret, white (Pampus argenteus)",100,g
c8b26568-a53b-43f0-bd38-fb5735e74559,OSR155,G033,Turmeric powder (Curcuma domestica),0.5,tsp
c8b28ccf-3f2d-48a5-8aec-ee0d78fccd75,ASC255,UK-13-881,"Pepper, white",0.125,tsp
c8b586a2-505e-4b40-ad4a-437e979ef4c5,BFP425,F006,"Potato, brown skin, big (Solanum tuberosum)",100,g
c8b6cc42-50f9-436f-a2c0-9878cdf8175c,BFP301,UK-13-352,"Spring onions, bulbs and tops, raw",60,g
c8bbaa03-cc45-47f2-bf7b-29ca9d7a03fb,ASC184,UK-17-367,Salt,0.25,tsp
c8bdb549-00c8-4775-b23b-16bc8c7b28d0,ASC304,L002,"Milk, whole, Cow",1,tbsp
c8c57ce0-0a52-4e39-8d2b-c410c619b6bc,ASC123,UK-13-874,"Cinnamon, ground",1.25,g
c8d9dda3-41f8-4cff-a732-7dfe7c3c6b78,BFP199,G024,Coriander seeds (Coriandrum sativum),1,tsp
c8e670e2-67db-427f-962b-09c738d81ebf,ASC452,UK-17-367,Salt,0.25,tsp
c8e720e1-db2f-448e-ba29-2e7439067fca,BFP382,ANN-ING-0030,LEMON ESSENCE,0.5,tsp
c8ed45d6-d738-4b12-b51e-9416a50863ea,ASC121,G021,"Cardamom, black (Elettaria cardamomum)",0.25,tsp
c8f44b54-42fa-4da6-bbd7-4095d52f6dda,ASC172,UK-17-045,"Oil, sunflower",1,tbsp
c8ffc9ee-bc01-42d5-940a-1151ef5b8408,ASC230,G012,"Garlic, small clove (Allium sativum)",2.2,g
c8ffe4ce-8cf0-4fac-a64d-3c8eaa67cc9b,ASC340,UK-17-063,"Sugar, white",35,g
c909ef05-94c0-4393-a1c7-76016f509a09,BFP425,G031,"Pepper, black (Piper nigrum)",0.125,tsp
c9150a6f-b453-458e-a38c-02a337d893ea,ASC138,UK-11-716,"Pasta, white, dried, raw",50,g
c9197359-8a88-449d-a2ab-98ae1ce5fd72,OSR057,D074,"Tomato, green (Solanum lycopersicum)",250,g
c91d51b8-7fba-4c69-9886-9270c561fac3,BFP576,UK-17-367,Salt,0.25,tsp
c9352baf-ca2c-49e8-bf17-7e32213396b4,ASC292,A014,"Rice, parboiled, milled (Oryza sativa )",20,g
c9455544-7038-418a-bf6c-14623e2d1f97,BFP328,G031,"Pepper, black (Piper nigrum)",0.25,tsp
c9466651-96e5-470b-899d-2293d2532706,BFP124,L002,"Milk, whole, Cow",60,ml
c948c5b9-6302-4896-8915-89723abb43a7,ASC270,UK-13-873,Chilli powder,0.125,tsp
c949ed99-f8ff-44c7-a9a4-e85ce71aa110,BFP466,UK-11-1145,"Bread, white, average",60,g
c94eb998-f23b-4e16-95e6-2dd01ecbebfa,BFP221,D033,"Capsicum, green (Capsicum annuum)",20,g
c94f545a-da31-4da0-ab2a-5f45b88ed45b,ASC515,D075,"Tomato, ripe, hybrid (Solanum lycopersicum)",5000,g
c958086c-cb14-4138-adfa-3f4f8b71d393,BFP110,UK-17-367,Salt,0.13,tsp
c95b0f47-307a-4132-a7ad-633ef70b7f54,BFP421,UK-17-367,Salt,0.25,tsp
c960f67e-c5f3-4c2a-a23b-22fbbc39c8fb,ASC433,E053,Pineapple (Ananas comosus),60,g
c967dc94-6f3d-4cdd-89b7-a03d3ed9c4dd,BFP522,UK-12-332,"Cream, fresh, single",30,g
c96b06bd-6463-4d91-9905-c6954f7680b3,BFP197,G021,"Cardamom, black (Elettaria cardamomum)",0.25,tsp
c96bd66a-fc11-407d-9c74-d1c9a29b8137,BFP508,M003,"Egg, poultry, yolk, raw",2,g
c96d2c50-43d4-4e1a-a492-32b2762c4b94,BFP542,UK-17-367,Salt,0.125,tsp
c97aa1d2-4e20-4557-835f-872c18b7d70b,ASC138,UK-13-878,"Oregano, dried, ground",0.25,tsp
c98c0c05-ff68-4da6-8e24-8d33c880c042,OSR038,UK-17-367,Salt,0.25,tsp
c99ae025-3628-468c-903c-590b926ee710,ASC123,G033,Turmeric powder (Curcuma domestica),0.25,tsp
c99b7648-a095-4cee-a7ce-cf1d21eca827,BFP150,G026,Fenugreek seeds (Trigonella foenum graecum),0.25,tsp
c99f5ddc-2e69-42f3-b2f0-bd163ad24a5f,ASC333,L002,"Milk, whole, Cow",0.25,C
c9a18625-3abb-4560-b052-391e4b519b33,ASC298,D066,"Pumpkin, orange, round (Cucurbita maxima)",100,g
c9a63108-304f-4c97-a7d6-6e80054f4b30,BFP172,UK-17-640,"Ghee, butter",5,g
c9a9f6a0-773d-426c-8f41-d129fa335507,ASC122,G032,Poppy seeds (Papaver somniferum),0.25,tsp
c9af5d46-2feb-4ada-af2a-1906e48b902e,BFP589,ANN-ING-0048,CITRIC ACID,25,g
c9b08505-f5de-4896-99fd-c73ac75db6ac,ASC016,L002,"Milk, whole, Cow",0.75,C
c9b24598-e95e-4ea7-b209-d10fe82f7f93,BFP141,A014,"Rice, parboiled, milled (Oryza sativa )",80,g
c9b31621-8d81-4db3-a790-2a4003d0f8d4,BFP351,UK-17-063,"Sugar, white",30,g
c9b45ed4-2c3d-4b88-b786-b42a806572d7,ASC251,UK-13-873,Chilli powder,0.25,tsp
c9b7650c-5162-4a9a-bebc-319139d8bfc2,BFP171,UK-17-377,"Water, distilled",0.5,C
c9beced8-6c05-4894-b1ff-b6dd6d4570ad,BFP444,G025,Cumin seeds (Cuminum cyminum),0.25,tsp
c9cc7546-171a-48c3-b862-15bc327077b2,ASC492,E001,"Apple, big (Malus domestica)",100,g
c9d046d8-a3fa-4517-8b23-2793f6fe5dba,ASC124,A014,"Rice, parboiled, milled (Oryza sativa )",80,g
c9d5fef0-0c90-4b98-bdea-15af68d4938f,BFP300,UK-17-367,Salt,0.17,tsp
c9da0548-8577-40bc-8907-b0cf08d2b83f,BFP199,G023,Cloves (Syzygium aromaticum),0.25,tsp
c9e285d7-11b3-4719-abc5-a9ddcd463d4f,BFP440,A022,"Wheat, semolina (Triticum aestivum)",15,g
c9efdad2-3908-4158-86a0-061923a52c9d,BFP266,UK-13-873,Chilli powder,0.25,tsp
c9f86e3d-23c0-4a3c-8905-3ab601fec27e,ASC266,UK-17-362,Mustard powder,0.25,tsp
ca14966f-2f83-4b4b-b062-fc4dbfa3f110,BFP270,D056,Ladies finger (Abelmoschus esculentus),80,g
ca1a4cff-420d-480f-9991-24c20ba2b13a,OSR119,E009,"Banana, ripe, montham (Musa x paradisiaca)",200,g
ca218030-f4ab-412a-9972-ead140bb1f45,OSR112,F002,"Carrot, orange (Daucus carota)",128,g
ca235f92-5e39-4535-b4be-38759a915918,OSR102,UK-17-367,Salt,0.5,tsp
ca377a09-c873-4a97-9eee-fb466fe615d0,OSR108,UK-17-377,"Water, distilled",0.3,C
ca3996b4-d0a9-4b6f-8300-d6b29f807cac,ASC249,G017,"Onion, big (Allium cepa)",60,g
ca3a4a56-9f93-4eb0-a43a-df06e1e1c54d,OSR019,UK-11-788,"Porridge oats, unfortified",50,g
ca3df1d5-3652-4727-998f-e06a66a772b0,ASC119,G023,Cloves (Syzygium aromaticum),0.25,tsp
ca4641a0-7952-4fc1-95da-db175b39d204,BFP214,UK-17-377,"Water, distilled",0.25,C
ca50eb48-b026-479a-bba1-8d61ed463405,BFP214,G025,Cumin seeds (Cuminum cyminum),0.25,tsp
ca5368f7-9482-4641-8417-b286b3ce38eb,OSR005,H005,Cashew nut (Anacardium occidentale),16.7,g
ca5504d5-b93b-42bb-843d-fe32a495bec5,BFP393,UK-17-377,"Water, distilled",100,ml
ca577c56-3540-4638-9c71-5f83aff105ae,OSR067,G012,"Garlic, small clove (Allium sativum)",1.25,g
ca581162-dfcf-42b6-9f5b-334f8d75f8ab,BFP223,US-172337,"Oil, mustard",15,ml
ca67aa97-ffc0-41ac-aaed-c868160cd6fb,BFP187,G017,"Onion, big (Allium cepa)",30,g
ca6b8a46-cf3b-4aa1-8742-9c771f475660,BFP356,UK-17-360,Gelatine,0.25,tsp
ca6ece4d-958b-474a-b84c-fe60b0ac563c,ASC505,UK-17-377,"Water, distilled",650,ml
ca70f017-303a-40fa-a97b-e795c9620cca,ASC081,M002,"Egg, poultry, white, raw",17,g
ca719bdf-70a1-4330-a54d-05530db4491b,BFP568,UK-17-045,"Oil, sunflower",240,ml
ca724ff4-f8c9-4929-bcab-4b665e4947ef,BFP365,UK-17-062,"Sugar, icing",15,g
ca7c34e7-3c7c-4506-8f59-c8b4b7783934,ASC153,D075,"Tomato, ripe, hybrid (Solanum lycopersicum)",30,g
ca7d6a6a-7302-490e-ab21-8bc463c93785,BFP095,UK-17-654,"Mayonnaise, standard, retail",150,g
ca83aa59-b9b7-4e05-8f2f-03678bfac26a,ASC038,UK-17-661,"Butter, unsalted",10,g
ca8cc8a4-663f-4359-92fa-78db097b305d,BFP440,UK-17-367,Salt,0.5,tsp
ca8dd1b7-9348-4cc0-ac33-166d2fb60cf0,ASC169,G008,"Chillies, green - all varieties (Capsicum annum)",3.33,g
ca91b0cb-d7f5-45f7-a237-a6d2e0729b59,ASC210,G031,"Pepper, black (Piper nigrum)",0.125,tsp
ca941b76-40e0-4a9e-8b98-d31bbe4f0aae,BFP544,L002,"Milk, whole, Cow",1,tsp
ca998c66-0ca1-4899-b105-a03fda7f81dc,ASC228,UK-12-184,"Yogurt, whole milk, plain",30,g
caa4ad96-c504-45d0-825c-fe1f4b8df981,OSR018,H012,Ground nut (Arachis hypogea),35,g
cab09810-073f-433a-b610-0945d210f32f,ASC456,G008,"Chillies, green - all varieties (Capsicum annum)",3.33,g
cab5d5db-df87-4bc7-a655-fc5958b1586d,ASC315,UK-12-545,Cocoa powder,1,tbsp
cabd77c9-e86c-41f3-909d-8a69bd0b1f37,ASC445,L002,"Milk, whole, Cow",1,tbsp
cac5838f-83dc-4de5-a140-e467698892d4,ASC012,G014,"Ginger, fresh (Zingiber officinale)",12.66,g
cac812cd-b842-4fc5-9520-a637f2c948d5,ASC497,ANN-ING-0048,Citric Acid,25,g
caeb45a2-c5c9-4884-aae3-e1859bab8929,BFP176,UK-17-367,Salt,0.5,tsp
caf10b7a-717e-490f-bcac-20cefcaeb300,BFP229,UK-17-045,"Oil, sunflower",1,tsp
caf1c4a9-d093-47b2-961b-a22fd0ca44f5,OSR045,US-173471,Vanilla extract,1,tsp
caf64134-4767-4895-9e26-85c9f2a653c1,ASC244,UK-13-873,Chilli powder,0.25,tsp
cafde0b3-99db-4ae3-b3a7-9dfd3870e71b,OSR101,UK-17-377,"Water, distilled",3.5,C
cb0042cb-c195-47b0-92a9-0540b16dbf8e,ASC208,UK-11-1045,"Flour, corn",15,g
cb24f217-06ae-486f-a5f4-04ac3d330e53,ASC231,UK-13-827,Fennel seeds,0.125,tsp
cb260674-1f90-4588-b816-656858202ffd,OSR141,G026,Fenugreek seeds (Trigonella foenum graecum),0.2,tbsp
cb273cf3-3733-49b9-99cf-c95458a7f9ca,OSR137,G008,"Chillies, green - all varieties (Capsicum annum)",2,tsp
cb29540f-9e12-4313-8e79-85fc4d480513,ASC115,G025,Cumin seeds (Cuminum cyminum),0.25,tsp
cb2d8964-e5fd-4eaa-a248-c876a3030758,BFP485,M001,"Egg, poultry, whole, raw",100,g
cb307d8e-5915-4910-8d7b-201a91544415,BFP204,G012,"Garlic, small clove (Allium sativum)",1.87,g
cb3d5c4f-b108-479c-985e-bf904ca76ff9,BFP396,ANN-ING-0012,COLOUR,0.25,tsp
cb419831-8ce5-48a0-90ee-67102c7e2c71,ASC187,G033,Turmeric powder (Curcuma domestica),0.125,tsp
cb42cf62-582e-4249-b18c-02e3c6a5d5d2,ASC139,G031,"Pepper, black (Piper nigrum)",0.25,tsp
cb53032e-584f-4532-9508-d384a8652ecc,BFP003,UK-13-829,Garam masala,75,g
cb5821ad-74d7-4e90-ab59-91b13d322842,BFP197,UK-17-045,"Oil, sunflower",2,tsp
cb693804-727a-4e82-934b-d4ac0b9b4b65,BFP273,UK-17-045,"Oil, sunflower",1,tbsp
cb6bbe0f-15ae-4960-92f4-d022d4efbb84,ASC243,G031,"Pepper, black (Piper nigrum)",0.125,tsp
cb71fa09-4506-473b-a275-523a196abb84,OSR095,US-1098072,"Cheese spread, cream cheese, regular",60,g
cb780e7e-f76d-46fa-8319-d4ec9aa791ff,OSR028,D043,"Cucumber, green, elongate (Cucumis sativus)",60,g
cb8a56ec-06bc-4735-bbc8-e1b08dd1a05c,BFP187,G033,Turmeric powder (Curcuma domestica),0.25,tsp
cb8df7bb-2e6a-4a54-a385-2bb8d07dd1fc,ASC205,UK-17-045,"Oil, sunflower",480,ml
cb8eefce-406f-48f7-88ff-a67db9e27948,ASC046,UK-17-367,Salt,0.25,tsp
cb90a05a-09fb-4b4d-a286-3ed649ecea9d,ASC299,G020,"Cardamom, green (Elettaria cardamomum)",0.25,tsp
cb982bd6-3aee-4def-b9fa-6e6d5a0dc250,BFP563,F002,"Carrot, orange (Daucus carota)",50,g
cb98ac6d-c613-4cc5-a612-9a7e5415d6f7,ASC006,UK-14-130,"Lemons, flesh only, raw, weighed with peel and pips",11.67,g
cb9dcc21-f980-4852-b721-279e8a9f308c,BFP141,G017,"Onion, big (Allium cepa)",15,g
cba08f51-bdd6-48c7-bf6b-efbd78d50899,ASC220,G019,Asafoetida (Ferula assa-foetida),0.25,tsp
cba0b6ec-c05c-463c-af64-d7e322384bbe,ASC402,A018,"Wheat flour, refined (Triticum aestivum)",100,g
cba43785-ee30-477f-b963-fc9cadd5c11f,ASC338,L004,Khoa,100,g
cbae9364-2045-4980-97a0-cb8618c7f71b,BFP074,UK-17-727,"Stock cubes, vegetable",240,ml
cbb7fdbb-9424-4b52-94ed-e1c2a7953f6a,OSR020,UK-17-063,"Sugar, white",200,g
cbbcc7f7-5c73-47bd-8c0e-ab0a33e25c58,BFP241,UK-13-829,Garam masala,0.125,tsp
cbc556df-2494-4b84-a82d-db648fb0813c,ASC369,G012,"Garlic, small clove (Allium sativum)",1.25,g
cbc7ebce-69a4-46c4-9d59-455fe4187c23,BFP194,UK-13-852,Saffron,0.005,g
cbce9d97-7675-4b60-b86e-5ff0d0f5f17f,BFP162,G031,"Pepper, black (Piper nigrum)",0.125,tsp
cbd0666c-5d72-43a4-b704-d8df9bd0fb12,ASC309,ANN-ING-0031,Yellow colour,0.5,tsp
cbd3c29f-120d-44b1-a9a2-b2820a380b1f,BFP303,UK-12-184,"Yogurt, whole milk, plain",30,g
cbd8f826-7e8f-46d7-8fe3-3afc86bafe5d,ASC512,G023,Cloves (Syzygium aromaticum),2.5,g
cbe267b5-7d47-423b-b0ce-b7a9b9292f34,ASC081,F002,"Carrot, orange (Daucus carota)",10,g
cbe817f9-a4f3-4284-81f3-b642fbf18ba0,BFP221,J001,"Button mushroom, fresh (Agaricus sp.)",20,g
cbeb859e-9f19-4891-864c-9006f2ade49a,OSR153,UK-11-896,"Flour, gram",2,tbsp
cbefccc1-e200-475f-9064-4b28ff234cca,OSR114,G024,Coriander seeds (Coriandrum sativum),2,tbsp
cbf55a4d-e0f3-4a36-a5e5-9101ea473578,ASC316,E036,"Mango, ripe, banganapalli (Mangifera indica)",100,g
cbfabffb-2c4c-4285-a1fc-3de6913fbb73,BFP117,D061,"Peas, fresh (Pisum sativum)",60,g
cbfbdea6-b1b9-432a-be0e-fba1ac7aa9cc,ASC259,G031,"Pepper, black (Piper nigrum)",0.125,tsp
cc02c1f5-a146-488f-b2f3-7d0f7111fed7,ASC141,UK-17-377,"Water, distilled",0.5,C
cc036eb8-d7a0-426e-93ba-4d7bcb4370d5,BFP355,UK-17-661,"Butter, unsalted",5,g
cc0a5c2c-b59a-4530-95d0-21d9c377da41,ASC214,F006,"Potato, brown skin, big (Solanum tuberosum)",100,g
cc22259d-950c-46bd-ac0e-a594621645c6,BFP166,UK-13-829,Garam masala,0.125,tsp
cc242126-1d17-4d3b-b867-fd75c164a37e,ASC256,UK-17-654,"Mayonnaise, standard, retail",2,tsp
cc41549d-d5a0-4045-9ab1-99bd0d5c7304,BFP557,I001,"Jaggery, cane (Saccharum officinarum)",30,g
cc420a54-e44d-4245-946c-bfde230a835b,OSR094,F006,"Potato, brown skin, big (Solanum tuberosum)",453,g
cc44418b-310f-48e3-9049-108e6c7cfa1c,ASC287,L002,"Milk, whole, Cow",250,g
cc4bb055-b604-4ae7-8d23-8af0dfc4a48a,ASC177,G009,Coriander leaves (Coriandrum sativum),1,sprig
cc503b90-113d-4590-9d05-4d88d518c5b6,BFP557,F002,"Carrot, orange (Daucus carota)",10,g
cc52e3e9-6a28-4c02-8e98-9797bbedfa53,ASC131,G031,"Pepper, black (Piper nigrum)",0.25,tsp
cc576641-94b8-4076-b92d-b53433b6899f,ASC191,UK-17-045,"Oil, sunflower",1,tbsp
cc584a35-03ce-421d-b4c7-f595ad765c97,BFP448,B003,"Black gram, dal (Phaseolus mungo)",80,g
cc5db627-1015-4695-acce-efb83e7605ba,ASC214,H006,"Coconut, kernal, dry (Cocos nucifera)",1,tsp
cc5de253-7a7d-4dfc-a74c-7307de7a903c,ASC407,UK-17-367,Salt,0.25,tsp
cc5eef3b-1d3f-4682-966b-7690d1b902f3,BFP448,UK-17-367,Salt,0.25,tsp
cc608e3e-aeee-49ef-b798-73f398cef079,ASC167,UK-17-367,Salt,1,tsp
cc774bd5-5f73-4920-bf94-962a92be4f5a,BFP233,C028,Parsley (Petroselinum crispum),1,sprig
cc84cae1-baeb-46b2-b96b-cdb6324ad408,BFP421,UK-17-045,"Oil, sunflower",0.5,tsp
cc8541a5-624b-4fda-aa1f-373a6e56ec64,OSR114,UK-17-367,Salt,0.25,tsp
cc898fb3-6ea0-4790-b642-60dd81e3e293,OSR064,G008,"Chillies, green - all varieties (Capsicum annum)",16.7,g
cc9006c9-5bb7-48f3-aed3-908ad2de8c99,BFP158,C028,Parsley (Petroselinum crispum),1,sprig
cca09f78-2c4a-403d-a047-69162ebb2829,ASC352,G017,"Onion, big (Allium cepa)",80,g
ccade655-3d94-4f4b-bc82-eafdc0125f40,BFP336,G020,"Cardamom, green (Elettaria cardamomum)",0.25,tsp
ccbcf81d-fe38-48e7-a840-58c610dbf775,BFP057,M001,"Egg, poultry, whole, raw",50,g
ccc92ef0-64a0-4b8d-bbc3-bbbbbfc5ab6d,ASC423,H005,Cashew nut (Anacardium occidentale),30,g
cccaa82f-c1a0-42dc-9683-c9fc344160e3,ASC241,US-806341,AJWAIN SEED WHOLE ORGANIC SPICES,0.125,tsp
ccde87fe-1336-46e2-9178-3a0e88234d60,ASC282,H001,Almond (Prunus amygdalus),1.11,g
ccdfe515-2754-4ecb-a6f1-234ef490615f,ASC060,M001,"Egg, poultry, whole, raw",50,g
cce32d60-fb94-404c-a37d-749245d409db,BFP448,G022,"Chillies, red (Capsicum annum)",8.33,g
cce83dd6-870c-42d7-aff9-67c41e4f8e20,BFP380,L002,"Milk, whole, Cow",1,tbsp
ccf26c62-3717-4c82-8daa-3857b66560f2,ASC381,D075,"Tomato, ripe, hybrid (Solanum lycopersicum)",100,g
cd002ce9-848e-4b1c-a0b5-80f5a9f9ce17,ASC395,UK-17-377,"Water, distilled",2.5,tsp
cd0088e7-ff78-49a2-ba21-84b2e14b240c,BFP506,UK-17-050,Honey,1,tsp
cd0d824f-321f-4ac0-9fd2-12b67b4ae4e6,ASC241,G033,Turmeric powder (Curcuma domestica),0.125,tsp
cd193616-80cd-416e-9f7c-dea7da80bea9,ASC119,G021,"Cardamom, black (Elettaria cardamomum)",0.25,tsp
cd21ba9f-ce12-49c2-96c4-761a6886d71a,ASC242,UK-12-332,"Cream, fresh, single",1,tbsp
cd224a7c-0675-4eb5-899a-21de40fb36eb,BFP294,UK-17-362,Mustard powder,0.125,tsp
cd249a8b-c24e-4d79-9b3e-6bf19a125d42,ASC439,UK-17-355,Baking powder,0.125,tsp
cd2f0f4f-361e-4dc2-af2c-b93af229aab4,OSR108,UK-17-377,"Water, distilled",2.25,tbsp
cd39fa28-5913-456b-91a2-b2f40b61a37f,OSR115,G009,Coriander leaves (Coriandrum sativum),2,tbsp
cd41c84c-79b5-4de4-b2d6-32c51afdcea7,OSR032,UK-17-355,Baking powder,1,tsp
cd49e4a3-0e44-48d4-89de-29fe88052cfc,BFP091,UK-13-874,"Cinnamon, ground",1.25,g
cd4e6319-345a-4c59-a8fd-a11c56f6024d,ASC066,UK-17-045,"Oil, sunflower",3,tsp
cd4e852f-301d-472a-95a2-0536641e76e6,ASC121,UK-13-874,"Cinnamon, ground",0.5,tsp
cd50b2f3-c7d8-4d18-bfc5-f6d1380e3d37,OSR066,G024,Coriander seeds (Coriandrum sativum),2,tsp
cd5ffef2-8f89-45d6-9ea0-b3519f9e4c74,ASC384,US-604150,DRIED MANGO,10,g
cd624262-a5f9-44c0-b848-20fce66ae0e3,ASC241,N003,"Chicken, poultry, breast, skinless",250,g
cd653e99-b83b-4071-a17e-3acc627c6413,ASC375,UK-11-1145,"Bread, white, average",2,tbsp
cd69785b-1f94-4934-aed0-e471fee0f8a3,ASC095,UK-17-661,"Butter, unsalted",12,g
cd6aa9e3-f565-4fcf-8517-3a3328bb4f9f,ASC064,G031,"Pepper, black (Piper nigrum)",0.25,tsp
cd7462e1-b1ce-412f-8623-24743daaed0f,OSR136,UK-13-832,"Ginger, ground",6.33,g
cd85709e-355b-4db4-816a-b7573cf6b50d,BFP425,G025,Cumin seeds (Cuminum cyminum),0.125,tsp
cd87f2f8-0813-4ea3-90b2-6e5c33216aaa,ASC398,UK-17-367,Salt,0.125,tsp
cd89ef99-9ed5-41c6-a537-2bf11430a831,ASC312,UK-17-062,"Sugar, icing",2,tbsp
cd8e5d0a-ba2f-4a94-b8af-3a2709992d5d,BFP141,UK-13-852,Saffron,0.005,g
cd8ff149-5a65-48a3-bf2d-102b10b419cf,BFP458,UK-11-1145,"Bread, white, average",60,g
cd90e3a2-4019-4e27-a16d-c2bcbceec6d7,BFP198,UK-17-367,Salt,0.17,tsp
cd958537-b109-4db7-b7d9-2579fc1a0ac6,ASC263,H021,Walnut (Juglans regia),10,g
cda17b09-ffbe-4c12-ae1c-5833eeb9fff7,ASC297,E057,"Raisins, dried, black (Vitis vinifera)",1.32,g
cdc24ede-e4d1-47b6-8869-9f65452f83e3,BFP527,UK-17-377,"Water, distilled",2.5,tbsp
cdc57844-d2e0-4157-83a4-153307aa145d,ASC062,M001,"Egg, poultry, whole, raw",100,g
cdca5d3a-3da7-4d80-9f41-1b3e8c692304,ASC088,UK-17-727,"Stock cubes, vegetable",1,C
cdd04576-7260-4282-aae0-1a881c55b40e,ASC207,UK-17-045,"Oil, sunflower",480,ml
cdd07ce3-c93b-4c1a-8f1b-80e0ac4eba78,ASC422,E015,"Currants, black (Ribes nigrum)",10,g
cdd41706-7d39-4b12-982e-266d91ab0c7f,BFP044,UK-14-130,"Lemons, flesh only, raw, weighed with peel and pips",7.5,g
cdd66651-ae76-48c6-b9f3-49c1bd37fc1c,OSR002,UK-17-377,"Water, distilled",1500,ml
cdd703fb-c6b9-4b2d-81f3-53f18c07fc0e,BFP272,UK-17-367,Salt,0.17,tsp
cdddaafc-4f53-4429-b038-f127ec23ae14,BFP386,UK-17-377,"Water, distilled",120,ml
cde2f4ed-46b4-4c2d-9775-f6eb26622f42,ASC400,A018,"Wheat flour, refined (Triticum aestivum)",60,g
cde4ba22-9064-4e91-8ef7-08bbab38df81,BFP472,C028,Parsley (Petroselinum crispum),1,sprig
cde7e9e3-f47a-4870-b8dd-71f7f5155bac,OSR061,G020,"Cardamom, green (Elettaria cardamomum)",2,tsp
cdec1fa9-070f-445e-9502-25b3fd00bebd,BFP545,G017,"Onion, big (Allium cepa)",15,g
cdee457b-fb6d-4f70-b285-86b1635c57f4,OSR139,B003,"Black gram, dal (Phaseolus mungo)",140,g
cdf248c9-03bb-4947-af1a-5279b5b07441,BFP246,UK-17-377,"Water, distilled",4,tsp
cdf2a1d7-fe57-4aa3-8128-e721e1d23460,ASC275,G016,Mint leaves (Mentha spicata ),1,sprig
cdf41b04-afa7-4ae9-84f6-eb88bb2db926,OSR145,G019,Asafoetida (Ferula assa-foetida),0.25,tsp
cdf50b98-d18c-4174-8872-88a7b7131682,OSR072,UK-17-661,"Butter, unsalted",2,tsp
cdf899be-bb79-4366-b7d1-9ebc91dd4edf,BFP307,G017,"Onion, big (Allium cepa)",10,g
cdfd88c5-4e72-4265-be40-8660ed462c9b,OSR112,D033,"Capsicum, green (Capsicum annuum)",74.5,g
ce0075a9-42a4-48be-93ed-2f049b6e00fa,BFP577,D075,"Tomato, ripe, hybrid (Solanum lycopersicum)",30,g
ce0f6ad0-486a-4eca-aceb-db5aee19bd07,OSR095,UK-17-661,"Butter, unsalted",60,g
ce1433c6-daa6-4596-919c-9ae10818581a,OSR012,UK-17-063,"Sugar, white",100,g
ce1e11e0-4a3d-4f0b-b374-a59a5908d048,ASC305,M001,"Egg, poultry, whole, raw",50,g
ce26ea08-2011-40e6-be8c-f71450d9c986,BFP529,UK-13-874,"Cinnamon, ground",0.25,tsp
ce2bb3ed-ca2a-42e0-8fe2-864ad999c584,ASC123,A014,"Rice, parboiled, milled (Oryza sativa )",100,g
ce3027b4-37f0-4239-ac1b-71d57800388b,BFP511,US-173471,Vanilla extract,0.5,tsp
ce3a51bb-a6dd-4632-9119-6e7013915855,BFP372,UK-17-377,"Water, distilled",75,ml
ce3ddc21-79a5-4283-bebe-69d726366924,ASC039,J001,"Button mushroom, fresh (Agaricus sp.)",50,g
ce3f5918-39f7-4509-80fb-f8ee00f88531,ASC093,C015,"Cabbage, green (Brassica oleracea var. capitata f. alba)",10,g
ce4120b4-714c-4d7b-9a0e-53495d7bb7ce,BFP599,F002,"Carrot, orange (Daucus carota)",1000,g
ce44e112-d725-40c7-b831-83d23e28d245,ASC408,M001,"Egg, poultry, whole, raw",50,g
ce48e9ae-f015-42a2-b9db-f9d49cd75052,BFP142,G017,"Onion, big (Allium cepa)",15,g
ce4e654f-4654-45f7-9776-63662fbacd9d,OSR067,G031,"Pepper, black (Piper nigrum)",1,tsp
ce51c81d-c1d2-4918-8eac-4a1f47c94caf,ASC019,UK-17-063,"Sugar, white",1,tbsp
ce52fc71-ff22-4602-a849-22bee9ef435c,ASC328,E053,Pineapple (Ananas comosus),30,g
ce597b6e-bd7f-4fd5-b974-0033072ba174,OSR095,L002,"Milk, whole, Cow",1,C
ce60d48c-5360-452a-aa09-e9367cd40426,BFP519,G031,"Pepper, black (Piper nigrum)",0.25,tsp
ce622644-fdeb-4d62-9c10-246aea1709bc,ASC253,D043,"Cucumber, green, elongate (Cucumis sativus)",25,g
ce63d27c-0607-45a8-afaf-e7e3a09883d5,BFP176,G019,Asafoetida (Ferula assa-foetida),0.25,tsp
ce6b9eff-0026-41ee-b345-7640c48faebf,ASC411,UK-17-367,Salt,0.25,tsp
ce6ba0ca-34ff-4ba5-b12f-c2da6cf59090,BFP261,UK-17-661,"Butter, unsalted",1,tsp
ce759a8f-819b-41aa-9c51-ec9da4565524,BFP573,A022,"Wheat, semolina (Triticum aestivum)",25,g
ce836f84-ca01-427c-91f4-bceca478b133,BFP162,UK-12-360,"Cheese, Mozzarella, fresh",30,g
ce855daa-de57-4fea-a3a4-ddde871e6f81,BFP269,G017,"Onion, big (Allium cepa)",30,g
ce8b2a57-845a-428e-9422-d5b6d536ebb4,BFP348,UK-11-1045,"Flour, corn",1,tsp
ce8d746c-8516-40fb-992b-ef817b8a59c2,BFP124,UK-19-497,"Bacon rashers, back, raw",80,g
ce981600-6c42-4dab-b7f2-d4d40bfbe8f3,ASC198,UK-13-873,Chilli powder,0.125,tsp
cea68746-4bb9-4f72-b3b7-7da35f398f2f,BFP040,UK-17-045,"Oil, sunflower",15,g
cea6f27a-5e84-425c-86e5-44fd2eaebf36,ASC465,UK-17-640,"Ghee, butter",15,g
cea99810-0d44-49c6-b97f-60fd12ef960a,BFP500,UK-12-545,Cocoa powder,2,tbsp
ceb1b087-1e0b-478f-9a8a-257b2fbeec56,ASC111,UK-13-829,Garam masala,0.25,tsp
ceb206c4-eb1e-4ce1-9e38-f05dc1e81e41,BFP296,UK-17-367,Salt,0.17,tsp
cebb8f2e-6e35-46f4-8a65-1afbe686f301,ASC272,G008,"Chillies, green - all varieties (Capsicum annum)",1.67,g
cebec3ac-6ede-44b9-8118-d3ce1cc6146f,ASC511,UK-17-063,"Sugar, white",200,g
cee387b3-940e-49c6-b7c7-bc7cc9975bde,BFP220,UK-13-352,"Spring onions, bulbs and tops, raw",30,g
cef8b3cc-957f-4f4e-bac5-dcf0d595aecd,ASC270,UK-17-367,Salt,0.25,tsp
cf0d216e-787f-41bc-b5b6-579a509156e8,ASC286,L002,"Milk, whole, Cow",200,g
cf0d4e74-d0f5-4617-92af-8e6cc86b230d,ASC459,UK-17-063,"Sugar, white",50,g
cf1e832f-1420-4311-8205-da140ef557fb,ASC233,UK-13-827,Fennel seeds,1,tsp
cf20b50b-6584-437e-8857-2fd9a0586ca6,OSR103,UK-17-045,"Oil, sunflower",1,tbsp
cf2860b2-920f-4152-8f18-fbe2c469cfa7,ASC427,UK-17-355,Baking powder,1,tsp
cf2dd057-fe95-48bf-b896-7a05312f15e2,ASC193,D061,"Peas, fresh (Pisum sativum)",150,g
cf354beb-c2d5-4949-b35b-2a1cd29bc73a,ASC328,UK-17-355,Baking powder,0.25,tsp
cf3b7f05-f518-4e8e-a247-046199719c3e,ASC223,L003,Paneer,50,g
cf41256b-954e-41f9-96c0-5a41c6f89940,ASC443,H006,"Coconut, kernal, dry (Cocos nucifera)",30,g
cf42538d-664e-4ec5-a441-9a7dd1983ca1,OSR045,UK-17-377,"Water, distilled",3,tbsp
cf4af601-028c-4e4f-bb5f-81067029c981,OSR122,UK-13-832,"Ginger, ground",0.5,tsp
cf4eb001-9d1e-4215-b4df-2494d8e0effb,OSR090,G008,"Chillies, green - all varieties (Capsicum annum)",10,g
cf513d6a-23f7-4676-bfa8-8064b913c7a8,BFP510,M003,"Egg, poultry, yolk, raw",2,g
cf51a1cf-2cac-4f9e-8007-4d2ba6280353,BFP091,G010,Curry leaves (Murraya koenigii),1,sprig
cf583455-a973-4545-bc91-1682d302751b,BFP393,UK-17-377,"Water, distilled",15,ml
cf59d17f-cabb-4c7c-99af-50fa2455e560,BFP054,UK-17-377,"Water, distilled",5,ml
cf5adb73-8dba-47c1-87ec-46b73e539dea,OSR034,UK-17-367,Salt,1,tsp
cf5b9145-c88c-420d-a0e8-068f08c8b257,BFP198,D059,"Papaya, raw (Carica papaya)",20,g
cf5e48c6-f779-47b3-b810-30380462fcfa,ASC292,UK-17-063,"Sugar, white",1.5,tbsp
cf609f3d-77de-4a73-854c-e0bf2f31de7d,OSR046,UK-14-325,Blueberries,296,g
cf622402-ac38-46f2-a62e-3d214f5e45ff,BFP144,UK-13-829,Garam masala,0.125,tsp
cf799b1e-1e7f-4fd5-acc3-945cae5239dd,OSR130,UK-17-367,Salt,0.5,tsp
cf7b7820-7006-4a2b-9c83-04b3f50f2000,ASC082,G031,"Pepper, black (Piper nigrum)",0.375,tsp
cf7c439d-3bef-4f55-a1bb-4714d6b3b89f,ASC509,UK-17-367,Salt,100,g
cf891ad1-8af3-4f02-95da-391f2aac40b5,BFP527,A018,"Wheat flour, refined (Triticum aestivum)",60,g
cf899cf9-18aa-455b-b08b-24e6821bfb33,ASC312,UK-12-332,"Cream, fresh, single",80,g
cf943e58-ebf6-44b4-92fa-2d85de9d63e5,ASC480,UK-17-367,Salt,0.25,tsp
cf981b53-bba5-4ee6-909c-669f615c08d8,OSR072,UK-17-661,"Butter, unsalted",2,tbsp
cfa65fa3-153f-40a2-9b73-0bde952ac98a,ASC059,G031,"Pepper, black (Piper nigrum)",0.25,tsp
cfb0829c-c03b-4d4f-ab4c-c4dad722c659,ASC093,G012,"Garlic, small clove (Allium sativum)",6.3,g
cfb438bd-5a9e-469a-b345-8728bd8b0f35,BFP198,ANN-ING-0025,TOMATO COLOUR,0.25,tsp
cfb4782f-7de6-43bd-8d86-2bd0c4dc6cb9,BFP550,UK-11-896,"Flour, gram",20,g
cfca8860-4218-4d0a-bba7-4083a3fb0a04,ASC385,UK-14-130,"Lemons, flesh only, raw, weighed with peel and pips",15,g
cfcedf35-f6f6-4358-a390-0ab74bd34b04,BFP280,G026,Fenugreek seeds (Trigonella foenum graecum),0.375,g
cfd368b8-dec1-4be2-9db5-2dfded01b41c,BFP199,G025,Cumin seeds (Cuminum cyminum),0.5,tsp
cfde4e7f-fd43-4255-8073-1f634abfc471,BFP177,G025,Cumin seeds (Cuminum cyminum),0.125,tsp
cfea4418-ad2d-4537-b50a-86539527fd68,ASC219,UK-17-031,"Oil, coconut",1,tsp
cfeaec13-1cd2-4f1d-8604-0f96ae32aad4,OSR095,G031,"Pepper, black (Piper nigrum)",0.5,tsp
cff22c3e-dfa6-4813-926b-ffeca0700ec0,OSR080,UK-13-342,"Shallots, raw",105,g
cffec522-91a7-4745-9021-fe037ed18526,ASC187,UK-17-367,Salt,0.25,tsp
d004b78e-58c7-4de1-a6d7-ae12dd657e5c,BFP198,UK-14-130,"Lemons, flesh only, raw, weighed with peel and pips",30,g
d00c52ca-7478-4d7a-929e-73f8f1e9ab6e,OSR097,UK-17-367,Salt,2,tsp
d01b2803-0d09-4ad1-a67f-63c6ecea7e26,BFP122,UK-17-063,"Sugar, white",0.25,tsp
d01d7088-ba19-4417-a0fa-5fefa24bdc93,ASC360,UK-17-045,"Oil, sunflower",1,tsp
d02b7f7c-45fa-4f52-b2ba-315f38c86c08,BFP030,D036,Cauliflower (Brassica oleracea var. botrytis),100,g
d0319466-75fd-4f9f-b651-ac70fb5f37ba,ASC126,UK-17-367,Salt,0.25,tsp
d04af1dc-c6b7-42a3-983e-2d6bbc2e05f3,BFP042,G008,"Chillies, green - all varieties (Capsicum annum)",3.33,g
d050b3e5-dd05-4ec4-be41-26bfcf2832f5,BFP066,G017,"Onion, big (Allium cepa)",20,g
d055070f-5926-489f-a5cf-d8e4561a4b2e,BFP043,UK-13-873,Chilli powder,0.25,tsp
d05f2aef-aeb2-4aa6-9bb0-a39a55503648,BFP275,G008,"Chillies, green - all varieties (Capsicum annum)",3.33,g
d061e5d2-863a-4b67-910d-b67bb8ca6ec7,BFP329,E023,"Grapes, seeded, round, green (Vitis vinifera)",25,g
d066d604-fab9-4c8e-a1fe-0c912e101458,ASC229,G017,"Onion, big (Allium cepa)",50,g
d06c5b23-10a6-4bec-a993-ffdc93af6d83,ASC448,A018,"Wheat flour, refined (Triticum aestivum)",50,g
d0705021-f764-40dc-b824-abeef499900b,BFP362,L002,"Milk, whole, Cow",80,ml
d07d1cf4-a1ad-46d0-b3c6-08a4dc827905,ASC029,UK-11-1145,"Bread, white, average",60,g
d0831396-f64a-4695-82d8-f2dec55e5257,ASC203,G008,"Chillies, green - all varieties (Capsicum annum)",1.67,g
d08a0007-6852-4c0a-90ef-92200bf56aae,BFP249,UK-13-829,Garam masala,0.125,tsp
d08fb1c9-1e1e-4be4-877e-42e479f25e62,BFP203,UK-17-727,"Stock cubes, vegetable",60,ml
d0905dc9-9813-4515-a264-b6b30ded5da1,ASC169,UK-17-165,"Tea, black, infusion, average",0.5,tsp
d09393fa-ab02-4290-8973-b53341ca9fc4,ASC396,UK-17-062,"Sugar, icing",0.5,tsp
d09f89b0-144e-47ee-9dd5-ac5d70a91a90,ASC275,UK-13-873,Chilli powder,0.125,tsp
d0a9fd30-98d0-4639-8330-4fe2f4faa1cc,BFP230,UK-17-377,"Water, distilled",0.25,C
d0b03c58-692e-4916-ae01-b6a3a769b060,OSR050,UK-17-038,"Oil, olive",1,tbsp
d0b2ce5d-ace5-4bc6-930b-868ce4e3881f,BFP169,G022,"Chillies, red (Capsicum annum)",1.67,g
d0b32235-d885-417e-a4ad-da220c2e2a6e,ASC273,UK-12-184,"Yogurt, whole milk, plain",100,g
d0c05d5e-9870-44af-b83d-ae58ec24052e,BFP250,G014,"Ginger, fresh (Zingiber officinale)",5,g
d0c2c51a-b901-43ba-bf54-738863386cd6,ASC386,H007,"Coconut, kernel, fresh (Cocos nucifera)",50,g
d0cbe7e7-9bb9-4121-a359-aa2d24d36f8e,BFP274,UK-13-873,Chilli powder,0.25,tsp
d0cfe230-110f-4c3a-8da0-3f0d627d2af6,OSR130,UK-17-377,"Water, distilled",2,C
d0d2f848-556d-4d1c-a3dd-2b1f394b25d4,BFP280,G022,"Chillies, red (Capsicum annum)",3.33,g
d0e5c01c-e39f-4e04-b87b-b4993fe95348,BFP601,US-172337,"Oil, mustard",100,g
d0e695f6-863d-45c6-a6f3-c8d81f6841e7,ASC327,US-499195,JAM,20,g
d0ef299f-c89c-4dce-b70f-79b095f35cfe,ASC269,G008,"Chillies, green - all varieties (Capsicum annum)",1.67,g
d0f67699-b3a9-4f1f-a69d-de497c6ee3c3,ASC162,UK-13-829,Garam masala,0.25,tsp
d0faed67-b458-4fa3-8844-d4de291971ef,ASC230,G025,Cumin seeds (Cuminum cyminum),0.25,tsp
d0fdf75b-85ed-44b6-8124-2c801b02349d,BFP428,G009,Coriander leaves (Coriandrum sativum),1,sprig
d0fefb9f-051e-423d-8798-7482f67a32d3,OSR045,US-695922,"TUTTI FRUTTI GUMBALLS, TUTTI FRUTTI",120,g
d103f8ea-ce97-47b0-a139-9630dbf36b90,BFP097,UK-17-367,Salt,0.17,tsp
d105519e-13d6-496e-8df7-234cd58de7f6,BFP439,E033,"Lemon, juice (Citrus limon)",1,tsp
d10831f7-ca4e-4d74-af82-ac86025b8828,BFP220,G031,"Pepper, black (Piper nigrum)",0.25,tsp
d114c962-951f-4933-bf7e-35c625c1e399,OSR135,US-468991,"SWEET SUNNAH, WHOLE BLACK SEEDS NIGELLA SATIVA",0.5,tsp
d11853bd-cc41-43d2-85f2-ca073317cd8c,BFP242,G024,Coriander seeds (Coriandrum sativum),0.5,tsp
d11c8a34-62ff-4a96-bf3d-83a805985e68,ASC102,UK-13-580,"Beansprouts, mung, boiled in unsalted water",30,g
d12066b5-9981-401e-959c-ae1e8554f523,BFP165,UK-17-367,Salt,0.5,tsp
d127a359-6564-4d62-a120-613ac8f70c2e,ASC343,UK-17-062,"Sugar, icing",50,g
d129088c-99f3-4807-ad29-3b77e20e3296,ASC232,G019,Asafoetida (Ferula assa-foetida),0.25,tsp
d1340fab-f6aa-4f76-8a33-b3986a68db95,OSR135,G033,Turmeric powder (Curcuma domestica),0.25,tsp
d13528c1-6589-4105-b669-53cff773091d,OSR143,UK-13-832,"Ginger, ground",1,tsp
d1465fd1-aac8-4296-a478-69c8e88e633e,OSR111,UK-11-1145,"Bread, white, average",14.8,g
d1535d59-6bbb-466d-a2d3-628452606033,BFP162,UK-13-883,"Thyme, dried, ground",1,sprig
d15371cf-ff80-462a-be35-3085ff95fdee,OSR013,G020,"Cardamom, green (Elettaria cardamomum)",1,tsp
d154390e-454c-40c4-b9b9-04d7042973fc,ASC230,G014,"Ginger, fresh (Zingiber officinale)",0.8,tsp
d15c3bcf-4b38-456a-9a50-9052bef21854,ASC066,UK-17-367,Salt,0.25,tsp
d160853f-6f4e-4f17-a338-eb48d9eb0f03,ASC387,G009,Coriander leaves (Coriandrum sativum),10,g
d16a648e-6a0f-4e33-b5f0-24b0deb3a0b1,BFP555,I001,"Jaggery, cane (Saccharum officinarum)",30,g
d1781c4f-cb97-40bd-9a69-63e06e753797,OSR008,E033,"Lemon, juice (Citrus limon)",2,tsp
d179e76f-ea46-454b-90e4-ec1c5ffa0755,OSR062,UK-17-045,"Oil, sunflower",2,tsp
d187ddab-8c92-4144-9447-e34b1e44a888,BFP452,UK-14-130,"Lemons, flesh only, raw, weighed with peel and pips",30,g
d1a368d9-7141-4f10-90e3-7bd321f7b69f,ASC368,UK-17-045,"Oil, sunflower",480,ml
d1a6aa2a-62a2-4493-bd68-65fbd6a7f4ca,BFP280,G026,Fenugreek seeds (Trigonella foenum graecum),15,g
d1ac9756-b858-440c-9ad6-d567e0b915f0,ASC079,UK-11-1145,"Bread, white, average",7.5,g
d1bda226-9f24-4bbd-adb1-79c057943e7f,OSR001,G014,"Ginger, fresh (Zingiber officinale)",2,tbsp
d1c62ed4-485a-4b6a-b92b-dc8668e7da23,OSR107,F002,"Carrot, orange (Daucus carota)",64,g
d1c906f9-4a74-430d-aa15-a57f8273ad22,OSR030,G009,Coriander leaves (Coriandrum sativum),1,sprig
d1d3c988-25ef-44b7-aa12-e02866d6f531,BFP471,C028,Parsley (Petroselinum crispum),1,sprig
d1e09b57-f375-4104-bf2c-49f73bc0fcde,BFP416,G014,"Ginger, fresh (Zingiber officinale)",3,g
d1eecb8b-4d61-43fe-8399-5eea75f90b10,ASC135,UK-17-045,"Oil, sunflower",1,tbsp
d1f16858-992a-47a8-b84c-8619aaf04d91,BFP595,UK-14-130,"Lemons, flesh only, raw, weighed with peel and pips",1000,g
d1f2fa20-40ee-4836-9af2-30978ee17685,BFP390,UK-17-063,"Sugar, white",150,g
d1fcb8ed-0202-451a-b652-def0fa2ade16,ASC206,UK-17-045,"Oil, sunflower",1,tbsp
d202c77b-ae27-427b-b07b-49448f2a07a6,ASC251,P034,Mackerel (Rastrelliger kanagurta),100,g
d20ff6b0-76a2-445c-83da-63e520b564b3,BFP172,G033,Turmeric powder (Curcuma domestica),0.17,tsp
d2166b01-b901-4d07-aaf1-8b54790c96d5,ASC409,UK-17-377,"Water, distilled",75,ml
d2174988-8c8b-4daf-990a-37d8d31b66d6,OSR122,G028,Nutmeg (Myristica fragrans),0.25,tsp
d21922cf-a239-49fe-9126-31b7c9552bc1,OSR126,H001,Almond (Prunus amygdalus),71.5,g
d221dfdb-af0a-49e9-bdfe-b851146f6233,OSR033,UK-12-176,"Cheese, Ricotta",210,g
d22c5bd7-057e-4249-b28c-80d0180fd0b0,ASC361,UK-17-367,Salt,0.5,tsp
d236839b-0318-4ec6-aab4-9e6dc017ce2f,ASC017,L002,"Milk, whole, Cow",0.75,C
d23fd757-ce18-4568-91d4-3ea4e811c808,BFP484,E047,"Orange, pulp (Citrus aurantium)",85,g
d24564f6-f2a4-4335-8e31-b259511002d0,BFP058,D033,"Capsicum, green (Capsicum annuum)",5,g
d24c8547-6cfb-410a-a06d-6466bd72df97,BFP393,ANN-ING-0006,KEWRA ESSENCE,0.5,tsp
d2550edf-e936-4606-ba35-a9baf78689d0,ASC065,F006,"Potato, brown skin, big (Solanum tuberosum)",50,g
d25649fb-4ee9-4afe-b28d-1ae506169388,BFP142,A014,"Rice, parboiled, milled (Oryza sativa )",80,g
d25ddc6a-5b68-4205-b611-3e3de094ac45,ASC208,UK-17-661,"Butter, unsalted",1,tbsp
d25f1ee1-c873-49bb-9ee8-e7e1195b7eda,BFP091,UK-14-820,Coconut milk,15,ml
d2637521-49e1-4f09-8c97-622b6c7781c7,OSR101,G017,"Onion, big (Allium cepa)",50,g
d267c5a8-257b-4fa2-a4ee-851b13702463,ASC360,D061,"Peas, fresh (Pisum sativum)",20,g
d26a9db2-dd04-4d38-bd5b-bbfe9c404a9b,OSR049,G019,Asafoetida (Ferula assa-foetida),0.5,tsp
d26b91c3-9f1b-43b4-baa0-37f6d0ab9da6,BFP197,G012,"Garlic, small clove (Allium sativum)",1.25,g
d26d744d-2f6c-4921-9d17-9e0fbfff0868,OSR145,G024,Coriander seeds (Coriandrum sativum),0.5,tsp
d2740802-6777-4b34-aae4-748ff572d094,ASC466,UK-17-640,"Ghee, butter",2,tsp
d275c905-c929-4423-a1f1-e1e5f2686941,BFP239,UK-13-829,Garam masala,0.125,tsp
d288059a-267c-453a-87f5-767faab2eac9,ASC506,ANN-ING-0048,Citric Acid,4,g
d288dc62-7a80-48ac-a300-93a44b3d05fb,BFP544,G031,"Pepper, black (Piper nigrum)",0.125,tsp
d289be13-6be3-4ee9-982c-4a91ebbe3db8,ASC445,H012,Ground nut (Arachis hypogea),25,g
d29ca6ee-2806-40af-9ce3-5193de0643d9,ASC164,G017,"Onion, big (Allium cepa)",25,g
d2aaeabd-0fa6-469b-8d88-58d1feca7366,ASC436,US-173471,Vanilla extract,0.5,tsp
d2b38e75-4467-4fc4-9860-462b2bb95375,BFP352,UK-17-360,Gelatine,0.25,tsp
d2b69e12-4206-4e40-9d5f-aec41aaff80e,OSR141,G008,"Chillies, green - all varieties (Capsicum annum)",6.67,g
d2b9e79f-3e3c-4b95-835c-fd4c51bf3260,ASC408,UK-17-377,"Water, distilled",75,ml
d2cd13e7-e47c-4d7f-9afc-8ec347e4a09a,ASC304,M001,"Egg, poultry, whole, raw",50,g
d2cf2fba-5045-4e22-83d7-a801d785b3d4,ASC102,UK-17-367,Salt,0.25,tsp
d2d8b289-7221-4b5d-a834-6e601b167f94,OSR112,US-384277,STAR ANISE,1.5,g
d2da849e-4ca3-4d24-9096-356ee64ef180,ASC324,M001,"Egg, poultry, whole, raw",50,g
d2e7e63f-54f7-4a79-9b2f-b6a36501786a,OSR013,E001,"Apple, big (Malus domestica)",80,g
d2ed00b7-835d-4ecb-a0cf-a75030a2a177,BFP203,G017,"Onion, big (Allium cepa)",10,g
d2f31dd5-20e0-4630-8a7b-0b26f6047b60,ASC514,UK-17-063,"Sugar, white",40,g
d2f62a5f-b5df-4f6a-bfd8-da63fc66d912,BFP443,E064,"Tamarind, pulp (Tamarindus indica)",10,g
d3069c39-e5a9-4bf7-86ae-7c9abaf501fb,ASC154,G025,Cumin seeds (Cuminum cyminum),0.25,tsp
d30bb4b1-6265-4d30-bc13-18c6e80e287a,ASC461,C033,Spinach (Spinacia oleracea),50,g
d3108ced-b5fd-415d-9b72-06dd538cb758,OSR142,UK-17-377,"Water, distilled",2.75,C
d31343ff-b16a-45a0-9356-157241445ea8,BFP019,UK-17-377,"Water, distilled",12,tbsp
d315c952-0245-4d8f-8a1c-6c87100ef937,BFP310,UK-17-362,Mustard powder,0.5,tsp
d3207ac4-0122-4924-9ec4-437237394e54,BFP187,UK-13-805,"Basil, dried, ground",3.75,g
d321f24c-a89b-40ed-bb23-1deacf2cbc95,OSR114,UK-13-873,Chilli powder,1.5,tbsp
d324ea38-f4a5-419d-95fd-e46779832172,OSR050,US-499035,RICE VINEGAR,127.5,g
d329d7a1-3b52-490c-afd4-fb812d5c1cf0,ASC209,G009,Coriander leaves (Coriandrum sativum),1,sprig
d32a1b24-addd-4be9-9151-0fb1da75f0e3,ASC495,E035,Litchi (Nephelium litchi),1000,g
d32db30c-80c0-428b-b227-bf3bdb205eb3,ASC366,D050,"French beans, hybrid (Phaseolus vulgaris)",20,g
d33a3f79-5134-46f0-9115-0f594026bd08,ASC214,G032,Poppy seeds (Papaver somniferum),0.25,tsp
d33a6a19-6626-4b23-96c4-985e875c98c8,BFP067,UK-17-367,Salt,0.25,tsp
d3445fab-4ac3-434a-9955-dbbf9568cf69,ASC021,UK-12-184,"Yogurt, whole milk, plain",100,g
d34deca4-20ee-4b66-848b-7be4d57458b2,ASC361,G008,"Chillies, green - all varieties (Capsicum annum)",3.3,g
d35a348a-2cf8-4e1e-b9b4-19e6d0006ea6,BFP578,UK-13-580,"Beansprouts, mung, boiled in unsalted water",30,g
d3659493-e314-4199-af07-4d77c2fd2dfc,BFP404,H001,Almond (Prunus amygdalus),5,g
d366726b-8aa2-43ee-9770-4f87e65753a8,ASC503,ANN-ING-0048,Citric Acid,0.5,tsp
d36ab7d1-f3a4-47ef-bb04-f2ae69b15715,ASC261,D061,"Peas, fresh (Pisum sativum)",75,g
d36b058a-c767-4b3e-8460-586a85e49731,ASC404,UK-14-130,"Lemons, flesh only, raw, weighed with peel and pips",15,g
d36c2ef4-0b66-491d-82c3-e7efc83afa5f,ASC255,D075,"Tomato, ripe, hybrid (Solanum lycopersicum)",30,g
d381a3ea-b8d9-4d44-a838-2fc0a01e2ab9,BFP564,A003,Bajra (Pennisetum typhoideum),25,g
d382b422-ccd5-409e-a740-1db25ebd93f8,BFP190,G012,"Garlic, small clove (Allium sativum)",1.87,g
d386ae27-9998-4972-8296-ff844d10fffc,ASC474,G009,Coriander leaves (Coriandrum sativum),1,sprig
d38afe0a-4297-4662-a73b-70e5dff52e4f,BFP456,UK-17-661,"Butter, unsalted",10,g
d39309ae-aee5-46cc-8c0a-200fc5c2fc18,ASC063,L002,"Milk, whole, Cow",100,ml
d3a0077d-a469-4b28-bcb2-298e944f8dbf,BFP250,G025,Cumin seeds (Cuminum cyminum),0.125,tsp
d3a18329-5a6e-4a0b-ab66-9813c181473b,ASC167,B001,"Bengal gram, dal (Cicer arietinum)",1,tsp
d3a7ec50-2928-48c1-8e14-76e1ea9349c7,BFP308,A018,"Wheat flour, refined (Triticum aestivum)",1,tsp
d3b2222b-3b99-4672-9bba-48942cf269e7,ASC178,UK-13-873,Chilli powder,0.125,tsp
d3b461ca-4f9d-4609-9df7-f02afeb2761c,ASC239,G017,"Onion, big (Allium cepa)",50,g
d3b69e55-c9c1-4e92-ab42-98e1d5b9815c,BFP401,A022,"Wheat, semolina (Triticum aestivum)",50,g
d3c3608f-e2ce-499d-999c-78bf265beaad,ASC347,L004,Khoa,30,g
d3c407ba-ed77-4f1a-a0e5-01fa00745ad0,ASC194,UK-13-829,Garam masala,0.25,tsp
d3c6b1ba-62b3-48df-bf82-925aaa8cb063,ASC236,O064,"MUTTON, muscle",120,g
d3d638ad-3fae-4c7e-8709-9a210ddd97cf,ASC018,ANN-ING-0001,Pineapple Essesnce,0.5,tsp
d3e70944-4d4e-4c2b-864c-d23f4d74e208,ASC034,F002,"Carrot, orange (Daucus carota)",25,g
d3e7ad87-70e1-47c8-a342-d74a523d7e18,BFP443,D075,"Tomato, ripe, hybrid (Solanum lycopersicum)",100,g
d40bdc05-b26c-4378-8d52-ec1fadf5cd08,ASC093,G031,"Pepper, black (Piper nigrum)",0.25,tsp
d40e9f6e-ab0d-4f03-a5f9-cbbdb25414e5,BFP155,UK-17-045,"Oil, sunflower",1,tsp
d41280d5-9f3c-40bb-a6bb-ca7f8147f977,ASC353,US-806341,AJWAIN SEED WHOLE ORGANIC SPICES,0.25,tsp
d412decc-22e9-4bc8-87e1-efc178c77af5,ASC219,F004,Colocasia (Colocasia esculenta),25,g
d41da2f8-1537-47c5-80e9-4f7708495458,BFP239,G012,"Garlic, small clove (Allium sativum)",1.25,g
d42073d4-3ea7-488e-b46d-972e710df931,OSR081,G022,"Chillies, red (Capsicum annum)",50,g
d421ee3e-59a5-4071-b8b9-9138094c4e51,OSR131,UK-19-497,"Bacon rashers, back, raw",480,g
d426a8d7-5813-46fd-ad15-3a2b2d349184,ASC215,D075,"Tomato, ripe, hybrid (Solanum lycopersicum)",50,g
d429f8c4-5d43-4f87-8011-19fad7e2d708,BFP495,UK-17-356,Bicarbonate of soda,0.25,tsp
d42af67c-f24d-4d90-b11f-8540bab5c707,OSR112,D075,"Tomato, ripe, hybrid (Solanum lycopersicum)",360,g
d42b2654-a991-471b-9765-77cdeafcb3b0,BFP350,UK-17-063,"Sugar, white",30,g
d42f5838-0a4d-4f80-9545-97bb0223eb70,ASC254,M001,"Egg, poultry, whole, raw",50,g
d42fe69c-9e5d-47ef-9892-cfacf36630a6,BFP198,G012,"Garlic, small clove (Allium sativum)",1.87,g
d433f7f2-49ac-4447-9fd5-07edff65a66b,BFP382,ANN-ING-0032,ORANGE COLOUR,0.25,tsp
d43b1794-8167-45ae-83d3-d6ba283b1285,BFP350,L002,"Milk, whole, Cow",150,ml
d43fe57f-676a-4bda-b8ec-02cc52222e68,ASC087,UK-11-1045,"Flour, corn",1.5,tsp
d44c5dda-be4f-4174-8db5-b9178cf1b518,BFP424,UK-17-367,Salt,0.25,tsp
d44fc715-0ef3-4327-a1ee-b73bbb42274f,BFP115,A019,"Wheat flour, atta (Triticum aestivum)",40,g
d453e554-c259-46a2-96ab-fbc50f9a7fc7,BFP498,US-173471,Vanilla extract,0.5,tsp
d454000b-cdc6-4238-9971-a3cdeca1d1e6,ASC172,G009,Coriander leaves (Coriandrum sativum),1,sprig
d4631335-1873-4db9-a8a4-47fdc47c8c33,ASC240,UK-17-367,Salt,0.5,tsp
d4631606-6736-4318-aa78-d0df633e9fd0,BFP197,G023,Cloves (Syzygium aromaticum),0.25,tsp
d4681539-2f3f-425d-8b8a-87d0b9fa86c6,ASC034,G031,"Pepper, black (Piper nigrum)",0.125,tsp
d476db01-b87f-4997-a4f9-36056c9bf554,ASC325,UK-17-377,"Water, distilled",75,ml
d47ad8f6-e4da-452b-a8ac-2da6a5704dfe,OSR030,UK-17-038,"Oil, olive",1,tbsp
d47c204b-1d79-4a26-889b-7412cd421749,ASC203,UK-13-873,Chilli powder,0.25,tsp
d480cb21-b7aa-4958-a571-e0824659ba87,BFP141,O064,"MUTTON, muscle",80,g
d48b2474-462e-476d-b863-7f2b5cebf777,BFP350,UK-17-491,"Chocolate, plain",25,g
d491f8fb-a63f-46d2-acfa-91c751501f17,ASC123,G031,"Pepper, black (Piper nigrum)",0.875,tsp
d49b61b8-5d30-40a6-9d13-f899a6d8f22d,BFP207,UK-17-377,"Water, distilled",0.5,C
d4a1d765-d920-4273-a9b4-9dd98a2dc8bd,ASC243,G012,"Garlic, small clove (Allium sativum)",1.25,g
d4b0f87c-3cb8-40d1-bad7-84bf10a2b12b,ASC237,UK-17-367,Salt,0.25,tsp
d4c6701b-5cdb-4613-8483-dc07b331643a,ASC090,G014,"Ginger, fresh (Zingiber officinale)",3.17,g
d4d03f18-99db-4650-9d6d-e5c0ccacdf6b,ASC413,A018,"Wheat flour, refined (Triticum aestivum)",4,tsp
d4d53759-7c5d-4ac5-908c-99618550593f,BFP276,G012,"Garlic, small clove (Allium sativum)",0.63,g
d4e1cf60-6b35-44cf-858b-60d107fe53b8,ASC277,UK-13-873,Chilli powder,0.25,tsp
d4e834ee-e183-4862-b435-dc8866206a4e,BFP276,G014,"Ginger, fresh (Zingiber officinale)",5,g
d4e8ffaa-2240-44bd-a9e6-c6fb44d3b61f,ASC122,UK-13-873,Chilli powder,0.5,tsp
d4f656ab-2f6d-4a04-9a27-dd326c49bb54,BFP151,H013,Mustard seeds (Brassica nigra),0.5,tsp
d501a7b9-b6a6-488a-8aae-aeb88694c587,ASC185,D073,"Tinda, tender (Praecitrullus fistulosus)",100,g
d50e769b-0305-4d2d-b6de-b57adc2d802f,BFP318,UK-17-377,"Water, distilled",1,tbsp
d528f1b1-2187-4f6a-a1ad-8cd87a3307f0,BFP326,E014,"Cherries, red (Prunus cerasus)",7.5,g
d533bf46-7975-4ae8-b8e7-b57254cc6a05,ASC292,H001,Almond (Prunus amygdalus),2.22,g
d53ae442-b410-4157-9278-5af03ab47a93,OSR148,UK-17-045,"Oil, sunflower",1.5,tbsp
d53c3dc6-6d6f-40de-927b-68dd64279fde,ASC134,D033,"Capsicum, green (Capsicum annuum)",50,g
d53d5aad-d7f7-49b0-a4c4-976d5209e35b,ASC219,D057,"Mango, green, raw (Mangifera indica)",30,g
d53f5aa5-f8fd-47a9-a6d0-cd8500eacfec,BFP391,H018,Pistachio nuts (Pistacla vera),5.6,g
d540404a-9bd4-4bb9-a452-8a0862559fa5,OSR156,UK-17-377,"Water, distilled",5,C
d5441ea6-6119-4586-ab96-8fd649e760f9,BFP013,UK-17-158,"Coffee, powder, instant",6,g
d549f15b-74b3-4991-b8e8-87add7cfb24f,ASC186,G014,"Ginger, fresh (Zingiber officinale)",5,g
d54b5207-72e6-410c-9a40-cd21479082a5,BFP124,UK-17-367,Salt,0.125,tsp
d5509b72-7d39-4c73-a08a-3ee6552ccff2,BFP391,L002,"Milk, whole, Cow",250,g
d553ac7c-0985-4620-a731-bb15d5be5e2e,OSR155,G025,Cumin seeds (Cuminum cyminum),1.75,tsp
d591f648-60c7-4da2-98df-0c86a75886c2,OSR018,UK-14-371,"Kiwi fruit, flesh only, raw",180,g
d598d2c8-a0c7-4651-b9ed-d0ae96ac08d5,ASC257,F002,"Carrot, orange (Daucus carota)",25,g
d5bced98-0f3c-43f8-bd15-94e7020e3054,ASC066,A018,"Wheat flour, refined (Triticum aestivum)",40,g
d5c13d7e-05ef-40f6-89b3-92b82a906f04,ASC241,UK-12-184,"Yogurt, whole milk, plain",50,g
d5c4d229-ca5d-4151-8f0b-391655dd94ee,BFP517,UK-17-355,Baking powder,0.17,tsp
d5c69058-897e-4385-a32d-10b74651ae25,OSR127,UK-17-377,"Water, distilled",0.25,C
d5cbfe51-5f80-459b-b318-a473fffd42e4,BFP291,UK-17-367,Salt,0.25,tsp
d5da1770-fd9c-4eb0-b648-ec06c650abb7,OSR065,UK-17-719,Chilli sauce,2,tbsp
d5da720f-4fd8-44c3-b8b5-2d6511694dc5,BFP257,G012,"Garlic, small clove (Allium sativum)",1.25,g
d5df8e39-9f1d-499f-a4c8-5a7c3310a056,BFP039,UK-17-377,"Water, distilled",100,ml
d5e011bf-7e40-4f13-83f1-55f610b0ce1d,BFP516,US-173471,Vanilla extract,0.5,tsp
d5e4106b-02b1-4c84-a239-2a91067fecd9,OSR061,D057,"Mango, green, raw (Mangifera indica)",330,g
d5e45fdb-fe68-4880-b4b6-358367d09b44,ASC460,US-806341,AJWAIN SEED WHOLE ORGANIC SPICES,0.125,tsp
d5e4aa53-5239-44e9-92f8-613bc42658d5,ASC447,A018,"Wheat flour, refined (Triticum aestivum)",50,g
d5fe8357-df1f-4255-bd02-e0cb19dbcd10,OSR106,UK-17-367,Salt,0.5,tsp
d5fed2ca-85b4-4bae-8163-b1e4298deb9e,OSR081,UK-17-721,"Soy sauce, light and dark varieties",2,tsp
d600b5b9-dd63-4280-a578-a4c320a059fa,OSR135,G012,"Garlic, small clove (Allium sativum)",2.8,g
d604009d-678b-461f-b673-47ce0fa77274,ASC095,C033,Spinach (Spinacia oleracea),15,g
d6042fcf-ddad-4ca6-a766-c0dffa107771,ASC318,E014,"Cherries, red (Prunus cerasus)",12.5,g
d607a413-1c57-4299-bf3a-b9205b575dde,ASC132,G031,"Pepper, black (Piper nigrum)",0.25,tsp
d6154266-01c6-4283-9447-287080e3d0ea,ASC115,G021,"Cardamom, black (Elettaria cardamomum)",0.25,tsp
d61a11a0-c83d-47ab-bf78-45ab90dedf64,ASC269,D075,"Tomato, ripe, hybrid (Solanum lycopersicum)",40,g
d620a163-9276-4d33-9a32-33c0eb88c4d2,BFP024,G020,"Cardamom, green (Elettaria cardamomum)",0.8,tsp
d6288de1-8f61-444e-88cd-e3f2443f67a7,ASC260,F002,"Carrot, orange (Daucus carota)",25,g
d63251bf-9420-47e0-b0e7-893f83c5b9bf,BFP382,L002,"Milk, whole, Cow",60,ml
d635444c-dfbf-4312-a3f5-c5eaac2f01cd,BFP220,UK-13-873,Chilli powder,0.25,tsp
d6361719-3de6-4ba8-bb05-90c83a2ab015,BFP373,M002,"Egg, poultry, white, raw",34,g
d6411544-1201-495e-90b4-c4dffb852848,ASC203,UK-17-367,Salt,0.25,tsp
d64552dd-f6d2-4db4-a0d9-781a8e468627,ASC106,UK-17-045,"Oil, sunflower",2,tbsp
d64a2028-c783-4e2d-90c9-b0151bdb18be,ASC189,F002,"Carrot, orange (Daucus carota)",20,g
d6504165-c49a-454e-a52e-b43916763f43,BFP147,G010,Curry leaves (Murraya koenigii),1,sprig
d658367a-e08e-4211-a5bc-df6a297a4430,ASC030,UK-12-527,"Cheese, processed, plain",20,g
d67a2e5d-74bf-4911-a60d-dd1e8368287c,ASC151,UK-17-367,Salt,0.5,tsp
d67f2355-5832-440a-b601-01a5b1b02281,BFP208,UK-17-661,"Butter, unsalted",1,tsp
d682c51a-8635-49c4-95c6-5411b12ec231,BFP177,G022,"Chillies, red (Capsicum annum)",3.33,g
d68801e5-3fb7-4dd2-811a-66ba1e447a8e,BFP392,ANN-ING-0006,KEWRA ESSENCE,0.5,tsp
d68c2d1b-4f83-4793-8e89-21162448ccc3,ASC230,G023,Cloves (Syzygium aromaticum),0.25,tsp
d68f9aa4-ccd2-4063-b199-f34f5b915776,ASC089,G031,"Pepper, black (Piper nigrum)",0.125,tsp
d690d4e9-42a8-44e3-931b-ac54285d8c93,BFP096,UK-17-709,Tomato ketchup,30,ml
d693d369-9d9a-4251-a9bc-104c3fa50d45,ASC201,D075,"Tomato, ripe, hybrid (Solanum lycopersicum)",50,g
d6a35e8c-e4e7-4d96-ac4e-c41f2e704011,BFP124,D042,"Corn, Baby (Zea mays)",40,g
d6a4ff13-3e74-4b3e-91e2-4f9131911959,BFP491,G023,Cloves (Syzygium aromaticum),0.125,tsp
d6b379e7-8cb8-4318-a70b-47284056c5a1,BFP427,H012,Ground nut (Arachis hypogea),10,g
d6bd09ec-999c-45c2-bec2-2dbe9766a7d1,ASC269,UK-17-367,Salt,0.25,tsp
d6c48ba1-bef8-42f2-89ce-e0f3f6ca46fc,ASC434,UK-17-062,"Sugar, icing",150,g
d6eabe94-707f-4ae4-89d5-c8f6153c5de9,ASC257,UK-12-332,"Cream, fresh, single",30,g
d6f3b8db-4716-48c1-a2c4-4be79e26d330,BFP296,M001,"Egg, poultry, whole, raw",50,g
d6f5bea6-b175-4d13-aa25-2ce37e7d6e52,ASC240,G032,Poppy seeds (Papaver somniferum),0.25,tsp
d703e281-f98e-43d3-8234-ef4b966ed34e,ASC470,UK-17-377,"Water, distilled",2,tbsp
d706c716-58c6-4d8e-af9b-e3eec8817050,ASC240,G012,"Garlic, small clove (Allium sativum)",2.2,g
d708af5c-2bc2-4a5a-93ea-e1a70c0e87a8,ASC105,G017,"Onion, big (Allium cepa)",20,g
d71114e9-a255-456f-84ca-32d58dfd70bb,ASC167,UK-17-377,"Water, distilled",1,C
d7115114-ec0f-440e-8c26-41c8afad668e,BFP090,UK-17-045,"Oil, sunflower",5,g
d712f665-b028-44e1-a856-1f5fc4aad9f2,BFP047,B003,"Black gram, dal (Phaseolus mungo)",5,g
d719516b-08b5-4841-aaf4-42936346daf4,ASC171,UK-13-873,Chilli powder,0.25,tsp
d71de1ba-4d27-41d2-82b7-dff958e0e5d3,ASC501,E053,Pineapple (Ananas comosus),1500,g
d72b428d-8938-4db3-b36f-0975b6d360c9,OSR023,UK-13-874,"Cinnamon, ground",1,tbsp
d7307cf3-08a5-4bc0-9f94-5855c566a8f0,ASC399,UK-14-335,"Cherries, glace",5,g
d735a419-4df1-4619-a3c8-8d928be72c63,BFP404,L004,Khoa,50,g
d739be5d-3ab4-4358-accf-d96153488a93,BFP177,UK-14-130,"Lemons, flesh only, raw, weighed with peel and pips",7.5,g
d73a6b32-b30d-4363-8091-5755125a92b3,BFP359,E033,"Lemon, juice (Citrus limon)",1,tsp
d743790b-e763-40f7-b9ee-4c5b5d55c06b,BFP389,UK-17-377,"Water, distilled",2,tbsp
d74540e6-fffd-4262-af4f-a6176fa8c51a,ASC269,UK-13-873,Chilli powder,0.125,tsp
d74f1b8f-146c-4adc-95ff-95ad6147004f,OSR094,M001,"Egg, poultry, whole, raw",300,g
d750a08b-2291-4c8e-83fc-d87bddceffd0,BFP306,E053,Pineapple (Ananas comosus),40,g
d756bc02-40ee-4615-9bda-4955db5f6be3,BFP196,G028,Nutmeg (Myristica fragrans),0.25,tsp
d7583d78-6858-41a8-8e93-5d7d14dc6e5e,ASC199,UK-11-1145,"Bread, white, average",30,g
d760302a-283b-4537-9ec0-a5d5aba0f1db,ASC027,UK-17-362,Mustard powder,0.25,tsp
d760b12c-c167-48a1-9df1-2f5720e2e3c8,OSR036,UK-17-355,Baking powder,0.5,tsp
d765c146-bd21-4733-8861-2d51bcf80386,ASC460,A018,"Wheat flour, refined (Triticum aestivum)",50,g
d76b829e-b78d-45d1-a764-1d0b270be86b,ASC100,UK-17-367,Salt,0.13,tsp
d76f06fb-f170-4ec4-a297-5f6f3300813f,OSR122,US-173471,Vanilla extract,1,tsp
d7701811-3d72-4ac8-b235-f365d038071b,BFP608,UK-17-063,"Sugar, white",30,g
d77fef63-17b7-4132-9b21-b2ae88cb978f,BFP451,US-400113,"SIVA'S, AMHUR POWDER (DRY MANGO POWDER)",0.25,tsp
d78ed24f-82e3-4a30-b685-649a309a9bf8,ASC076,J001,"Button mushroom, fresh (Agaricus sp.)",35,g
d7911d94-e7e3-406e-86d0-26aa8a660fc5,ASC243,N003,"Chicken, poultry, breast, skinless",100,g
d791f624-2840-436f-bb9b-d98eb2a3dc98,ASC004,UK-14-130,"Lemons, flesh only, raw, weighed with peel and pips",17.5,g
d794e8b3-df84-4cb1-bd83-97ef40e12220,OSR147,UK-17-045,"Oil, sunflower",1,tsp
d796f3c8-1a9a-4d8d-ad4e-799bfa11362f,BFP185,UK-13-873,Chilli powder,0.125,tsp
d79aaa8b-a57c-4b9d-b3e6-78408e1016e7,ASC202,G033,Turmeric powder (Curcuma domestica),0.25,tsp
d7a0cd19-2488-406b-b90f-b45c1c965f04,OSR043,UK-17-661,"Butter, unsalted",4,tbsp
d7a1e662-fcdd-488f-aedf-d4b0c6e80431,BFP578,UK-17-045,"Oil, sunflower",10,g
d7a85a6b-c2a1-4a57-a52a-e2e3ca149e39,ASC411,A018,"Wheat flour, refined (Triticum aestivum)",50,g
d7b392e6-389b-4f85-a9bc-58657b41c0ee,ASC167,G024,Coriander seeds (Coriandrum sativum),1,tsp
d7b5c6cd-d0d8-4a08-ad5b-866af4b594d6,BFP250,UK-13-873,Chilli powder,0.125,tsp
d7b71c20-58b8-4b8f-a924-4b65a54f2db5,BFP259,C008,Bathua leaves (Chenopodium album),150,g
d7bbd9c5-58a4-4a15-859e-8a2fb94da6db,BFP137,G025,Cumin seeds (Cuminum cyminum),0.25,tsp
d7bf5cec-fd58-4ef9-8d1b-68c445f8cd17,ASC407,UK-17-062,"Sugar, icing",1,tbsp
d7cbc3fe-8b8e-45c0-a45e-7ccf8e1b3146,ASC092,UK-17-339,Vinegar,1,tsp
d7ce1a42-d09f-4f1f-bd93-d1b7e9f70b2f,ASC102,US-400113,"SIVA'S, AMHUR POWDER (DRY MANGO POWDER)",0.5,tsp
d7d0d82c-1296-4eab-9c80-deaa1ad48e8f,OSR029,UK-17-367,Salt,0.5,tsp
d7e001f4-1641-440f-bfc9-aeba3ce1531f,ASC121,A014,"Rice, parboiled, milled (Oryza sativa )",80,g
d7e33f28-57d9-4097-9265-0951cf7fc17e,BFP008,UK-17-158,"Coffee, powder, instant",4,g
d7e7e712-45e3-46f0-9561-d64557efea65,BFP452,UK-13-352,"Spring onions, bulbs and tops, raw",10,g
d7f3f8a7-d92f-4396-aaee-10b650b8b1db,BFP356,UK-11-938,"Breakfast cereal, crunchy clusters type, without nuts, unfortified",10,g
d7f49d42-63de-4775-be58-c21e76d7e713,ASC180,G012,"Garlic, small clove (Allium sativum)",0.63,g
d7f5b9b8-de5d-4361-ba4a-b7ae3671763a,ASC168,G033,Turmeric powder (Curcuma domestica),0.75,tsp
d7ff5647-5827-4848-ba36-7ed7e2bd3c64,ASC436,UK-17-062,"Sugar, icing",175,g
d8054979-bac5-4578-a6b9-9d1cb3358ea0,ASC258,G009,Coriander leaves (Coriandrum sativum),1,sprig
d81e44ff-1c48-4807-a063-434492683fa6,BFP222,UK-17-045,"Oil, sunflower",15,g
d825b69a-7ca6-48da-b9fa-decca24a6d3b,OSR081,G012,"Garlic, small clove (Allium sativum)",136,g
d82e27e2-5e49-4407-8851-9c41e3e28001,OSR112,G014,"Ginger, fresh (Zingiber officinale)",1,tsp
d838d5ed-542d-4daa-9dc1-0ef2cff44179,BFP473,D043,"Cucumber, green, elongate (Cucumis sativus)",30,g
d8425ce8-119a-4a15-9812-150d00e07c2f,BFP579,H012,Ground nut (Arachis hypogea),10,g
d853f712-fa0c-4350-80b1-6808a5e5b7bd,ASC037,D075,"Tomato, ripe, hybrid (Solanum lycopersicum)",12.5,g
d86a416b-7b82-4924-9b2b-52859ab9e0ef,BFP232,L002,"Milk, whole, Cow",0.25,C
d86cd383-eaef-49c5-b0f8-d44be57ea0c8,BFP507,UK-17-355,Baking powder,0.125,tsp
d86dc331-a355-4588-b6c2-44ef2dcffe58,ASC509,F005,Lotus root (Nelumbium nelumbo),166.67,g
d87c1b23-bbdd-44bb-a204-5be01a45c980,ASC274,G008,"Chillies, green - all varieties (Capsicum annum)",1.67,g
d886aa55-65bf-41a9-b3ba-a73201bacb56,OSR116,G019,Asafoetida (Ferula assa-foetida),0.25,tsp
d8935989-93e8-4b7a-842a-469cbe63e6c6,BFP201,G012,"Garlic, small clove (Allium sativum)",1.25,g
d8967983-0067-4cce-a2f4-f7eaaafe57cb,BFP505,E047,"Orange, pulp (Citrus aurantium)",0.25,tsp
d8a17cc5-e9c5-4c4a-a460-0030b6ac3102,BFP347,UK-17-063,"Sugar, white",30,g
d8a1e93f-8492-4d21-8025-472474d03da7,BFP205,D075,"Tomato, ripe, hybrid (Solanum lycopersicum)",60,g
d8adaa90-8ee5-4000-b124-518c1661bf6d,ASC083,F002,"Carrot, orange (Daucus carota)",20,g
d8b2216c-fbba-4f32-902f-c63e001f8d47,BFP306,UK-17-377,"Water, distilled",0.5,tbsp
d8b5e581-ac05-41bd-bd89-fbd5eaaec824,OSR017,UK-17-491,"Chocolate, plain",2,tbsp
d8c6a32d-222a-4ad1-aba7-0cdd4a1aea19,ASC485,UK-17-367,Salt,0.25,tsp
d8ca959f-d284-42d4-a190-d197dd212167,ASC489,E033,"Lemon, juice (Citrus limon)",0.5,tsp
d8cb13d3-fa93-447a-9a16-3a5429483416,ASC259,D075,"Tomato, ripe, hybrid (Solanum lycopersicum)",30,g
d8d13ded-34b7-4cc6-8436-702ecc51bc9b,ASC438,UK-17-360,Gelatine,1,tsp
d8d8620a-0240-44ed-bbe5-a36da2763940,BFP162,G028,Nutmeg (Myristica fragrans),0.25,tsp
d8e16362-3463-4532-b993-5cc78033e0e7,ASC405,UK-17-063,"Sugar, white",30,g
d8e3c315-ca90-465a-a6a8-cfc4569209a7,ASC121,UK-17-367,Salt,0.75,tsp
d8ec420a-939d-410d-87b9-2aa30467a21d,OSR060,G008,"Chillies, green - all varieties (Capsicum annum)",16.65,g
d8ed7799-1868-4275-a780-f64c0df1f4ae,ASC133,UK-11-1045,"Flour, corn",2,tsp
d8edd585-b987-4595-b72f-1b75595c2937,BFP046,G033,Turmeric powder (Curcuma domestica),2,g
d8ee3441-a73c-4cdb-ba24-c8b203034aa6,ASC258,UK-17-367,Salt,0.25,tsp
d8f0ca34-d1e1-417b-a56d-fd43165d6264,BFP127,G017,"Onion, big (Allium cepa)",10,g
d8f61dd9-8705-4ef5-bb64-d14a8bc971de,BFP057,UK-17-367,Salt,0.25,tsp
d8f9362b-c954-450b-a152-f40a1bc2559e,BFP262,UK-17-367,Salt,0.17,tsp
d8f95cc2-c5e2-4fde-b0cf-f6596f05a69e,ASC302,UK-17-063,"Sugar, white",1.5,tbsp
d8fd0185-6a4e-4dd8-9466-fd25c1f0139d,BFP522,UK-17-063,"Sugar, white",10,g
d8fd11d1-ec06-4c26-b6d8-9196983eba53,BFP353,UK-17-661,"Butter, unsalted",5,g
d8fee450-2ec4-4cd1-a500-8897491223d4,ASC136,D061,"Peas, fresh (Pisum sativum)",30,g
d9029d49-de0f-4f4e-9ea4-fababcaa518c,BFP552,A019,"Wheat flour, atta (Triticum aestivum)",45,g
d9138c3f-87bc-47a7-9e9b-39d5d89802c4,OSR133,UK-13-832,"Ginger, ground",0.62,tbsp
d9171f86-a0bd-4659-9342-216a16bb60a4,BFP044,F006,"Potato, brown skin, big (Solanum tuberosum)",30,g
d91b6bc8-928a-450e-a5de-7f7ddb418271,OSR069,UK-50-1173,"Tomato sauce, homemade",735,g
d91ef0d1-ae7c-46e9-97a4-bb21731afce8,ASC349,H018,Pistachio nuts (Pistacla vera),1,g
d91fe9cf-0914-4afe-b871-76eb1a874c89,OSR062,UK-13-829,Garam masala,1,tsp
d929bc00-8efb-4810-975c-496d30ca36f1,BFP366,UK-14-130,"Lemons, flesh only, raw, weighed with peel and pips",22.5,g
d92ad7a1-d62f-479b-8b9f-33785d630b56,BFP196,UK-17-045,"Oil, sunflower",2,tsp
d93343cf-906c-4d34-b67d-02fe6caa827c,BFP456,UK-17-367,Salt,0.25,tsp
d9430e90-81d9-4d8b-aa83-c60eb259270b,ASC433,M001,"Egg, poultry, whole, raw",100,g
d94b0aac-e838-4018-882f-6f3a02e9f43f,BFP210,G024,Coriander seeds (Coriandrum sativum),0.25,tsp
d94e9341-b896-4a47-8ad8-d95792b6323a,ASC007,UK-17-165,"Tea, black, infusion, average",2,g
d94f6d26-b723-4750-82b8-7575eaaec4a2,ASC032,D075,"Tomato, ripe, hybrid (Solanum lycopersicum)",50,g
d94fbde6-080b-462d-9630-381aab87b36a,ASC058,M001,"Egg, poultry, whole, raw",50,g
d963a185-af9c-4976-8c7f-6236b91a6d2d,BFP196,UK-17-367,Salt,0.17,tsp
d971e705-a363-4744-bea6-b0a97695f18a,ASC309,UK-17-360,Gelatine,1.5,tsp
d978d449-1b88-4773-b216-3bcae2451ea5,BFP170,E064,"Tamarind, pulp (Tamarindus indica)",5,g
d97dae68-307d-47de-b880-681a5f82bef8,OSR114,UK-17-377,"Water, distilled",2.5,tbsp
d98597cf-0072-4211-b5aa-1ffb919edfc0,ASC172,D033,"Capsicum, green (Capsicum annuum)",50,g
d990b557-7e72-4a87-a5d6-78f16fbe2e37,BFP161,UK-17-367,Salt,0.25,tsp
d99111fd-3ede-4e10-a093-3f0f0bf44919,BFP579,B001,"Bengal gram, dal (Cicer arietinum)",20,g
d991126a-bfcb-4efc-b171-3c8c854289cf,BFP575,C033,Spinach (Spinacia oleracea),40,g
d99406f8-f55b-47a3-b56f-b78751f87290,OSR146,UK-14-844,Sesame seeds,1,tsp
d99a08a6-2c99-4c5e-907d-87d226261eea,ASC313,UK-12-332,"Cream, fresh, single",20,g
d99c6882-f2b4-4b24-a42c-7e3de5be909d,ASC125,UK-17-063,"Sugar, white",80,g
d9b00908-99f3-4b93-8dea-8f3ae3ade7d9,BFP196,UK-13-829,Garam masala,0.125,tsp
d9b0a62c-e50c-444d-95f6-84ad5a083678,OSR092,UK-14-842,Pumpkin seeds,32.25,g
d9ba6bcb-150f-4ee3-b361-6e828a644b8b,ASC417,L002,"Milk, whole, Cow",15,ml
d9bb010f-77ff-45d2-b46f-ca3be6ec5469,BFP269,UK-17-045,"Oil, sunflower",15,g
d9c851d4-2b1f-4133-a568-ec596157dcd0,ASC120,H005,Cashew nut (Anacardium occidentale),5,g
d9cfdf65-a89e-46ff-a1fb-a98bc305e691,BFP240,UK-17-045,"Oil, sunflower",2,tsp
d9df8941-42b3-4646-85be-10f249d972b3,BFP289,G031,"Pepper, black (Piper nigrum)",0.25,tsp
d9e50e5f-efd9-4f1f-8614-e426a6a5c42b,OSR143,G019,Asafoetida (Ferula assa-foetida),0.25,tsp
d9e672dc-d493-4b43-b10b-a4afb6edbd6e,BFP097,UK-17-661,"Butter, unsalted",15,g
d9e986fa-ccea-47ba-b3bf-28103231a07f,BFP142,G017,"Onion, big (Allium cepa)",20,g
da0390c2-9e98-4547-bafc-3d59d2ceb98d,ASC199,D075,"Tomato, ripe, hybrid (Solanum lycopersicum)",50,g
da06a164-90ac-485c-afc7-5c6afd1539c5,BFP352,UK-17-377,"Water, distilled",4,tbsp
da099c3c-1687-4a56-8eb9-7e332d902e62,ASC119,G017,"Onion, big (Allium cepa)",50,g
da0ac334-85fe-461a-84e7-dc3d0899d2dd,OSR071,M001,"Egg, poultry, whole, raw",68,g
da0afd73-b959-4ca9-b75a-0307d8a3f0bc,OSR083,G022,"Chillies, red (Capsicum annum)",10,g
da0e8183-ae27-4c41-8c51-d847bc7157df,ASC352,UK-11-896,"Flour, gram",50,g
da13070a-f910-4da9-8025-640176644263,ASC447,G020,"Cardamom, green (Elettaria cardamomum)",0.25,tsp
da138312-9d3b-4e9f-ad52-c1f7397a157d,ASC102,UK-17-045,"Oil, sunflower",2,tbsp
da1a867b-aebc-4281-b497-8372a47c60e9,ASC215,UK-17-377,"Water, distilled",1,tbsp
da21a148-11d9-4600-90c8-78cfc22c0e54,BFP066,G009,Coriander leaves (Coriandrum sativum),1,sprig
da22325f-813e-4daf-9d95-57ce7384e514,BFP148,B003,"Black gram, dal (Phaseolus mungo)",30,g
da227c70-4a08-4706-9559-e4bccaff81f5,OSR146,B001,"Bengal gram, dal (Cicer arietinum)",100,g
da2f7a66-cad4-46c4-b9b8-ce1b6936e229,BFP153,H007,"Coconut, kernel, fresh (Cocos nucifera)",500,g
da2fda6c-c631-4e5c-9720-f2422a422290,ASC463,UK-17-377,"Water, distilled",100,ml
da35f3a4-098b-4383-aba4-a9c489d95b45,ASC312,UK-17-377,"Water, distilled",1,tbsp
da36d0e6-f328-4855-a573-189a2467b5b3,BFP440,H007,"Coconut, kernel, fresh (Cocos nucifera)",1,tbsp
da4750fa-1f55-4bdb-bf1c-66c72142bbf6,BFP439,UK-17-377,"Water, distilled",2.25,C
da49155c-70c2-4c72-abf1-12fe04f558a9,ASC212,UK-13-873,Chilli powder,0.125,tsp
da4a1e48-5807-4b6b-82f9-4e0152b88341,ASC369,UK-13-873,Chilli powder,0.25,tsp
da4b0db7-7b3d-4abb-8fb7-1fde11232720,BFP370,UK-17-377,"Water, distilled",30,ml
da4df891-45dd-4f96-bbdd-fcce9ea286d0,ASC409,UK-17-045,"Oil, sunflower",480,ml
da5218f1-6c95-4c20-9e1e-c144bcc0ebfb,BFP453,G031,"Pepper, black (Piper nigrum)",0.125,tsp
da5333c4-f199-43f8-95ec-d8948a63d046,ASC120,UK-17-045,"Oil, sunflower",2,tbsp
da60fa8a-bc84-4858-85a2-316b567c4ae9,BFP089,E033,"Lemon, juice (Citrus limon)",15,g
da6103dc-6113-44f3-acfd-f70345f86cbd,BFP178,G031,"Pepper, black (Piper nigrum)",0.25,tsp
da65f602-b740-4dc9-887f-bd0da15f99e5,ASC109,UK-17-377,"Water, distilled",4,tbsp
da66b881-3c27-4583-894b-39e667edb5d1,ASC251,G014,"Ginger, fresh (Zingiber officinale)",5,g
da66cc0c-0f1d-400a-8e98-3d128355fcb2,BFP239,UK-13-873,Chilli powder,0.125,tsp
da690db8-38ad-4109-a068-97447e056338,OSR114,UK-17-367,Salt,0.25,tsp
da6d4bb6-6915-4a8e-a01d-f7385b3b6a9e,ASC311,US-173471,Vanilla extract,0.5,tsp
da6e2cce-6bad-4fed-a1ba-38ea6f7a663c,OSR001,UK-17-377,"Water, distilled",15,tbsp
da746d6a-2de6-4549-ad20-671e642d94db,BFP368,UK-14-335,"Cherries, glace",5,g
da794649-0c22-4ae9-a5cb-045b4363aa18,ASC257,UK-17-038,"Oil, olive",2,tsp
da7d3dd9-029f-422a-b1be-faa01c771ecf,BFP043,B003,"Black gram, dal (Phaseolus mungo)",5,g
da81a564-7d05-4c4f-a654-b87e53630a80,OSR107,B010,"Green gram, dal (Vigna radiata)",87.5,g
da8995c9-efb1-48db-a46e-81b2c8672126,BFP502,M001,"Egg, poultry, whole, raw",6.25,g
da8fa919-d486-438e-93b9-9ef59d2fbec0,ASC165,UK-17-367,Salt,0.5,tsp
da92c428-92cf-4a15-b3af-1d91e2a45de0,BFP529,UK-17-367,Salt,1.88,tsp
da944746-5e05-46a9-87d5-87bc081ba66e,ASC486,US-473921,CRACKED WHEAT,20,g
da94f0c9-22ac-45ed-8f4b-8d0215ac088e,BFP354,US-170857,"Cream, fluid, light (coffee cream or table cream)",125,g
da9bc185-cda3-4c0c-91a0-5c2f2ca96bdc,BFP166,B010,"Green gram, dal (Vigna radiata)",30,g
daa4b623-d6a0-4132-b954-f02c19542814,ASC143,A018,"Wheat flour, refined (Triticum aestivum)",80,g
daa92a6f-03a5-45fd-97a1-e8800d775276,BFP155,G012,"Garlic, small clove (Allium sativum)",0.31,g
dab8743b-ee54-4fae-b2d2-a9d5461d7b4d,OSR027,G009,Coriander leaves (Coriandrum sativum),1,tbsp
dab94c9c-4399-4273-a4b6-02a369635ace,ASC082,UK-17-045,"Oil, sunflower",2,tbsp
dac658d2-64fa-4e19-a1f0-cf098d58f9ad,ASC366,UK-13-873,Chilli powder,0.25,tsp
dac92e61-602d-42ba-a2d5-304af06b6c7a,ASC250,P057,"Pomfret, white (Pampus argenteus)",100,g
dac9c773-807a-41f3-b9b9-816eae28450d,BFP388,US-170885,"Whey, acid, fluid",0.25,C
dacb259a-5050-433d-8c6b-23fedd79559d,BFP201,M001,"Egg, poultry, whole, raw",25,g
dad9ef7b-8b9b-4448-a071-d81a14e613ec,OSR107,D050,"French beans, hybrid (Phaseolus vulgaris)",50,g
dada2fb6-007c-4816-b404-5f38e2e57cd6,ASC386,B001,"Bengal gram, dal (Cicer arietinum)",0.5,tsp
dadafc7f-6ba7-40a6-932b-a7a6d63f3422,ASC446,A018,"Wheat flour, refined (Triticum aestivum)",50,g
dadf2f05-de8b-4c60-924a-6cb5e817b3b4,OSR142,G024,Coriander seeds (Coriandrum sativum),1,tsp
dae577b9-25c2-4584-a2ae-a98c982ff7f7,BFP204,G020,"Cardamom, green (Elettaria cardamomum)",0.25,tsp
daec024d-9d8a-4e5d-aa0e-5b1b351975f0,ASC043,G017,"Onion, big (Allium cepa)",20,g
daf5d630-f4ca-4dcf-bb5e-7d3d541cc1dc,OSR030,UK-11-1145,"Bread, white, average",120,g
daf80ece-34da-4c9f-bb4e-ba3c551025ed,BFP204,G023,Cloves (Syzygium aromaticum),0.25,tsp
daf8b778-7e63-41fa-8027-8a6c5e7863d2,OSR146,G025,Cumin seeds (Cuminum cyminum),0.5,tsp
dafefd4f-0a9b-4b95-9e0e-69ec839a1952,BFP046,G008,"Chillies, green - all varieties (Capsicum annum)",3.33,g
db01c6e3-39f6-4f03-ace2-71dd899e3701,BFP116,A018,"Wheat flour, refined (Triticum aestivum)",40,g
db03b076-a625-48cc-8842-dec35a7f96f0,ASC298,H001,Almond (Prunus amygdalus),2.22,g
db09f70c-69fc-479c-8b1e-f61e0e1240fe,BFP518,UK-17-377,"Water, distilled",1,tsp
db123d4f-139b-4a13-826e-ac1a3c04e390,BFP222,H006,"Coconut, kernal, dry (Cocos nucifera)",2,tsp
db1439fa-866c-48fc-a6a8-9d21cb09d39c,BFP460,UK-11-1145,"Bread, white, average",60,g
db19eb7b-704b-4bf3-8103-5696b5c5a811,BFP552,A019,"Wheat flour, atta (Triticum aestivum)",15,g
db272133-65a3-4147-9451-d9170e2e4866,BFP039,G008,"Chillies, green - all varieties (Capsicum annum)",1.67,g
db27d38e-9ade-4477-adf8-d85f51361edb,ASC052,UK-17-063,"Sugar, white",2,tsp
db364ea2-36e5-4c12-83d3-ab69bc13574b,BFP274,UK-17-045,"Oil, sunflower",10,g
db3afd1e-ddb8-4e1f-9337-3abfef1b3d31,BFP458,D043,"Cucumber, green, elongate (Cucumis sativus)",30,g
db3e7e8b-d93c-41c5-82b0-d14581c7bfc8,ASC201,UK-17-045,"Oil, sunflower",480,ml
db438636-81d0-4ba8-b542-764b32f735ea,ASC244,G012,"Garlic, small clove (Allium sativum)",1.25,g
db468ea2-2ab4-4010-b2ad-78a558eb7e45,OSR113,UK-14-844,Sesame seeds,2,tbsp
db47dde2-902c-4905-ab54-0844be034729,BFP276,F006,"Potato, brown skin, big (Solanum tuberosum)",40,g
db480720-95a6-4503-88da-fef3622cc4a5,ASC265,UK-14-369,"Orange juice, freshly squeezed",2,tsp
db4c0ca8-3e43-4c3e-8df5-4c4382824c1c,BFP090,UK-17-045,"Oil, sunflower",5,g
db4f68fd-44c6-48c7-b61c-fa609022506f,BFP080,UK-17-367,Salt,0.125,tsp
db4ff8d2-fe21-4779-a0ae-29fc4cab84c3,BFP223,UK-13-829,Garam masala,0.5,tsp
db501dd5-8ed0-4591-b318-3bbfc77a9d8e,BFP511,UK-17-062,"Sugar, icing",55,g
db5314a6-bfa2-49ba-9e2a-f8618baa3e01,BFP368,UK-14-286,"Pineapple juice, unsweetened",1,tbsp
db5876b9-694a-434b-bcdb-5493f29fca50,BFP242,UK-13-873,Chilli powder,0.125,tsp
db609c3f-150c-4462-b1f7-b46f91211660,BFP316,US-806241,HIMALAYAN BLACK SALT,0.25,tsp
db68dd99-1417-4d8b-a58e-1d86c20eb017,BFP489,UK-17-355,Baking powder,0.5,tsp
db6974f4-958d-43c1-9cdc-304b5aa180b0,BFP359,L002,"Milk, whole, Cow",150,ml
db6a2fdf-1202-4603-9b5b-ed1468c595bd,ASC294,H001,Almond (Prunus amygdalus),2.8,g
db76a670-61c1-4d52-8dad-ed3ca0a75515,ASC244,G008,"Chillies, green - all varieties (Capsicum annum)",13.32,g
db8d327d-f193-48ac-8669-bd1585dcc128,BFP305,G017,"Onion, big (Allium cepa)",10,g
db94739a-f389-4ef2-86f2-bbcf1513e38b,ASC470,I001,"Jaggery, cane (Saccharum officinarum)",60,g
db9774b9-77b8-47a8-ad44-d58777144cc7,BFP420,UK-17-339,Vinegar,1,tsp
dbb01693-acb6-4aca-ae7c-45fc2be909fe,BFP143,UK-18-481,"Lamb, mince, raw",80,g
dbc8866e-3591-4178-9a8e-94c1da046072,ASC210,F006,"Potato, brown skin, big (Solanum tuberosum)",50,g
dbc8ff6e-ddb3-438c-8702-a939a2b19d40,ASC419,M001,"Egg, poultry, whole, raw",100,g
dbcacff2-ad72-468c-8248-2ae00b8294f3,ASC365,UK-17-367,Salt,0.25,tsp
dbcd7845-429e-4c27-82f3-cadd199ec57b,OSR111,C015,"Cabbage, green (Brassica oleracea var. capitata f. alba)",111.25,g
dbcf39b3-ea69-45c5-86c1-4b65ed18abb4,ASC219,D046,Drumstick (Moringa oleifera),70,g
dbd0e917-3e85-45c1-91c2-30094a10e613,BFP440,UK-17-356,Bicarbonate of soda,1,tsp
dbd2770f-2b94-4689-895b-caec73a31547,BFP158,G012,"Garlic, small clove (Allium sativum)",0.63,g
dbe0b8fe-fa49-45c1-bb5a-e1df4f80a0db,BFP089,G016,Mint leaves (Mentha spicata ),1,sprig
dbe3be33-3ecd-456b-952b-ec919c44d71b,ASC422,M001,"Egg, poultry, whole, raw",75,g
dbecd225-0357-4d10-8232-af9c555425af,OSR121,UK-13-874,"Cinnamon, ground",0.25,tsp
dbef809c-f29e-459d-8cd7-97a1c1087e66,OSR077,G008,"Chillies, green - all varieties (Capsicum annum)",8.33,g
dbef8dc5-4e7e-437f-98e0-5b823c1a0c97,ASC085,UK-17-727,"Stock cubes, vegetable",0.5,C
dbf1207e-73cd-4f77-babc-b933033c69d0,ASC175,C020,Fenugreek leaves (Trigonella foenum graecum),75,g
dbf5d5e8-2779-4f12-83ec-d449d119e94d,ASC129,UK-17-367,Salt,0.75,tsp
dbf6bb0d-bf35-4c9c-9b8f-d0e4f1ecda8a,ASC221,UK-13-829,Garam masala,0.125,tsp
dbf780fa-1d18-46cf-a489-6df65fe6418b,OSR063,G017,"Onion, big (Allium cepa)",2,tbsp
dbfb34c6-d8aa-4a8e-8246-ed50da181cbc,OSR035,UK-17-062,"Sugar, icing",160,g
dc02b7a3-78b8-4242-8a20-b9a04adcfe7a,BFP306,UK-17-339,Vinegar,0.25,tbsp
dc1018a3-1973-4094-9473-104ec6ca3070,BFP214,G031,"Pepper, black (Piper nigrum)",0.75,tsp
dc207687-cb8a-4584-9c17-8cffcf17bc35,ASC168,G026,Fenugreek seeds (Trigonella foenum graecum),0.25,tsp
dc4f8659-df45-40f0-b5df-d4217a9de54b,BFP216,UK-13-829,Garam masala,0.25,tsp
dc51da72-d09d-49e9-8206-a6636847fe2f,ASC198,UK-11-896,"Flour, gram",10,g
dc527a61-a1ee-4926-89e6-2ed2d3ac3b0d,ASC485,F006,"Potato, brown skin, big (Solanum tuberosum)",75,g
dc575d8e-5f8b-497a-a4e0-c02cbe6787ad,BFP046,G009,Coriander leaves (Coriandrum sativum),10,g
dc5861ac-8b76-4dec-a330-08b1c404a61b,ASC130,UK-13-878,"Oregano, dried, ground",0.5,tsp
dc5fc699-fd30-4c7c-bcb4-4af21cc05d1f,ASC202,G009,Coriander leaves (Coriandrum sativum),1,sprig
dc6269c6-bd4f-4b69-8e69-bf074e59d671,ASC254,F006,"Potato, brown skin, big (Solanum tuberosum)",50,g
dc62baad-ddc4-4eba-b6f2-2fa36bb0c64d,ASC026,E053,Pineapple (Ananas comosus),20,g
dc7bb3f3-077b-4bb8-90e2-e514e9325f2a,BFP558,B010,"Green gram, dal (Vigna radiata)",20,g
dc828278-6b4a-458a-836b-516ccb9fc64e,BFP601,UK-13-873,Chilli powder,20,g
dc86374a-8e3e-436c-b4fa-e18ec89cd85c,ASC007,UK-17-738,"Fruit juice drink/squash, undiluted",2,tbsp
dc8da172-327f-4158-bf6e-ebb0c2dd965e,ASC244,D043,"Cucumber, green, elongate (Cucumis sativus)",40,g
dc8dfb2a-ce50-4669-82d2-7779f25c5df8,BFP052,UK-13-873,Chilli powder,0.125,tsp
dc9929cb-7b9b-4949-a3b4-3d5a76f03e23,ASC201,UK-17-367,Salt,0.25,tsp
dc9a91a7-8e55-4ff2-913a-748c73aaada8,ASC453,M001,"Egg, poultry, whole, raw",12.5,g
dc9a9af2-d93d-436d-be01-eff01ab09202,ASC119,H012,Ground nut (Arachis hypogea),50,g
dc9b1139-1fa2-4797-a599-2a42c2db330f,ASC407,A018,"Wheat flour, refined (Triticum aestivum)",40,g
dcb9178f-e6f7-4f23-8b3b-6580eca81935,OSR136,G012,"Garlic, small clove (Allium sativum)",0.62,g
dcba8fb0-35b9-4cc6-b730-6dc92baf5a54,ASC007,UK-17-377,"Water, distilled",18,tbsp
dcbbfaa6-5b7b-4bea-89c8-28f29becf7d2,BFP534,UK-17-062,"Sugar, icing",0.25,tsp
dcc5bb24-8d72-41bd-93e8-471bff678187,ASC208,L002,"Milk, whole, Cow",200,ml
dcc8bd9b-8782-4327-a298-0a9027a9a922,ASC382,H012,Ground nut (Arachis hypogea),50,g
dcd0d407-e0d7-4ca2-ba52-32014403709f,BFP002,UK-17-367,Salt,5,g
dcd45259-6d0d-40e5-985a-6df3a1be1225,ASC469,UK-13-873,Chilli powder,0.25,tsp
dcd4d907-2821-47cb-900f-31d0050db162,ASC227,G025,Cumin seeds (Cuminum cyminum),0.25,tsp
dce5784e-2f00-497f-8848-d3c2c06998c0,ASC216,C020,Fenugreek leaves (Trigonella foenum graecum),50,g
dce7e1e5-883a-49e0-ae8a-b1dbb778a988,ASC268,G017,"Onion, big (Allium cepa)",1,tsp
dced7e60-5973-45c4-a023-8a395de9f428,BFP313,C028,Parsley (Petroselinum crispum),0.5,tsp
dcf94632-7ba7-4019-94f8-8181d0aab007,ASC252,UK-17-367,Salt,1,tsp
dd025838-f620-4c98-9656-9828c4319d41,ASC453,L002,"Milk, whole, Cow",1,tbsp
dd076d16-4dce-44a6-9794-56ffaf75fe55,BFP161,UK-18-481,"Lamb, mince, raw",150,g
dd07b292-0ba6-457a-abc4-cbfc216638ba,BFP196,UK-17-377,"Water, distilled",100,ml
dd0b9d09-f3b9-491b-b838-f865f0886326,BFP040,UK-17-377,"Water, distilled",100,ml
dd146855-c821-4f6d-b8e3-62ced2339d2e,BFP214,G020,"Cardamom, green (Elettaria cardamomum)",0.25,tsp
dd155974-bd42-4a23-8fc0-8467c51e4ebf,BFP453,UK-13-352,"Spring onions, bulbs and tops, raw",10,g
dd161412-bb0e-4648-818e-86e370a8740b,BFP425,UK-17-367,Salt,0.25,tsp
dd1682d6-9fb2-4591-845e-5fd24c2d8db2,BFP058,UK-17-367,Salt,0.25,tsp
dd1a7788-2790-4eb8-a06f-f6db7d251d58,ASC406,A018,"Wheat flour, refined (Triticum aestivum)",40,g
dd1b8692-4cb6-456a-8147-718b8958fdbd,BFP087,A018,"Wheat flour, refined (Triticum aestivum)",10,g
dd1cdf96-de03-44ba-8fad-998f32738d77,ASC309,UK-12-332,"Cream, fresh, single",20,g
dd1fae92-8a92-4b44-9960-af2a47c2509b,ASC160,G017,"Onion, big (Allium cepa)",25,g
dd2c79a0-41f2-4834-9637-cf1b6327cad8,OSR155,UK-13-874,"Cinnamon, ground",0.5,tsp
dd35bad9-1f55-4009-8262-50f0d33e148f,BFP168,G017,"Onion, big (Allium cepa)",20,g
dd402700-b731-4c10-a0c3-61ea18c286d2,BFP369,UK-17-377,"Water, distilled",30,ml
dd4801d4-7a5f-4273-ba69-d784b9f385f6,ASC102,A019,"Wheat flour, atta (Triticum aestivum)",80,g
dd4ae148-8c3c-4d39-a7bc-c1bb755aeccc,BFP204,UK-13-829,Garam masala,0.25,tsp
dd591495-a99b-4f76-b27a-3954aa8ed08f,ASC367,US-400113,"SIVA'S, AMHUR POWDER (DRY MANGO POWDER)",0.25,tsp
dd5e23e6-c2dc-4de4-900b-ecb6797e8613,ASC195,G009,Coriander leaves (Coriandrum sativum),1,sprig
dd655f86-41e6-4f37-88ed-deeb6018a68c,ASC201,UK-17-367,Salt,0.5,tsp
dd65a2bd-b94d-42d7-ac7e-f4d03ba86872,ASC266,G031,"Pepper, black (Piper nigrum)",0.25,tsp
dd6b615f-c10a-470e-a736-4070a64d089a,OSR076,UK-13-873,Chilli powder,0.5,tsp
dd6e104d-23f2-485b-a32a-04f127b005d7,ASC250,UK-17-367,Salt,0.25,tsp
dd7a5c76-c7db-4dad-9240-01932dd3a096,BFP576,A014,"Rice, parboiled, milled (Oryza sativa )",90,g
dd7b9ad4-4964-439a-82de-4911334bed84,BFP420,G014,"Ginger, fresh (Zingiber officinale)",3,g
dd7df7b7-6f47-4c8b-a3c2-eacbae9c1a9c,BFP045,G014,"Ginger, fresh (Zingiber officinale)",3,g
dd816cdd-e6b1-40de-b026-b8d67240e270,BFP579,A022,"Wheat, semolina (Triticum aestivum)",90,g
dd860235-2c23-48c1-a839-fd7f3a951976,BFP430,UK-17-377,"Water, distilled",60,ml
dd8679eb-3c87-4c53-bad3-380c30382393,BFP388,ANN-ING-0036,REETHA,0.08,nos
dd9582d7-4903-4fd3-8a05-34e8e0157ec5,ASC231,G025,Cumin seeds (Cuminum cyminum),0.125,tsp
dd9abb28-76e3-4a71-a913-231c3f56ddb8,BFP406,UK-17-640,"Ghee, butter",30,g
dda46a65-027a-4b25-af7c-fd5ccd989f1d,BFP079,UK-12-332,"Cream, fresh, single",10,g
dda95c34-f8ea-44ff-b122-16ab05fa80c3,ASC220,UK-13-829,Garam masala,0.125,tsp
ddaddd8b-22ad-49fa-9748-2001db719ae9,BFP178,G014,"Ginger, fresh (Zingiber officinale)",5,g
ddbb38b2-0851-4505-87bb-29915f1698d5,ASC038,E057,"Raisins, dried, black (Vitis vinifera)",4,g
ddbfea7a-aa47-449b-8053-2466599543d8,BFP261,G014,"Ginger, fresh (Zingiber officinale)",5,g
ddc875fb-c816-4cea-9f80-de829eaf0011,ASC395,UK-17-367,Salt,0.125,tsp
ddce4cd9-1f66-4736-98fc-d78ddca8d0d6,ASC028,UK-11-1145,"Bread, white, average",60,g
ddd717da-f98b-4870-bf3d-babe2aa937f1,ASC137,UK-12-360,"Cheese, Mozzarella, fresh",15,g
dde84235-5a57-459c-a074-e6e38adbf245,ASC110,G008,"Chillies, green - all varieties (Capsicum annum)",1.67,g
ddfb8f60-c29d-4616-8bc0-75288b24a5c8,ASC098,US-400113,"SIVA'S, AMHUR POWDER (DRY MANGO POWDER)",0.5,tsp
ddfbed34-0303-4d4a-8261-ce1ad2bfb0b8,OSR025,H018,Pistachio nuts (Pistacla vera),2.09,g
de04d299-9d0a-4c55-854b-b908a4893c94,ASC122,UK-13-806,"Bay leaf, dried",0.6,g
de09947c-ba9c-4875-9dfb-8f70612e9337,ASC123,L002,"Milk, whole, Cow",1,tbsp
de1617eb-4e13-4e25-b800-9a085b6407ce,ASC289,H001,Almond (Prunus amygdalus),1.11,g
de1acf9d-cfe3-4663-a651-c9c646aaf2f2,OSR153,UK-13-570,"Tofu, soya bean, steamed",189,g
de1c666d-5037-41ba-9589-b6901ea4beac,ASC459,UK-17-045,"Oil, sunflower",2,tbsp
de24058b-deb1-4c8a-8f9a-c7bb920504f4,BFP250,UK-17-367,Salt,0.17,tsp
de2a0c82-a8aa-4744-8075-3dd761d83102,OSR067,US-167749,"Lemon peel, raw",4,tsp
de2e08a5-4856-42da-8552-93260dcde5f1,BFP550,H012,Ground nut (Arachis hypogea),10,g
de34ca20-1b0d-4b27-8ec7-19fc89035b40,OSR108,G019,Asafoetida (Ferula assa-foetida),0.1,tsp
de37b3d2-4520-4600-b8e5-6b716c3ab7de,ASC500,E054,Plum (Prunus domestica),1250,g
de3da66e-6ca9-49e9-80b5-5201edcf2b2e,BFP127,A018,"Wheat flour, refined (Triticum aestivum)",8,g
de3eb9df-e3d1-4d2e-a020-f2264cb19bed,OSR101,UK-17-640,"Ghee, butter",1.5,tbsp
de43805c-5bd6-44e1-acf8-77be6830729b,BFP495,UK-17-175,Cola,50,g
de438fcc-c72a-470c-bbbc-c05cf8f8701f,ASC421,UK-17-062,"Sugar, icing",55,g
de45f2b2-1bea-44f4-9d77-dabc3d1e7661,ASC376,UK-50-1173,"Tomato sauce, homemade",2,tbsp
de46d1e1-4b87-4115-80a5-33cdf344ba48,BFP294,UK-17-661,"Butter, unsalted",10,g
de4fc085-2160-4cf7-b412-50192c555472,OSR066,UK-13-873,Chilli powder,1,tsp
de55bc3f-ccd3-449b-8d15-90cc14af49ba,OSR143,G008,"Chillies, green - all varieties (Capsicum annum)",3.33,g
de56cb30-05bd-47ab-8be1-053cf5608d8c,ASC177,G014,"Ginger, fresh (Zingiber officinale)",5,g
de5aeb6e-e87a-4650-b1ba-4232386476c1,OSR114,UK-13-832,"Ginger, ground",3.33,g
de68549d-fd6d-4590-bb34-51c406ffdfc7,ASC349,A018,"Wheat flour, refined (Triticum aestivum)",30,g
de68c5a5-62a1-4b03-b170-d24d5fb9b285,ASC195,G033,Turmeric powder (Curcuma domestica),0.125,tsp
de6c38f6-f21c-442a-a18a-5d90018ad101,ASC087,UK-13-622,"Sweetcorn, kernels, raw",50,g
de6c95f9-2e4b-40c2-bb93-0b8e2247fd7c,BFP270,US-806341,AJWAIN SEED WHOLE ORGANIC SPICES,0.25,tsp
de7dc060-3b86-4be3-a457-dfbd1c7903fd,OSR121,US-173471,Vanilla extract,1,tsp
de7e7a2f-631b-47ca-8dd6-6b88183b22f3,BFP240,G014,"Ginger, fresh (Zingiber officinale)",3,g
de807fac-b5e9-4f91-9112-efd669f97101,BFP239,G025,Cumin seeds (Cuminum cyminum),0.125,tsp
de88e8e1-693e-47d7-8fba-379c4e659ed8,ASC280,UK-12-184,"Yogurt, whole milk, plain",150,g
de893798-aa3d-4da9-9945-d07f0b23ccc3,ASC337,ANN-ING-0006,Kewra essence,0.25,tsp
de8a156a-1985-43ca-8b1d-390f5d444e29,ASC388,UK-50-1173,"Tomato sauce, homemade",1,tbsp
de8a405b-30b9-4bc9-9090-9a8c5ab455c7,BFP170,G033,Turmeric powder (Curcuma domestica),0.17,tsp
de9a41ee-e8f4-41b0-9aa9-e805d3a4fc09,BFP379,UK-17-063,"Sugar, white",15,g
de9d0a11-ebde-4461-832f-6a9143895652,OSR006,ANN-ING-0052,Rose water,0.25,tsp
dea6014f-e12f-4505-a071-84b4cacc894a,BFP122,UK-17-045,"Oil, sunflower",2,tsp
deadda23-4297-433f-8466-deb372bb40d1,ASC337,UK-17-377,"Water, distilled",1.5,tsp
deaddc67-1a76-434f-93ea-1d9e875d2355,ASC206,UK-12-184,"Yogurt, whole milk, plain",1,tbsp
deb1c671-e123-4538-a16b-198a82a9af0f,ASC122,G031,"Pepper, black (Piper nigrum)",0.875,tsp
deb32510-2171-4ba2-8aa5-94d0f850ea19,ASC356,UK-11-896,"Flour, gram",50,g
deb7b3c2-70e7-4ea9-9fd6-313ed3b15c77,BFP161,D037,Celery stalk (Apium graveolens),25,g
dedaa330-4d3b-43d6-b383-ef745a0da007,BFP047,G008,"Chillies, green - all varieties (Capsicum annum)",3.33,g
dee0eec8-8a7a-46eb-ab86-8311c1fbe501,ASC246,G021,"Cardamom, black (Elettaria cardamomum)",0.25,tsp
dee23d66-157b-4216-ba7a-8bee08a6d582,ASC012,UK-14-369,"Orange juice, freshly squeezed",200,ml
dee544f1-6066-48dd-acd3-a017ac00888c,ASC093,UK-17-721,"Soy sauce, light and dark varieties",1,tsp
deefdfe6-d160-4fce-bd89-e181a6de2969,ASC003,UK-17-498,"Drinking chocolate, powder",0.25,tsp
df1023c7-4859-47e9-af02-73dd99bb947a,ASC405,US-173471,Vanilla extract,0.5,tsp
df2570fc-7d9e-40f9-8e66-02b55272b2da,ASC041,F006,"Potato, brown skin, big (Solanum tuberosum)",80,g
df25bb13-58b7-4d50-8599-e20b20fd5200,BFP026,UK-17-377,"Water, distilled",80,ml
df33f677-a7bf-4355-9de7-566081a6c3fc,OSR126,M001,"Egg, poultry, whole, raw",100,g
df35d2f3-3dfc-47f3-b285-8dcb74d62033,ASC160,B004,"Black gram, whole (Phaseolus mungo)",30,g
df37e174-274f-4418-9e5c-295798ce4fb1,ASC315,UK-17-377,"Water, distilled",1,tbsp
df3da6b7-c114-4437-bd1c-1f4f8c009d43,BFP171,G008,"Chillies, green - all varieties (Capsicum annum)",1.67,g
df406789-7777-417b-a204-2e09513866b6,ASC220,UK-13-827,Fennel seeds,0.25,tsp
df43e915-ab46-43b5-968b-2cc0b491930d,BFP358,UK-17-377,"Water, distilled",2,tbsp
df4b279a-853c-4d3e-b678-4accfca178ba,BFP401,UK-17-063,"Sugar, white",50,g
df56e683-215c-4034-b007-7959bbfb732d,ASC280,UK-13-873,Chilli powder,0.25,tsp
df5f65b3-0a21-465a-bac2-4883b5c50c9c,ASC234,UK-13-874,"Cinnamon, ground",2.5,g
df6a88aa-62a3-48a1-ba3c-4eef950209cc,OSR070,D034,"Capsicum, red (Capsicum annuum)",30,g
df6ce8b1-8b03-4ae1-92d7-5f448f43556b,BFP310,UK-17-339,Vinegar,2,tbsp
df6ec597-3a47-4c7b-b109-8732c14d7067,ASC189,G009,Coriander leaves (Coriandrum sativum),1,sprig
df753e04-3e8d-483e-8e83-9a458fd5f00d,ASC056,UK-17-367,Salt,0.25,tsp
df802f3f-7ebc-4cf6-8a7e-46129d053edf,ASC503,E047,"Orange, pulp (Citrus aurantium)",500,g
df838c95-23d2-45a6-b54a-e319a8d00f1b,ASC264,F002,"Carrot, orange (Daucus carota)",50,g
df89cae5-81df-46e6-b45e-2ac54bfcb785,OSR153,F006,"Potato, brown skin, big (Solanum tuberosum)",210,g
df8d8556-ee12-4ee6-9627-80f9820e7a15,ASC127,H013,Mustard seeds (Brassica nigra),0.25,tsp
df914114-7498-4c83-a6f1-0239b5e73882,OSR103,UK-17-367,Salt,0.25,tsp
df935664-008d-43aa-9589-45e57547d87f,BFP080,G031,"Pepper, black (Piper nigrum)",0.25,tsp
df9b2934-8a18-4fce-b92d-66b4f5cd852f,ASC411,M003,"Egg, poultry, yolk, raw",16,g
dfa2f786-cb29-473e-b3eb-0cc1721d6f3d,ASC351,UK-13-873,Chilli powder,0.125,tsp
dfa326cd-29f5-439a-8f7d-ddc4a6433117,BFP118,UK-17-377,"Water, distilled",1,tbsp
dfa6e6c1-d3ce-4b35-9ecf-8c5b30403961,OSR123,L002,"Milk, whole, Cow",0.5,C
dfa7f108-c5fb-4912-a4a4-c3d500cc5883,ASC114,G017,"Onion, big (Allium cepa)",50,g
dfa876fb-cd1f-4c2c-8d6d-daca8205a477,ASC358,UK-13-873,Chilli powder,0.25,tsp
dfacfd05-a62b-4ebc-8e25-b7ccf4cb1bc6,OSR145,H012,Ground nut (Arachis hypogea),42.51,g
dfb4cc59-ef9e-4f39-b1e0-2ad79a462fa7,BFP420,G012,"Garlic, small clove (Allium sativum)",1.25,g
dfb73717-e7dd-446f-9b8f-58d672345a86,BFP091,G031,"Pepper, black (Piper nigrum)",0.5,tsp
dfba8589-5d57-49f8-826a-d1504f9b81f7,BFP379,UK-14-130,"Lemons, flesh only, raw, weighed with peel and pips",7.5,g
dfc5000a-1fac-4bfc-9041-2bd7853f9706,BFP214,D075,"Tomato, ripe, hybrid (Solanum lycopersicum)",20,g
dfc9b7e5-fbff-4e4e-a928-6a424db438ac,BFP154,D050,"French beans, hybrid (Phaseolus vulgaris)",100,g
dfcb37ca-3a27-4472-8880-69a4a006221b,ASC208,F002,"Carrot, orange (Daucus carota)",50,g
dfd22c64-83a4-47fe-a92f-2d35c70c0734,ASC230,G014,"Ginger, fresh (Zingiber officinale)",6.33,g
dfd60464-25e6-4726-91dc-b71dc9a0734f,ASC046,H011,"Gingelly seeds, white (Sesamum indicum)",1,tbsp
dfd61a4e-de64-4c69-9c93-bd296eaddb16,ASC501,UK-17-377,"Water, distilled",100,ml
dfdaca46-7437-41b3-9346-51329280eae1,BFP416,UK-11-896,"Flour, gram",30,g
dfdb4e2c-91a0-42fa-8d2e-a64d9e94832a,BFP468,M001,"Egg, poultry, whole, raw",50,g
dfe287c3-75f3-424a-9e2b-c0ae8427c585,ASC086,UK-17-726,"Stock cubes, chicken",0.5,C
dff6e8a2-229a-47e8-bd6e-b9ae6c8a85f9,BFP198,O064,"MUTTON, muscle",120,g
dffe4a38-7f0d-487d-9267-b57dd65284eb,ASC182,G017,"Onion, big (Allium cepa)",10,g
e00252bd-838c-4c50-9184-412895884602,ASC098,G009,Coriander leaves (Coriandrum sativum),1,sprig
e002ccfe-ca2a-4948-8b05-ce220a396aeb,ASC210,F002,"Carrot, orange (Daucus carota)",50,g
e00edfb9-9b08-4fd5-b3d8-ef6f94e9d1cd,ASC037,UK-50-1173,"Tomato sauce, homemade",0.5,tbsp
e011beb1-608a-4091-beb8-0597716d7f95,BFP476,A018,"Wheat flour, refined (Triticum aestivum)",40,g
e019b274-47aa-46b7-8071-bdced895a354,BFP513,US-173471,Vanilla extract,0.5,tsp
e026e3c4-3e31-41a1-aaaa-7ebd0abd0491,BFP517,US-173471,Vanilla extract,0.5,tsp
e0275104-a1cd-4fce-891c-c23b14de129d,ASC181,G012,"Garlic, small clove (Allium sativum)",0.63,g
e029ccfd-eee1-4e22-83e0-9558ad805800,BFP505,UK-17-661,"Butter, unsalted",15,g
e03762ff-65f0-407d-9d45-a2361daab31a,BFP250,G014,"Ginger, fresh (Zingiber officinale)",5,g
e037f1b9-2ff2-46f3-9af1-5bf6da6c22b5,ASC406,UK-17-377,"Water, distilled",75,ml
e03a5cb5-3bc4-4bf9-9753-78dcb01939f6,BFP044,UK-17-045,"Oil, sunflower",10,g
e040f550-566f-44da-8a2d-1e691f93cbb8,BFP158,G023,Cloves (Syzygium aromaticum),0.25,tsp
e04379b2-b385-4e5c-9c5d-364f7762b14a,BFP280,B013,Lentil dal (Lens culinaris),10,g
e04922c1-5f00-454d-8ef5-98a8185e18f8,ASC366,UK-11-1145,"Bread, white, average",15,g
e05c05f4-30c9-4c81-861f-9d753c92eda0,BFP177,UK-17-377,"Water, distilled",1.25,C
e05c85d8-8763-48aa-ad9b-21ed45ea1a59,OSR036,UK-13-874,"Cinnamon, ground",1,tsp
e0683322-addf-4033-913c-504102116854,OSR013,H005,Cashew nut (Anacardium occidentale),20.04,g
e06a1f11-e069-43ab-90c1-f3e948188fc2,ASC360,B003,"Black gram, dal (Phaseolus mungo)",0.125,tsp
e076d592-8b55-4626-a024-2128a0c64a3d,ASC082,UK-13-806,"Bay leaf, dried",0.4,g
e07ce9a3-3282-4379-9afd-7809c8cbb376,ASC136,M001,"Egg, poultry, whole, raw",50,g
e080d363-ab4e-4463-a947-8a7b333e5ef0,ASC001,UK-17-377,"Water, distilled",1.5,C
e08fe245-4737-48d7-aeae-1773179c6665,ASC420,M001,"Egg, poultry, whole, raw",50,g
e0975366-14d4-4dbd-bda5-28c8a2d08f98,BFP403,H006,"Coconut, kernal, dry (Cocos nucifera)",40,g
e0a37987-f97c-49c0-bf7d-17b0d12ef297,BFP294,D061,"Peas, fresh (Pisum sativum)",40,g
e0a9b77a-acb1-4e59-a2f0-586753b0a76d,ASC079,G017,"Onion, big (Allium cepa)",20,g
e0ab8b45-cb60-452b-80d5-a1d4608fb85a,BFP216,N003,"Chicken, poultry, breast, skinless",80,g
e0ac345e-6de6-4fef-aafb-4cc50c195f51,ASC356,UK-13-829,Garam masala,0.125,tsp
e0b4611a-e501-4ab5-b69a-7bee7122bf34,BFP190,UK-17-377,"Water, distilled",60,ml
e0bd1df6-8483-435e-8123-612a0d51d5ce,BFP547,B010,"Green gram, dal (Vigna radiata)",20,g
e0c338d9-8b04-4147-b698-30cf5ac2b9b3,BFP542,G031,"Pepper, black (Piper nigrum)",0.125,tsp
e0c4f034-0c80-45ec-8441-22a7833f0887,OSR018,US-170857,"Cream, fluid, light (coffee cream or table cream)",360,g
e0cf93ea-14fe-4968-ac2d-37f53d9e6129,ASC336,UK-17-062,"Sugar, icing",50,g
e0d0bbda-5bf6-4040-83e7-babbc20953dc,BFP159,UK-13-874,"Cinnamon, ground",0.125,tsp
e0d685f6-1106-42d9-8d9e-8e2e8812c128,BFP206,UK-17-377,"Water, distilled",30,ml
e0ddacf5-2747-40e5-8c2f-89f1028bbb54,OSR116,G031,"Pepper, black (Piper nigrum)",0.3,tsp
e0dfeac2-1f16-45ef-b95b-ed53985e7451,ASC196,G017,"Onion, big (Allium cepa)",50,g
e0e29db0-7927-4035-b0a0-ebcbf61a158d,ASC405,UK-17-062,"Sugar, icing",10,g
e0e5e455-2c65-4b8e-9513-615c9d327237,BFP166,G012,"Garlic, small clove (Allium sativum)",0.63,g
e0e9653c-c878-410c-ba1f-d8ebff3c9fee,BFP001,G025,Cumin seeds (Cuminum cyminum),20,g
e0ed004f-4018-42f9-bce0-db82ea5c190f,OSR133,G012,"Garlic, small clove (Allium sativum)",0.62,tbsp
e0eed28c-5cab-412b-b222-9dafa5f772b6,BFP293,A018,"Wheat flour, refined (Triticum aestivum)",10,g
e0efdbad-a101-4ae6-a1c1-e1f31842101d,ASC198,UK-13-829,Garam masala,0.25,tsp
e0f038c3-8f73-47d8-a748-dd536ac89bc3,BFP138,G025,Cumin seeds (Cuminum cyminum),0.25,tsp
e0f1c29a-74d1-439e-9133-76aa5e1a7c7e,ASC410,UK-17-045,"Oil, sunflower",5,g
e107fc2a-c638-4d95-aaa5-e87c34bd8119,ASC469,H013,Mustard seeds (Brassica nigra),0.25,tsp
e110e5b0-07da-4509-bea0-dede78e6f729,BFP155,UK-12-527,"Cheese, processed, plain",1,tbsp
e1127a58-e9f9-4233-9db3-dbb4edcfa57d,ASC116,A014,"Rice, parboiled, milled (Oryza sativa )",80,g
e11b43c1-ac44-45fe-8091-9fa8577df39f,ASC040,UK-11-1145,"Bread, white, average",60,g
e12bd3de-a238-4328-9b42-05851e0d6872,BFP162,G017,"Onion, big (Allium cepa)",60,g
e1311c7c-4704-48c7-8ee1-57637a499e7e,OSR108,E064,"Tamarind, pulp (Tamarindus indica)",12,g
e149516c-6c29-45b9-8ffa-a0a8a8eec76a,ASC228,G012,"Garlic, small clove (Allium sativum)",1.6,g
e15271df-624a-4381-a3be-d537349add69,BFP457,L002,"Milk, whole, Cow",0.5,tsp
e16c386d-82d3-41de-9e95-a32bdd6af060,BFP444,G014,"Ginger, fresh (Zingiber officinale)",5,g
e16db20d-4613-4871-8c4b-96a09d121f03,BFP522,UK-17-377,"Water, distilled",60,ml
e16f7161-7f36-4645-b3fa-ddddccf53fc4,ASC179,G022,"Chillies, red (Capsicum annum)",3.33,g
e17a12d8-fe8b-4e00-bd28-0b02377b5569,BFP141,G012,"Garlic, small clove (Allium sativum)",0.63,g
e17aa861-eecc-437d-a545-e1c141c7aac5,ASC412,G008,"Chillies, green - all varieties (Capsicum annum)",1.67,g
e17bf2a7-5dac-4042-b95a-80391b2eacf2,ASC484,UK-17-367,Salt,0.25,tsp
e17bf3fe-1484-4fbd-9726-87acc74e79e4,BFP482,UK-17-491,"Chocolate, plain",10,g
e1826106-e41e-4585-9a58-6e1da3bbda49,BFP261,G008,"Chillies, green - all varieties (Capsicum annum)",3.33,g
e18637d2-6702-484c-ae49-5a45dbea55fb,ASC484,A011,Rice flakes (Oryza sativa ),20,g
e18a4979-b2a0-4d35-970a-4b2b1fcab828,ASC212,G008,"Chillies, green - all varieties (Capsicum annum)",3.33,g
e19e5a36-b8aa-4f0e-b5fe-ca54a6daeacc,BFP074,UK-17-661,"Butter, unsalted",8,g
e1b2a085-a384-4ad3-993f-39998188f9ce,ASC343,A022,"Wheat, semolina (Triticum aestivum)",10,g
e1bf5db3-2f2a-41cd-a109-260b8e7567dc,BFP354,UK-17-360,Gelatine,0.25,tsp
e1c28016-7183-4988-a513-dd6978924748,ASC455,UK-17-661,"Butter, unsalted",25,g
e1c8cfee-3378-4eed-87fe-43c4b20f2d2b,ASC419,A018,"Wheat flour, refined (Triticum aestivum)",110,g
e1cc101d-3f1b-4c39-b1d1-b0c417bef3fb,ASC310,UK-12-332,"Cream, fresh, single",80,g
e1cdd39f-d0b5-478c-a355-c209f5bc1925,BFP355,UK-11-799,"Biscuits, digestive, plain",20,g
e1d2072d-d388-4052-bce4-22983d889d20,ASC125,G023,Cloves (Syzygium aromaticum),0.5,tsp
e1d46d72-68ee-42e0-afb1-789e148e8182,ASC250,UK-17-367,Salt,0.25,tsp
e1d4a2ad-d45a-4590-b364-bb265d6267bb,BFP451,UK-17-063,"Sugar, white",0.5,tsp
e1d80180-552f-473f-b538-c59899bbe052,BFP221,E053,Pineapple (Ananas comosus),25,g
e1dc3d7a-734c-470e-ab22-ee959c15d1fe,BFP046,UK-17-045,"Oil, sunflower",10,g
e1e1158f-6b96-478e-be75-92251e2ac04d,ASC332,E047,"Orange, pulp (Citrus aurantium)",30,g
e1e2726b-7823-4826-b1fa-b79ad55d4192,ASC005,G025,Cumin seeds (Cuminum cyminum),0.125,tsp
e1e29bd5-3258-4cda-8eec-3caf5829ed7f,ASC147,A018,"Wheat flour, refined (Triticum aestivum)",10,g
e1eba737-ac75-46df-b4d2-77bc0938b88e,ASC162,UK-13-873,Chilli powder,0.25,tsp
e1ef460e-04fb-42c9-8c9a-5bae38725f6b,ASC221,G014,"Ginger, fresh (Zingiber officinale)",3.17,g
e1f6a743-4c66-4a05-bb6a-f4fb339c7d4f,ASC381,UK-17-339,Vinegar,1,tbsp
e1f76d25-667a-4905-9c35-39f855f00988,ASC214,G031,"Pepper, black (Piper nigrum)",0.5,tsp
e1f95309-3e06-4cf6-b7d7-f6f91f8eb399,OSR113,UK-17-045,"Oil, sunflower",2,C
e203002c-3e60-41f4-a9c0-9de5d65523ef,ASC167,D031,Brinjal - all varieties (Solanum melongena),30,g
e203e91d-4d2a-4f19-9368-4b7c0ca9f163,ASC465,UK-17-063,"Sugar, white",30,g
e20a2f5c-1643-4234-b0e9-9d14efca46ce,BFP091,F006,"Potato, brown skin, big (Solanum tuberosum)",30,g
e2115940-ee8f-4fed-95b6-3688a0e78bf8,BFP389,ANN-ING-0037,Food colour,0.5,tsp
e21a27d2-1ed2-4a29-a137-19e223f658dd,ASC184,D056,Ladies finger (Abelmoschus esculentus),100,g
e21a893b-ea14-4279-affa-87f4befbb7e3,BFP199,G032,Poppy seeds (Papaver somniferum),0.25,tsp
e229738d-107e-4695-9a35-2b8d767cc79e,BFP308,E014,"Cherries, red (Prunus cerasus)",10,g
e229977b-fe01-4be8-9a0e-b0a1916e9334,OSR108,UK-17-367,Salt,0.22,tsp
e22d392b-164c-4c07-942c-0ee502913e27,BFP353,UK-17-063,"Sugar, white",20,g
e230fd6d-6e46-405e-9b22-e93999edd924,BFP187,UK-17-367,Salt,0.25,tsp
e2381d0c-2490-4d3d-a4b1-6fa2d24c6a44,OSR089,G025,Cumin seeds (Cuminum cyminum),0.25,tsp
e23861b5-424b-4456-bf2f-78ebcf9d70ef,BFP510,A022,"Wheat, semolina (Triticum aestivum)",10,g
e249a9d6-f8af-412a-a68d-cadc678d903e,ASC339,UK-17-377,"Water, distilled",3,tbsp
e2588889-7edb-4a46-8327-130f14d03092,BFP208,UK-17-367,Salt,0.17,tsp
e25b4928-296c-42ee-851c-a28a67cbcb90,ASC082,UK-17-367,Salt,0.5,tsp
e2606ff5-764c-490a-be52-e2479d195c1b,OSR080,E064,"Tamarind, pulp (Tamarindus indica)",50,g
e27be908-bc25-4965-a8c4-89b7300ace1b,BFP468,UK-17-367,Salt,0.125,tsp
e2906726-0bdc-4638-baf3-b11fc9639af1,ASC349,UK-17-045,"Oil, sunflower",480,ml
e2910404-4a59-47ed-87c1-77238c20ed9b,ASC293,UK-17-063,"Sugar, white",20,g
e294108f-cb7a-4322-a307-4b99d42ac376,ASC005,UK-17-377,"Water, distilled",1,C
e294edbd-59b8-438b-b0d6-a91dad10f31c,BFP067,G031,"Pepper, black (Piper nigrum)",0.5,tsp
e29599dc-13d1-457f-b584-8b5a3284d592,ASC321,H018,Pistachio nuts (Pistacla vera),0.4,g
e2992cc3-a672-40f9-825a-2533f54a44d9,BFP457,UK-17-661,"Butter, unsalted",10,g
e2a46049-2709-468a-bec9-28e4c21a834d,ASC397,UK-17-661,"Butter, unsalted",30,g
e2bb3e8f-51c3-45cd-a35d-625298e5a2ce,BFP444,D075,"Tomato, ripe, hybrid (Solanum lycopersicum)",100,g
e2bb6fa2-cffa-4040-b7c1-ffae44502d8a,ASC116,UK-17-377,"Water, distilled",160,ml
e2d05bcc-6386-418e-ba24-9ef46d5eb5dc,ASC498,UK-14-130,"Lemons, flesh only, raw, weighed with peel and pips",1000,g
e2d2d767-b6be-4e32-a8ed-983b12336da3,OSR085,E017,"Dates, dry, pale brown (Phoenix dactylifera)",147,g
e2dc6023-ea68-4910-a403-d4c0889584ee,ASC205,UK-17-367,Salt,0.25,tsp
e2df0db5-471b-49ac-93bb-c2e5a4fd456e,BFP608,ANN-ING-0019,Yellow color,0.25,tsp
e2e0bcb9-84b1-448b-a092-97d9ae4c25b5,BFP079,L002,"Milk, whole, Cow",80,ml
e2f4cd4a-e8c0-463a-84d9-8b8783b1aaa5,ASC196,G033,Turmeric powder (Curcuma domestica),0.125,tsp
e2f889d8-dd50-483d-a88d-b443444bbd89,BFP322,UK-17-367,Salt,0.17,tsp
e2fa95ef-94bb-4769-8f2b-0eb528632a7f,BFP045,G022,"Chillies, red (Capsicum annum)",3.33,g
e2feaaab-414c-4ea9-af41-aed18732c54f,BFP197,UK-17-045,"Oil, sunflower",1,tsp
e30aa9f8-5660-4700-88ce-1b218529d09b,BFP007,G020,"Cardamom, green (Elettaria cardamomum)",0.5,tsp
e3114be6-52a0-4187-aa0c-46c902d3b8a4,ASC101,UK-17-367,Salt,0.25,tsp
e316bf45-6d73-4942-b7c7-65c9d8a878ff,BFP229,G017,"Onion, big (Allium cepa)",60,g
e31a2c84-ad70-4c2a-aeef-b83297fa411c,OSR009,UK-17-640,"Ghee, butter",1,tsp
e31f635a-baab-4e16-b6ed-3b4058d9b7d2,BFP005,G026,Fenugreek seeds (Trigonella foenum graecum),5,g
e3204007-acf2-4a4c-8a1c-42b3733e2e53,BFP511,M003,"Egg, poultry, yolk, raw",2,g
e323aaea-258c-45f1-94bb-5e2baaa39aa9,ASC323,M002,"Egg, poultry, white, raw",34,g
e323d20f-aefe-4968-93d2-6b2afc69b159,BFP275,F018,"Yam, ordinary (Amorphophallus sp.)",120,g
e339ef69-9734-404a-a2f2-c63e7c4052c2,BFP420,UK-17-045,"Oil, sunflower",0.5,tsp
e345b3bf-1e9a-4416-a8a1-5f49639bd50f,BFP144,G009,Coriander leaves (Coriandrum sativum),1,sprig
e34781c5-2ebe-4bfc-a0c1-aabff5454385,ASC105,UK-17-367,Salt,0.25,tsp
e34d4e1f-6fd5-480f-9ccd-bb9060ac6b63,OSR114,A018,"Wheat flour, refined (Triticum aestivum)",120,g
e3506183-2bc0-443d-bd9b-1511cb23595b,BFP142,G023,Cloves (Syzygium aromaticum),0.25,tsp
e35ad46a-5071-4829-9a95-d129bcedb3d4,ASC149,G008,"Chillies, green - all varieties (Capsicum annum)",1.67,g
e36a427b-0e34-4e50-9f42-c607235bd107,ASC453,UK-17-158,"Coffee, powder, instant",0.5,tsp
e3741870-e0cb-4eab-8e06-04dd60f9990e,BFP124,M001,"Egg, poultry, whole, raw",12.5,g
e377eed5-4062-40e7-b642-3867bb8c48ed,ASC199,C033,Spinach (Spinacia oleracea),150,g
e37ee99c-f66a-4579-ba6c-39fce68a03b6,BFP155,UK-17-367,Salt,0.25,tsp
e3873bfe-6cfa-4efe-b881-5792f3a9dbe2,BFP246,M001,"Egg, poultry, whole, raw",1,tsp
e38caeae-18af-41f3-9928-bc98fb87eeec,BFP204,UK-13-873,Chilli powder,0.25,tsp
e3917f12-d39a-4767-ac87-7134f0a3678e,BFP519,M003,"Egg, poultry, yolk, raw",5.33,g
e3951568-674b-4436-8acb-ec5ef2c5746d,BFP415,G017,"Onion, big (Allium cepa)",100,g
e3a07fec-14dd-47d1-b176-a8b5d31a3806,ASC370,UK-13-829,Garam masala,0.25,tsp
e3a794b0-cbfe-4bf0-89ee-fd8d4d83cc75,ASC193,G033,Turmeric powder (Curcuma domestica),0.125,tsp
e3aaea12-a0b1-43fc-8cb2-f9c9fc0bcce5,ASC022,G025,Cumin seeds (Cuminum cyminum),0.125,tsp
e3b33120-606d-455b-b3da-1693317eddf0,ASC080,F002,"Carrot, orange (Daucus carota)",50,g
e3b5d8e2-2731-439c-96a1-b2cb8f22e561,ASC002,UK-17-158,"Coffee, powder, instant",1.5,tsp
e3c3da90-58d1-4f40-b860-d07e55f75c42,BFP072,G031,"Pepper, black (Piper nigrum)",0.25,tsp
e3c58622-685f-4f5d-91c1-2c3ac779e71f,BFP453,UK-17-654,"Mayonnaise, standard, retail",4,tbsp
e3c68e62-efa0-4cf1-b41d-4e83fe8095e5,ASC127,G022,"Chillies, red (Capsicum annum)",3.33,g
e3c85e29-a558-4e0b-ad70-155ad21a11ae,BFP190,O064,"MUTTON, muscle",120,g
e3cac63a-eee3-4850-98ac-98d5c2c7971c,ASC139,UK-17-709,Tomato ketchup,0.5,C
e3cb16ac-d9f4-4377-b0a2-0faa3c0e2fec,ASC297,G020,"Cardamom, green (Elettaria cardamomum)",0.25,tsp
e3e7fa0c-9338-4249-8b32-b6a6910e7636,ASC196,UK-13-829,Garam masala,0.25,tsp
e3e89369-c436-4214-9272-c8f0e67e9868,ASC153,G025,Cumin seeds (Cuminum cyminum),0.25,tsp
e3fd7361-0aa0-40b7-b681-7f799eea5898,ASC071,L002,"Milk, whole, Cow",1,C
e3ff1ef7-bfd8-4bc9-b240-820f0cc7a019,BFP122,G031,"Pepper, black (Piper nigrum)",0.25,tsp
e4048c9b-388b-4bc6-a59b-9ab3e2f2e10d,ASC402,G014,"Ginger, fresh (Zingiber officinale)",10,g
e410b860-e85f-4c6a-8119-0cf2638d2273,BFP210,UK-17-377,"Water, distilled",4,tsp
e4141a81-1a76-441a-a13e-ec2f91cf2b17,ASC356,UK-17-045,"Oil, sunflower",0.5,tsp
e42855c9-3c05-4c40-aff8-ee2332f95c12,ASC154,UK-17-045,"Oil, sunflower",1,tsp
e42a0e38-5a9b-4736-ab34-25c6b6e106f2,ASC378,B001,"Bengal gram, dal (Cicer arietinum)",20,g
e43c8132-d01e-4b87-b9bc-7b6eddeb15b6,OSR125,UK-17-063,"Sugar, white",2,tbsp
e447811c-345c-4404-a5b4-d935ac86bfa5,BFP455,D075,"Tomato, ripe, hybrid (Solanum lycopersicum)",40,g
e44b3620-d937-4472-9b35-d55c533c10e0,ASC097,UK-17-377,"Water, distilled",4,tbsp
e4578652-48d3-4bcb-92ef-34cb265776b1,BFP580,G017,"Onion, big (Allium cepa)",10,g
e45ee6b5-39a7-4d59-b54a-c5a0fda9e99e,OSR153,US-400113,"SIVA'S, AMHUR POWDER (DRY MANGO POWDER)",0.2,tsp
e468ed17-6d85-4c81-a169-d76f5c9be2f0,OSR118,UK-17-367,Salt,0.5,tsp
e46c6c88-f23d-46b9-85f8-6c5d7ec42ce4,ASC375,UK-17-045,"Oil, sunflower",480,ml
e4709e46-ce37-4a3c-b741-a15956d11b8b,BFP046,G008,"Chillies, green - all varieties (Capsicum annum)",6.67,g
e475159e-3e3d-4700-9fa5-4a30c416af99,BFP143,G017,"Onion, big (Allium cepa)",50,g
e47cb77b-1a31-4c4c-9aea-4a1b9c52ad2b,ASC455,UK-13-832,"Ginger, ground",1.5,tsp
e4827692-ff1b-439f-847f-e00880af19a4,BFP172,UK-17-367,Salt,0.5,tsp
e48333ca-fc4d-45b6-ad15-b19f8b6f1f09,OSR030,UK-17-367,Salt,0.5,tsp
e487c7dc-b0d1-424c-9cad-c177be5f49a5,ASC162,US-173756,"Chickpeas (garbanzo beans, bengal gram), mature seeds, raw",30,g
e4884e0a-572e-4702-9f68-f27b528323b6,BFP151,A014,"Rice, parboiled, milled (Oryza sativa )",50,g
e48a5a78-2963-4774-a11e-9e5904e6732f,BFP440,G008,"Chillies, green - all varieties (Capsicum annum)",13.32,g
e493d56f-bf9f-42f0-a058-0dc1f3b893ed,ASC089,G017,"Onion, big (Allium cepa)",20,g
e49827f8-332e-4ca8-8750-66d489e56ee4,ASC345,ANN-ING-0006,Kewra essence,0.5,tsp
e4986971-0223-4019-9fd2-cd5d130a50ee,ASC030,UK-17-709,Tomato ketchup,0.5,tbsp
e49ed097-f066-437c-9539-55fb2881a50b,BFP157,UK-17-726,"Stock cubes, chicken",0.25,C
e4a19b70-2509-4da4-8f36-fe4d251765c3,BFP303,G016,Mint leaves (Mentha spicata ),1,tsp
e4a2f2d3-de6b-49a7-a676-2bdb5786b5f4,ASC480,UK-17-661,"Butter, unsalted",0.5,tsp
e4aa71c1-af95-49ec-ba78-e7e7305c73b3,BFP554,B010,"Green gram, dal (Vigna radiata)",10,g
e4af484d-8115-4c78-afec-0abfa24b4ea3,ASC085,UK-17-661,"Butter, unsalted",2,tsp
e4b6dfc5-172d-4896-9439-0fd7abda18b5,BFP079,G031,"Pepper, black (Piper nigrum)",0.25,tsp
e4b9f774-ccd3-4ef9-91ae-cd1ab1328caa,ASC314,UK-17-063,"Sugar, white",15,g
e4c07724-438c-4ff1-be79-61bcfe1b4810,BFP223,UK-13-873,Chilli powder,0.125,tsp
e4c82e38-2489-44ca-8f74-92091b00eeee,BFP222,G023,Cloves (Syzygium aromaticum),0.25,tsp
e4cb4a01-0ab5-42f3-b0d9-aad64e8c3d5c,ASC279,UK-12-184,"Yogurt, whole milk, plain",150,g
e4d0e1c6-a484-4c15-aa37-118c53ece6a3,ASC162,UK-17-045,"Oil, sunflower",1.5,tsp
e4db9b35-7360-4a5f-8180-c8c39fee8dd1,ASC213,L003,Paneer,25,g
e4e27400-8464-4fd3-b7cb-eaaf99e2564e,BFP074,F002,"Carrot, orange (Daucus carota)",20,g
e4faba48-f660-4e57-ac52-7702a5a8f96b,ASC141,G031,"Pepper, black (Piper nigrum)",0.25,tsp
e500ee14-9441-41b8-948e-11008f60c78c,BFP138,G017,"Onion, big (Allium cepa)",20,g
e5066da2-a366-47a2-a30c-0e65dc746352,ASC505,UK-17-367,Salt,20,g
e507ee51-0e8c-4473-bd9e-f3fddcb02c16,BFP011,L002,"Milk, whole, Cow",360,ml
e5178209-edf1-4e98-9ba4-bd51c6d761f4,OSR127,UK-17-063,"Sugar, white",170,g
e5192271-b06b-43f2-a0c6-5bef64b14dfd,ASC202,G017,"Onion, big (Allium cepa)",50,g
e51d18d7-9685-4762-833b-ad518eb72e23,OSR030,UK-17-377,"Water, distilled",1.5,C
e51d4973-6f6e-4edd-81fa-e17d680e843b,ASC341,UK-17-062,"Sugar, icing",50,g
e521895f-892e-4412-8ef1-a31806186ebd,ASC169,UK-13-806,"Bay leaf, dried",0.4,g
e525a2c3-e71d-4611-9711-b057a0b26e5f,ASC106,G008,"Chillies, green - all varieties (Capsicum annum)",3.33,g
e53df0ec-a917-4cf0-ace8-02236800997a,BFP450,H013,Mustard seeds (Brassica nigra),0.25,tsp
e54b9a2f-ba08-4fb4-b658-d88d7afec8f5,BFP136,UK-17-377,"Water, distilled",160,ml
e54c6939-ac5d-4dd5-b20a-57e6116a6ef5,ASC195,D075,"Tomato, ripe, hybrid (Solanum lycopersicum)",50,g
e55905aa-2b06-4bd1-ba7e-a766814fbc53,ASC100,G008,"Chillies, green - all varieties (Capsicum annum)",3.33,g
e559b728-c7b0-4d95-a968-4c7e740cdbc9,BFP096,G017,"Onion, big (Allium cepa)",15,g
e5689bbb-7aae-4163-85ac-31ac80fa4570,ASC318,UK-12-332,"Cream, fresh, single",100,g
e57099aa-5088-48ce-b117-ac42867d9596,ASC507,UK-13-873,Chilli powder,27.5,g
e573f793-af9c-4d5e-9f08-39594e641473,ASC351,UK-13-829,Garam masala,0.125,tsp
e5795699-8aac-4f39-b057-8950b73b3039,ASC376,G014,"Ginger, fresh (Zingiber officinale)",12.66,g
e5796902-6ed3-40a1-b7a8-c8be4deb8eca,BFP239,UK-17-045,"Oil, sunflower",2,tsp
e5824082-c346-4c07-8dda-7082145174cf,ASC171,UK-17-367,Salt,0.5,tsp
e58ce6be-cdc9-4a1a-83d1-8c81e37c1685,ASC155,UK-17-367,Salt,0.5,tsp
e58eecfe-0ee4-45c9-9e4c-6031a52a5d23,ASC114,UK-17-045,"Oil, sunflower",1,tbsp
e5a3738a-7d1b-4018-a39c-3d6cd6a7a718,OSR054,G023,Cloves (Syzygium aromaticum),1.5,tsp
e5a785fa-90dd-45e8-86e5-7011160d152e,ASC463,I001,"Jaggery, cane (Saccharum officinarum)",50,g
e5c1de22-ed15-4474-b6ac-1474e4e9d8ef,ASC200,UK-13-873,Chilli powder,0.25,tsp
e5c50390-1261-4774-a8ed-ea29a8d8411e,ASC111,UK-17-045,"Oil, sunflower",480,ml
e5cb3573-bf34-4a95-8f2a-65368bc411ec,BFP240,M001,"Egg, poultry, whole, raw",50,g
e5e4cb83-5512-4688-a8a7-dc1c9e4733b2,ASC089,M001,"Egg, poultry, whole, raw",25,g
e5eb7d5a-cb38-4916-9643-f446580d96f0,ASC191,UK-17-367,Salt,0.5,tsp
e5ed5191-a27e-4d19-97d7-3f620adbe5fa,BFP136,G017,"Onion, big (Allium cepa)",20,g
e5f26928-4e47-491c-a5e3-81e0a82235f6,OSR034,UK-17-661,"Butter, unsalted",113.5,g
e5f3e989-2dce-4c3c-bb79-5bf89841fe37,ASC416,L002,"Milk, whole, Cow",120,ml
e5f7c30e-99f5-4d01-bfca-04e16a5786c1,BFP544,UK-17-367,Salt,0.25,tsp
e5f8d654-d20b-4ff1-95db-c97be4a92fd2,OSR132,D066,"Pumpkin, orange, round (Cucurbita maxima)",400,g
e60ac77a-17ab-4fb4-802b-fb1fed11f5b9,ASC287,E057,"Raisins, dried, black (Vitis vinifera)",1.32,g
e6195127-e77f-44a1-ad58-cb2c599012b2,ASC130,UK-17-661,"Butter, unsalted",1,tsp
e6231b94-efce-4def-961f-285375f435f4,ASC301,US-173471,Vanilla extract,0.5,tsp
e62d0c2d-364d-43dd-a3f8-e80b931feab2,BFP392,ANN-ING-0036,REETHA,0.08,nos
e636cde4-4d9a-4ed8-a2c6-2adbd82ef1b2,OSR028,UK-17-367,Salt,0.5,tsp
e6370e84-1c07-4f6c-9678-c0146b050f65,BFP601,UK-13-351,"Spring onions, bulbs only, raw",5,g
e6371233-f7d8-4b72-847e-f2d76a35f14a,ASC420,UK-17-355,Baking powder,0.25,tsp
e6392ecc-76e6-408d-8dc3-191e9a83ebe0,BFP545,G008,"Chillies, green - all varieties (Capsicum annum)",1.67,g
e63f15a4-0171-4248-bf19-1f425b0c510c,ASC044,D061,"Peas, fresh (Pisum sativum)",20,g
e652ffe7-af76-4aa7-bd08-f0d9f5acaf43,ASC217,UK-17-640,"Ghee, butter",1,tbsp
e653b053-3f24-4715-8557-4f9147772cd7,BFP210,UK-17-367,Salt,0.17,tsp
e65b2a01-775a-41b5-b728-0c6b39f1536c,ASC207,F006,"Potato, brown skin, big (Solanum tuberosum)",80,g
e65db5b4-1039-40b8-bb52-6112cfd7aac2,ASC470,A003,Bajra (Pennisetum typhoideum),50,g
e65e03ce-1b5a-4e9f-8bcb-ee2e1df936c8,BFP042,G022,"Chillies, red (Capsicum annum)",1.67,g
e65e13b9-7930-4322-b0ce-6f81c1347755,ASC402,D075,"Tomato, ripe, hybrid (Solanum lycopersicum)",50,g
e65f419a-7f8d-4ad2-a4e2-b0a84db1dd23,ASC193,UK-13-873,Chilli powder,0.25,tsp
e6724079-5661-4369-a240-62ed546a5b9d,ASC315,UK-17-062,"Sugar, icing",1.5,tbsp
e6735b29-2699-47d9-8af9-58f72e387f6f,ASC338,UK-17-640,"Ghee, butter",0.5,tsp
e67a6590-accd-47c0-9035-dbd0ba9ce852,OSR063,UK-17-045,"Oil, sunflower",500,ml
e6801513-85f6-4e5c-8aeb-ad82b57095e7,BFP157,F002,"Carrot, orange (Daucus carota)",30,g
e68efdaa-659f-4086-bcff-d4f0073665f3,BFP040,G008,"Chillies, green - all varieties (Capsicum annum)",3.33,g
e69e740f-fc32-4405-b2e0-5bda5a5c6abc,ASC088,F002,"Carrot, orange (Daucus carota)",20,g
e6a50a4c-2635-47c8-bc4d-b38ecd94bfb5,ASC136,UK-12-527,"Cheese, processed, plain",15,g
e6b21fc2-0c7c-4349-b245-9b8be26277b2,BFP134,A014,"Rice, parboiled, milled (Oryza sativa )",80,g
e6c02690-1f22-41fc-933c-d0c25137953c,ASC132,UK-12-332,"Cream, fresh, single",20,ml
e6c17183-6ce5-4c8b-8c1d-bed79095f489,ASC077,L002,"Milk, whole, Cow",1,C
e6c283e6-63f5-4e3a-bcc5-a6540a3a5dac,ASC058,UK-17-339,Vinegar,2,tsp
e6d01758-3bde-4269-8c14-163de05d95d9,BFP125,UK-12-527,"Cheese, processed, plain",50,g
e6d5f5ae-2b9b-4fb6-b436-02f176d90761,BFP585,UK-17-377,"Water, distilled",1000,ml
e6d9257c-0e5c-4f36-896a-75a35021548f,ASC085,UK-13-389,"Turnip, flesh only, raw",20,g
e6da2ca4-f46e-4326-a300-f6b084db2d33,BFP026,UK-17-672,"Energy drink, carbonated",200,ml
e6ea7dd8-8c35-4685-95be-5dff8aed823e,BFP026,UK-17-377,"Water, distilled",6,tbsp
e6f1176b-b9d9-4f97-a69b-b06dda0abe17,BFP307,D037,Celery stalk (Apium graveolens),7.5,g
e6f37626-860c-4e2f-bfa4-b6cdaa2b79e6,BFP604,US-400113,"SIVA'S, AMHUR POWDER (DRY MANGO POWDER)",0.25,tsp
e6fc5832-106e-4dd5-9dad-7f0ceb890a82,ASC412,UK-17-367,Salt,0.5,tsp
e6fd1f19-9e79-4688-9588-4cc7a4372225,BFP446,G031,"Pepper, black (Piper nigrum)",0.25,tsp
e6fd73ec-49af-4112-958e-3041f684fa36,ASC239,UK-17-709,Tomato ketchup,1,tsp
e6ffaac0-fb05-4360-9181-cf5c97d2e549,ASC162,G012,"Garlic, small clove (Allium sativum)",1.25,g
e70460bb-5458-40fb-9692-fcb34195a367,OSR093,A018,"Wheat flour, refined (Triticum aestivum)",2,tsp
e713c53f-28ae-4839-a85d-db59d9a5a354,BFP159,D075,"Tomato, ripe, hybrid (Solanum lycopersicum)",150,g
e718b969-e795-4a84-9e5f-a2bb62ede66f,ASC131,UK-17-377,"Water, distilled",0.5,C
e71d9e39-1ff6-4cf4-a5e9-4e2085fa8882,BFP108,A019,"Wheat flour, atta (Triticum aestivum)",80,g
e720f6a1-2105-4053-82fb-81f49c15b9e2,ASC179,G008,"Chillies, green - all varieties (Capsicum annum)",3.33,g
e7467cb9-04c4-49a5-87a6-a4f10a7fb3ea,ASC409,UK-17-355,Baking powder,0.25,tsp
e75584d7-879e-4e64-975b-fe1c3a10d961,ASC189,UK-17-045,"Oil, sunflower",2,tsp
e756c7c3-06cf-4d69-8f5f-118499bad70f,BFP455,D043,"Cucumber, green, elongate (Cucumis sativus)",20,g
e75b750a-1388-4aa6-bc6d-74db3cea956a,ASC214,UK-13-829,Garam masala,0.25,tsp
e763dbfd-c886-4188-bc63-89d2d0a35c01,BFP353,UK-17-377,"Water, distilled",4,tsp
e76668c8-2d17-41cc-8a96-b891c874290a,BFP407,A022,"Wheat, semolina (Triticum aestivum)",50,g
e76fc941-f89d-4b04-97a5-004ef27c206d,BFP430,G031,"Pepper, black (Piper nigrum)",0.125,tsp
e7725d72-7495-40b5-ad53-d51afd39c157,BFP278,UK-13-502,"Broccoli, green, raw",20,g
e77a2dc2-bd41-431e-a855-f3816afc76b0,ASC199,G012,"Garlic, small clove (Allium sativum)",1.25,g
e77e74a8-a72b-4c24-a5e8-9b0df733e344,BFP476,M001,"Egg, poultry, whole, raw",100,g
e78ba00d-1f74-4a01-90a4-7163688c0b1c,ASC102,UK-17-367,Salt,0.13,tsp
e7902401-f1f9-481c-818e-643c719f79a7,ASC219,F018,"Yam, ordinary (Amorphophallus sp.)",25,g
e7979d9d-041b-485f-80eb-75057fc8b756,ASC208,UK-13-881,"Pepper, white",0.25,tsp
e7adcd5e-5b9f-40fe-ba81-fa550ff13389,BFP557,B010,"Green gram, dal (Vigna radiata)",10,g
e7ae2b7b-6c72-4ff2-b6a7-ee13e388930e,BFP355,L002,"Milk, whole, Cow",150,ml
e7b1aca5-9af8-4e2c-9897-4276e4fe8252,ASC111,F006,"Potato, brown skin, big (Solanum tuberosum)",30,g
e7be132e-a6d1-4192-b2df-235ce43a07cb,BFP201,M001,"Egg, poultry, whole, raw",50,g
e7c8ae6a-3901-45f1-9a2f-628b4334f490,ASC237,G012,"Garlic, small clove (Allium sativum)",1.6,g
e7d87d95-6702-4d5f-8c15-1d5142dd76c2,BFP420,US-806341,AJWAIN SEED WHOLE ORGANIC SPICES,0.25,tsp
e7dc4c27-df0a-407a-82ad-723db3a6f4ef,BFP142,H005,Cashew nut (Anacardium occidentale),3.33,g
e7e37f64-081c-489d-8326-0aad8acf5982,BFP491,A018,"Wheat flour, refined (Triticum aestivum)",55,g
e7e49fae-2fbe-4bb7-936f-3cbe360dc1f6,OSR005,ANN-ING-0051,Rose petals,20,nos
e7f54e6d-2ea7-4bb9-85b0-743802ddc5cb,ASC120,UK-13-806,"Bay leaf, dried",1.2,g
e7f7d24f-1eca-4f68-b84d-cf316e339f21,ASC162,UK-17-367,Salt,0.5,tsp
e7fc1d85-779b-450d-ab0a-13c8167a9b82,ASC449,A018,"Wheat flour, refined (Triticum aestivum)",50,g
e7fc9a1a-5311-40e1-9ff2-f7e24c9a9c58,ASC398,UK-17-062,"Sugar, icing",0.5,tsp
e80e3ce2-66bd-4316-82d2-249cd707d16d,BFP507,L002,"Milk, whole, Cow",2,tsp
e81d8c3e-be1a-431a-95e3-f55112012130,BFP249,G008,"Chillies, green - all varieties (Capsicum annum)",3.33,g
e825211f-6d04-4ee9-bbe2-f0e6e38d5153,BFP368,UK-17-377,"Water, distilled",30,ml
e8274645-f398-4c07-bb53-c1038ed7fd85,BFP161,UK-17-377,"Water, distilled",4,C
e82c6cd6-a281-40fb-86f2-456eac62a2b4,ASC020,UK-17-063,"Sugar, white",1,tbsp
e83212f8-cee1-409d-9048-15399fc3dd76,ASC402,UK-17-362,Mustard powder,0.25,g
e839c77c-16c5-43c9-9de4-b74a4445ff79,BFP597,US-172337,"Oil, mustard",150,ml
e83ff2ca-4c88-4dd1-ad49-3be8e0fff3ca,BFP358,US-173471,Vanilla extract,0.5,tsp
e8472591-fe24-42c2-9317-30a151cd2851,BFP179,G020,"Cardamom, green (Elettaria cardamomum)",0.25,tsp
e8479927-8c97-4649-81ea-c637fbb941cc,ASC120,G020,"Cardamom, green (Elettaria cardamomum)",0.75,tsp
e847b66c-c589-4038-b3de-685b455ab862,BFP535,M001,"Egg, poultry, whole, raw",50,g
e849af52-4a55-4f31-befa-4c49cbb7c4da,BFP444,UK-17-377,"Water, distilled",2,tsp
e84f133d-b04c-432b-a147-6ae387fc12de,OSR043,A018,"Wheat flour, refined (Triticum aestivum)",10,tbsp
e853c49d-2d86-4cf7-97f6-20d86b9b09d6,BFP436,UK-17-045,"Oil, sunflower",240,ml
e854c885-acf9-4ad6-b918-f6fda1b2c1ff,OSR114,G017,"Onion, big (Allium cepa)",2,tbsp
e86f3c56-f4cb-4d4a-88c1-23f40bb159ef,ASC158,UK-17-367,Salt,0.5,tsp
e8798cb8-7e98-40e3-9b97-fb945c468a90,BFP437,UK-17-367,Salt,0.25,tsp
e889ac32-0839-4830-8900-a9bf646ddd45,BFP306,UK-17-367,Salt,0.125,tsp
e8a22442-bb16-45a0-8f2c-e37569fc632b,OSR037,UK-13-570,"Tofu, soya bean, steamed",63,g
e8a4b03e-5bf5-4697-88f9-1038e343b8af,ASC093,C033,Spinach (Spinacia oleracea),10,g
e8a7b319-fc58-4cc3-b584-03016ddc82f7,ASC246,G023,Cloves (Syzygium aromaticum),0.5,tsp
e8ab6647-f1c5-4503-806a-8b2119bd0cb4,BFP041,UK-17-377,"Water, distilled",100,ml
e8b7e23c-1863-4063-961c-aab0326a6319,ASC281,E064,"Tamarind, pulp (Tamarindus indica)",25,g
e8c57226-f3a7-4e35-aba7-48da83a157ab,ASC128,UK-17-045,"Oil, sunflower",1,tsp
e8ce4eb9-691e-4662-9806-f1b0f51a459a,BFP041,G009,Coriander leaves (Coriandrum sativum),1,sprig
e8d0371d-b682-42da-a19d-491f51063afc,OSR065,UK-17-377,"Water, distilled",1,C
e8d0b5f2-9f73-4b94-ae34-b394d81a1bf5,ASC168,UK-17-367,Salt,0.5,tsp
e8dcef10-8ae1-48ff-85d0-d562091df9dc,BFP153,A022,"Wheat, semolina (Triticum aestivum)",10,g
e8df5775-266f-4a24-930d-75468bcec282,BFP389,UK-17-377,"Water, distilled",15,ml
e8e04876-c75a-4cb4-aef0-1f7c3a787240,ASC201,UK-12-184,"Yogurt, whole milk, plain",1,tbsp
e8e2e25e-a35a-457b-8be3-b37333f79d56,BFP602,G023,Cloves (Syzygium aromaticum),1.25,tsp
e8e4afd9-8424-4800-b99d-ce65f3614b36,OSR145,G010,Curry leaves (Murraya koenigii),1,sprig
e8eebb10-4379-4b6e-8b1f-2258279a70ff,BFP379,UK-17-661,"Butter, unsalted",5,g
e8f0d74a-38ed-499f-88b6-611a290b9b32,ASC119,UK-17-045,"Oil, sunflower",1,tbsp
e8f3d84d-c147-4205-a13a-1808e3350237,OSR062,G012,"Garlic, small clove (Allium sativum)",1,tsp
e8f67c49-25e0-4a75-9a1a-a48e3a41ef9b,ASC005,D057,"Mango, green, raw (Mangifera indica)",100,g
e8f8db42-0511-41bd-b551-e41b99833329,BFP444,G012,"Garlic, small clove (Allium sativum)",0.63,g
e8fca75c-6c63-467f-bc90-697a680f3f17,BFP609,UK-12-508,"Ice cream, dairy, vanilla, soft scoop",30,g
e903923c-5470-498b-b0a2-05bc8e99d530,OSR137,F002,"Carrot, orange (Daucus carota)",32,g
e9139a56-63b0-4b06-9944-906dff31e3f5,OSR107,G033,Turmeric powder (Curcuma domestica),0.5,tsp
e913f818-8778-4aec-98eb-9be539354e54,ASC011,G016,Mint leaves (Mentha spicata ),1,sprig
e916a990-3071-4449-af25-ddcac4ccb8ac,OSR136,B010,"Green gram, dal (Vigna radiata)",43.75,g
e9176d28-7b50-4ee5-aca8-2b613ecee1e7,BFP373,UK-11-1045,"Flour, corn",5,g
e91967d8-8474-4215-a159-3f682564fc9b,BFP164,UK-17-367,Salt,0.5,tsp
e91e5ba5-7b14-4f00-88f0-7ae8af703b05,OSR146,G009,Coriander leaves (Coriandrum sativum),3,tbsp
e9224b2a-df6d-4600-9784-69a2c533cae7,OSR012,UK-12-520,"Milk, condensed, whole, sweetened",2,tbsp
e92e493c-abee-4537-bccb-b648edf38373,OSR075,UK-13-873,Chilli powder,0.25,tsp
e931f9b5-5cf2-4cfc-a7be-561f6d759aa5,BFP360,UK-17-377,"Water, distilled",1,tsp
e948bab3-b49f-47ee-b8a4-e40bb4e02122,BFP019,ANN-ING-0023,Fruit essence,0.5,tsp
e95208dc-0a8d-4fcf-843d-6c50e052c90f,OSR092,UK-17-367,Salt,1,tsp
e9539aa9-8a02-450d-a9e4-742182d40595,ASC317,UK-12-237,"Jelly, made with water",25,g
e961fe17-f3bc-4b19-947e-539e9666b962,ASC257,UK-11-716,"Pasta, white, dried, raw",25,g
e964468f-6041-4bfc-ac91-16cb9700fe7f,BFP142,G014,"Ginger, fresh (Zingiber officinale)",5,g
e964f315-0c4f-4d54-be2e-ab5a1ada3354,BFP536,UK-17-062,"Sugar, icing",1,tsp
e96d0d23-584c-42bb-9af0-cdd608369e2d,OSR041,UK-17-355,Baking powder,1,tsp
e973dd02-438a-4b31-9ebf-2855c6786132,BFP122,UK-17-367,Salt,0.25,tsp
e97a2839-2f97-4267-afb2-a3c08447bfed,ASC174,G008,"Chillies, green - all varieties (Capsicum annum)",1.67,g
e97cf50f-720e-40da-9c0c-ea7794e0d263,BFP042,B003,"Black gram, dal (Phaseolus mungo)",5,g
e97d957f-b156-42d8-9536-56dd0ba8b622,ASC317,US-169103,"Orange peel, raw",0.125,tsp
e981368e-3237-4ec6-8bd7-209387ad240a,BFP541,UK-17-062,"Sugar, icing",2,tsp
e98a3968-43ae-46b7-8176-8c4305419d2e,ASC109,UK-17-367,Salt,0.25,tsp
e98f56d0-2e69-4e63-b9f8-c1904299bb6e,BFP141,UK-13-806,"Bay leaf, dried",0.4,g
e99276c0-d1b7-446d-ae9d-cc9bb4c3ae70,OSR041,US-170877,"Milk, dry, nonfat, regular, without added vitamin A and vitamin D",10,tbsp
e9930dbb-045a-425e-a309-8807e4d92d40,OSR092,UK-17-038,"Oil, olive",3,tbsp
e9950992-a4e6-4c93-b38f-aad84b1eb666,BFP329,UK-12-184,"Yogurt, whole milk, plain",100,g
e9986f3b-21ba-4015-9bec-f5ecaa41118e,ASC343,UK-11-896,"Flour, gram",50,g
e99eb747-90cf-4a7a-b854-113d1e6fa66e,ASC021,UK-17-377,"Water, distilled",13.5,tbsp
e9a4aca8-0297-4627-9a3a-0286f2af08dc,ASC327,UK-17-661,"Butter, unsalted",0.5,tbsp
e9b0dfa8-4249-4c6b-acb7-31d858e1b9fc,ASC347,H006,"Coconut, kernal, dry (Cocos nucifera)",10,g
e9b38eda-c188-49a4-96fe-6b6955f05d97,BFP499,UK-17-661,"Butter, unsalted",25,g
e9b3b292-e028-4005-9a8c-7eae02679767,ASC250,UK-17-661,"Butter, unsalted",1.5,tsp
e9bab30d-a0ed-4eff-a85c-81fb745df491,BFP054,G009,Coriander leaves (Coriandrum sativum),1,sprig
e9c40f74-d7c0-4323-97db-a7444d36fa7e,BFP125,UK-17-367,Salt,0.25,tsp
e9c817bd-f53a-457c-a046-487948867c7e,ASC117,UK-17-377,"Water, distilled",160,ml
e9cfea76-93e2-4cef-ab0c-f7763702ed57,BFP172,UK-13-873,Chilli powder,0.125,tsp
e9d028ee-b603-4da2-ba50-1c92d4748966,OSR138,UK-12-332,"Cream, fresh, single",120,g
e9d76afa-dab7-43c1-854e-781201c61a3b,BFP470,UK-11-1145,"Bread, white, average",60,g
e9de0556-0c13-4fad-bd5b-6149b9bf3483,BFP444,G031,"Pepper, black (Piper nigrum)",0.125,tsp
e9e04a79-e45e-44e9-8ab9-a54e91648781,BFP223,G012,"Garlic, small clove (Allium sativum)",0.63,g
e9e602fe-f92f-4b74-a856-8728c3246625,OSR083,G014,"Ginger, fresh (Zingiber officinale)",1,tsp
e9e78f4a-3938-4b88-9e5c-32537e0f5f21,ASC114,A014,"Rice, parboiled, milled (Oryza sativa )",80,g
e9fb1753-868a-4fc7-9b6f-03d04a02dc49,OSR129,UK-17-367,Salt,0.5,tsp
e9fe167b-515d-472b-b841-27949cc98cc9,ASC207,UK-17-367,Salt,0.5,tsp
ea0ae599-ccc7-47f0-ab0b-1b8c1c8d5e0a,ASC042,G014,"Ginger, fresh (Zingiber officinale)",6.33,g
ea2ff629-85b7-4070-a798-0591de271623,ASC232,UK-13-806,"Bay leaf, dried",0.4,g
ea35c828-8faa-4647-9d8e-ca047673e295,OSR047,UK-17-063,"Sugar, white",800,g
ea3b294e-77b1-46c4-8d49-7114305bf568,ASC125,UK-13-852,Saffron,0.25,g
ea3d96bf-4f4d-44e9-a710-10b797ad3f7e,OSR141,UK-13-873,Chilli powder,1,tsp
ea44db6d-30b2-467b-b3e1-0c0eae561724,ASC171,G033,Turmeric powder (Curcuma domestica),0.125,tsp
ea459357-d7bc-471a-92ea-d59a7fcaf71c,ASC191,G017,"Onion, big (Allium cepa)",50,g
ea4a0616-7105-4821-967a-3a04bc066741,ASC212,UK-17-367,Salt,0.5,tsp
ea4a72af-96ff-4bdf-81c4-0993367819bd,ASC425,US-173471,Vanilla extract,0.25,tsp
ea505c62-e26e-4081-8ab9-c4bd0f5e912d,BFP492,UK-17-661,"Butter, unsalted",55,g
ea5464db-ad41-44cc-8d20-cd565221e19f,BFP389,UK-17-063,"Sugar, white",150,g
ea55643c-026d-4b9c-8952-647be9887860,BFP075,A018,"Wheat flour, refined (Triticum aestivum)",4,g
ea56ebb6-c654-4ac1-b3cf-7c22e2e5d33a,ASC160,UK-13-829,Garam masala,0.25,tsp
ea5c1882-b18d-4c85-921e-adb292787cdf,OSR137,US-168573,"Lemon grass (citronella), raw",2,tbsp
ea655ea8-19d8-4502-873f-335d7dfbd3df,OSR145,US-806341,AJWAIN SEED WHOLE ORGANIC SPICES,0.5,tsp
ea683bbc-7311-45bf-86ad-69317bfb2891,ASC108,C033,Spinach (Spinacia oleracea),50,g
ea787de5-8e59-4f3b-afaf-a75fa2709d31,ASC062,UK-17-045,"Oil, sunflower",2,tbsp
ea7e7ba5-a0df-4608-9a71-d6d2457f115d,OSR058,UK-17-339,Vinegar,178.5,g
ea8fe977-c864-4736-b487-375884e90ba3,ASC499,ANN-ING-0048,Citric Acid,5,g
ea98e269-36f7-4260-8eec-70c82a03d729,ASC425,A018,"Wheat flour, refined (Triticum aestivum)",125,g
eaa5f981-ba98-4777-adbb-73f9680e4794,OSR156,G008,"Chillies, green - all varieties (Capsicum annum)",0.25,tsp
eab3e0db-55ca-4cde-a262-2009ad17cc52,ASC404,UK-17-367,Salt,0.25,tsp
eab6c5e4-b717-4498-9114-db241e252f5b,ASC123,UK-17-045,"Oil, sunflower",4,tbsp
eabbb707-3732-4cf2-84e1-6e90aebb2e1d,BFP293,L002,"Milk, whole, Cow",150,ml
eac98c83-137d-43d7-806b-75bccae662c3,OSR144,C020,Fenugreek leaves (Trigonella foenum graecum),1,tsp
eaca0fb5-ba8c-48e2-b278-f195a233f8cb,BFP479,M001,"Egg, poultry, whole, raw",50,g
ead1c867-184b-4509-a7dc-82dd625b92ce,ASC466,C033,Spinach (Spinacia oleracea),100,g
eadc3849-38d0-44c5-bbc8-b419792d1a53,BFP141,H005,Cashew nut (Anacardium occidentale),3.33,g
eadcb959-0d1c-4bb2-b305-9093ac40c238,BFP270,UK-17-367,Salt,0.125,tsp
eae50833-a0e3-45af-b818-c51317730302,BFP527,E047,"Orange, pulp (Citrus aurantium)",8.3,g
eaeffe6f-1ebb-4729-b7de-9687ffe1954f,ASC334,UK-17-661,"Butter, unsalted",12,g
eaf0da25-bf87-46f8-85f5-5c606f7bdfc6,ASC349,H001,Almond (Prunus amygdalus),1.8,g
eaf12ce0-daea-4707-b963-e6991a589a6d,ASC425,UK-17-355,Baking powder,0.5,tsp
eb023037-4a35-4c2e-b4fd-6704e8835b2a,BFP318,G009,Coriander leaves (Coriandrum sativum),1,sprig
eb0b0654-b8c8-4e60-84f8-81c7a62b174c,BFP075,C028,Parsley (Petroselinum crispum),1,sprig
eb10bec9-fd12-4bbb-bcae-2be676553b84,OSR143,G024,Coriander seeds (Coriandrum sativum),1,tsp
eb11bbd9-7592-46e3-beb5-48813826baf8,BFP185,G017,"Onion, big (Allium cepa)",30,g
eb1e04f7-91db-461c-9ed5-b4efa8d735a8,BFP509,A022,"Wheat, semolina (Triticum aestivum)",10,g
eb325332-d621-4f5f-a243-a835668a00e9,ASC230,D075,"Tomato, ripe, hybrid (Solanum lycopersicum)",50,g
eb3704fc-4fb0-43d1-b9e5-3d93cc5130a8,ASC110,UK-17-367,Salt,0.5,tsp
eb405bb2-b52c-4fc0-a8da-30c57ecb92a0,BFP338,H001,Almond (Prunus amygdalus),2.2,g
eb47dab6-b58f-4489-a50a-25680b44e2d9,ASC222,E033,"Lemon, juice (Citrus limon)",1,tsp
eb4f2f21-ce3a-4f1e-83a1-7b4acaa5e857,ASC426,UK-17-661,"Butter, unsalted",110,g
eb5e789b-53c9-4fc0-8599-d5ecc983ed68,ASC222,UK-12-332,"Cream, fresh, single",2,tsp
eb60f3a4-bafd-4862-b009-0c0838d6e4b5,BFP065,UK-13-806,"Bay leaf, dried",0.4,g
eb697785-15b9-482b-b515-d653a97ecc59,ASC040,UK-17-661,"Butter, unsalted",15,g
eb6f16c7-fe16-4755-821d-ed9bbcd85c1c,BFP427,UK-11-1145,"Bread, white, average",15,g
eb73be92-1512-4041-8e46-7d727e20a2f4,ASC133,L002,"Milk, whole, Cow",100,ml
eb775503-3eaa-402e-bb80-f03ac7b0e9d1,BFP246,D075,"Tomato, ripe, hybrid (Solanum lycopersicum)",50,g
eb779441-dd96-4501-9f1b-e82ab9ecdc9d,OSR019,H001,Almond (Prunus amygdalus),15,g
eb7b8fe2-4851-4015-ab15-fac2d3e5b968,OSR098,UK-17-367,Salt,0.3,tsp
eb7e3e8f-7772-4d0f-9846-e76baf91c751,BFP280,G031,"Pepper, black (Piper nigrum)",0.25,tsp
eb824490-59c1-479d-b3d9-09c13e01aa53,ASC357,UK-13-829,Garam masala,0.125,tsp
eb8bc1f5-f8a8-4d5f-b319-e7cdf0f21e07,BFP231,P057,"Pomfret, white (Pampus argenteus)",500,g
eb8deeb6-95e4-4143-9a03-a00331a0b508,ASC014,UK-12-545,Cocoa powder,1.5,tsp
eb8e6433-6aaa-44d1-a243-8d6d051a087c,OSR093,UK-17-661,"Butter, unsalted",1,tbsp
eb9f8e2b-33f7-47d2-bbe0-92de10a90cd2,BFP220,UK-17-367,Salt,0.5,tsp
eba7191a-5669-4788-8203-d4c09369a97c,OSR065,UK-13-352,"Spring onions, bulbs and tops, raw",30,g
eba8ebaf-aff6-4919-8e15-a4bf8b7a22cb,ASC167,G019,Asafoetida (Ferula assa-foetida),0.125,tsp
ebb15f67-c75d-459f-8e6b-9d69ef1368af,BFP229,G012,"Garlic, small clove (Allium sativum)",1.87,g
ebb370e7-186f-47ce-b142-8447b8bd0d61,OSR075,UK-17-377,"Water, distilled",4,C
ebbf618b-16ab-4c72-90d8-ef67b4517ad1,ASC412,G014,"Ginger, fresh (Zingiber officinale)",5,g
ebc255c0-c12f-4cc6-aa2a-bdd7b1f241bd,ASC082,UK-17-661,"Butter, unsalted",2,tsp
ebc3f0b6-fc46-4be5-b2d9-cf42f113c16a,OSR144,G017,"Onion, big (Allium cepa)",60,g
ebc98203-1b88-4312-80f0-09588773effb,OSR089,UK-17-367,Salt,0.5,tsp
ebcb8455-643e-451d-9d95-347455933c3b,ASC151,G025,Cumin seeds (Cuminum cyminum),0.25,tsp
ebce1d6f-e5de-4724-93d7-884d32fb6dea,BFP141,UK-17-045,"Oil, sunflower",2,tbsp
ebd1589d-7dd4-4cde-a9b5-90ecd480d98f,OSR080,G022,"Chillies, red (Capsicum annum)",26.4,g
ebd2f8e1-4314-4bdc-afd9-02520334d646,BFP151,L003,Paneer,120,g
ebd4abc9-f6fd-4a64-a59d-c418d9dea3c1,ASC006,UK-17-165,"Tea, black, infusion, average",2,g
ebe17246-e341-4ab6-91d7-03ce9e275ccb,ASC203,UK-12-184,"Yogurt, whole milk, plain",1,tbsp
ebe5eaf1-371f-4707-b1d0-014778dd25c3,OSR133,UK-17-063,"Sugar, white",0.5,tsp
ebeab94e-2d88-41d1-9504-259162f5fa5a,OSR093,US-1098072,"Cheese spread, cream cheese, regular",120,g
ebf1dd40-c56f-454e-af1b-e84f402730a4,ASC086,G031,"Pepper, black (Piper nigrum)",0.375,tsp
ebf98a90-e390-4a2a-9120-6fa6d4efd010,BFP122,D058,"Onion, stalk (Allium cepa)",20,g
ec130f8d-5aa3-434f-8f99-d7affc2b9c6f,BFP116,UK-17-640,"Ghee, butter",0.25,tsp
ec229433-9abc-492f-8dd8-46c4cae541ac,ASC444,UK-17-661,"Butter, unsalted",25,g
ec2d74f5-5a7c-4fb8-aea7-7523120533a2,ASC400,D033,"Capsicum, green (Capsicum annuum)",20,g
ec3c83d8-7396-4be2-9758-d6dca2d19a11,ASC487,C033,Spinach (Spinacia oleracea),25,g
ec3f8e82-13f6-4fd7-beb5-1098c3fc7526,ASC129,UK-17-721,"Soy sauce, light and dark varieties",0.5,tsp
ec3fbf4e-37e6-4a85-97ec-96e48dd91d8e,ASC115,D061,"Peas, fresh (Pisum sativum)",50,g
ec410357-8dfb-4b55-9df7-0c7215e3399b,ASC234,G009,Coriander leaves (Coriandrum sativum),1,sprig
ec50643a-f9c6-4ee9-9605-8b3537079e26,OSR154,UK-17-727,"Stock cubes, vegetable",2,C
ec5b4933-e670-4293-bf9b-1b8f8018bfb3,ASC247,P034,Mackerel (Rastrelliger kanagurta),100,g
ec5fb4c0-019a-4f91-ba00-ec4eea8d337e,ASC158,G025,Cumin seeds (Cuminum cyminum),0.25,tsp
ec786bae-7671-4f54-a9ab-24ee0d8d3fa1,ASC093,D075,"Tomato, ripe, hybrid (Solanum lycopersicum)",15,g
ec7b7451-895c-483a-b69c-a6e89f2c9c01,BFP151,UK-17-661,"Butter, unsalted",1,tbsp
ec7b995e-c60d-4601-97cd-0b496ebea3fe,ASC376,UK-17-362,Mustard powder,0.25,g
ec7c1b72-d9ac-456f-9f5e-2b0a99753d32,ASC147,A022,"Wheat, semolina (Triticum aestivum)",50,g
ec7e5843-a937-4608-886d-9e2c41b738c7,OSR077,G033,Turmeric powder (Curcuma domestica),0.5,tsp
ec80af70-1d33-469c-ba0a-423b5892839c,OSR141,G017,"Onion, big (Allium cepa)",60,g
ec82fcbb-d40c-48a1-b797-4f78cc488702,BFP459,H007,"Coconut, kernel, fresh (Cocos nucifera)",5,g
ec8950d9-59db-42cd-bf50-ee13af297b24,BFP039,G008,"Chillies, green - all varieties (Capsicum annum)",3.33,g
ec8a4c28-336c-4f5d-b546-db4c3c3f1f46,BFP329,E022,"Grapes, seeded, round, black (Vitis vinifera)",25,g
ec8aafcd-3e85-4748-8f8e-78a2907b350a,ASC119,A014,"Rice, parboiled, milled (Oryza sativa )",80,g
ec8e1b7c-95f0-42a0-959f-39507b00d9e0,ASC010,E064,"Tamarind, pulp (Tamarindus indica)",10,g
eca3fb64-a924-405a-b564-dda4138a916a,ASC341,H006,"Coconut, kernal, dry (Cocos nucifera)",20,g
ecaba1fb-ea07-464a-8650-da22eb6f5d52,OSR056,UK-17-367,Salt,0.5,tsp
ecb0a554-e2c8-4c95-9362-f0776a83d191,OSR024,UK-13-852,Saffron,0.05,tsp
ecb1cbfa-1dc5-4720-88cd-636619ac816a,ASC381,US-1979740,"GINGER JUICE, GINGER",1,tsp
ecb3f2dd-1a26-48af-9c55-b0f0e6584a67,OSR031,G020,"Cardamom, green (Elettaria cardamomum)",1,tsp
ecbaeb40-9124-4eab-8388-5b65afe96744,BFP239,F006,"Potato, brown skin, big (Solanum tuberosum)",100,g
ecbc17fe-4f23-43cf-bfa2-7d534c835f17,ASC020,US-173471,Vanilla extract,0.5,tsp
ecbcf34a-cef6-4e9b-897d-0b4fe6463dbd,BFP232,A018,"Wheat flour, refined (Triticum aestivum)",1,tbsp
ecc12736-246b-4d7b-a84c-c1ddc20eaaf5,ASC403,UK-17-377,"Water, distilled",3,tbsp
ecc12c9b-5330-45d1-a4f0-926882daabf0,ASC296,US-851134,"MIXED NUTS CASHEWS, ALMONDS, HAZELNUTS, PISTACHIOS, PECANS, MIXED NUTS",5,g
ecc5b76e-3531-4882-a0f2-d6cda69a52c1,ASC226,L003,Paneer,50,g
ecc9fb76-4c17-45c9-8c18-53ad6f77225d,ASC422,UK-14-263,Sultanas,10,g
ecce1a8b-6d13-4b20-b1bf-4ef84edf2533,ASC237,UK-17-045,"Oil, sunflower",2,C
ecd3416b-166e-4a6a-8c5e-40439fa723a9,OSR154,G025,Cumin seeds (Cuminum cyminum),2,tsp
ecd51a58-2c3a-4836-8f06-0f94ff879a5f,BFP478,UK-12-333,"Cream, fresh, whipping",150,g
ecd7ce65-cfaf-4bf3-b8f5-51469b17e2dd,ASC272,UK-13-873,Chilli powder,0.125,tsp
ecda02ac-c608-471d-8615-a1b472e9b058,ASC240,G020,"Cardamom, green (Elettaria cardamomum)",0.5,tsp
ed04ad5e-2ed6-4f84-a84f-4147cfee785e,OSR066,G009,Coriander leaves (Coriandrum sativum),1,sprig
ed056672-0b85-4c46-80d6-47a0095fa545,OSR139,UK-13-873,Chilli powder,0.5,tsp
ed056d0e-328e-4c21-a0b5-b1cb8b5de478,BFP262,G008,"Chillies, green - all varieties (Capsicum annum)",3.33,g
ed06d2e6-5ed7-4374-86af-2a199f5da1c7,ASC222,UK-13-829,Garam masala,0.5,tsp
ed11a19c-e7bd-4fe8-b314-e22c9d4528b1,ASC360,UK-17-045,"Oil, sunflower",480,ml
ed1259b1-6b31-4a65-aa65-d497d484a99b,ASC377,G009,Coriander leaves (Coriandrum sativum),1,sprig
ed346cd9-bd3a-477c-8c35-18b30b081597,BFP218,UK-17-779,"White sauce, savoury, made with whole milk, homemade",80,ml
ed3b82d0-380c-4063-bed2-cc65a2ef6e92,ASC046,D033,"Capsicum, green (Capsicum annuum)",20,g
ed3c48dd-589d-413a-960c-5ff8b10580c0,OSR074,G024,Coriander seeds (Coriandrum sativum),0.75,tsp
ed49a1fc-6048-40d8-aea2-82c02afd1406,OSR064,G025,Cumin seeds (Cuminum cyminum),2,tsp
ed552896-e82c-4bfb-9c98-e0c5face8e17,OSR153,UK-13-832,"Ginger, ground",0.5,tsp
ed567ac9-598d-420b-a348-e57414450770,OSR135,UK-17-727,"Stock cubes, vegetable",2.5,C
ed598f0b-43e7-4ffb-9374-35612e6b0101,OSR112,UK-13-827,Fennel seeds,0.5,tbsp
ed622fc3-bbc5-4d4a-a4b4-c359e242429e,ASC007,E053,Pineapple (Ananas comosus),30,g
ed65b342-e7b2-49aa-8395-40d3204f5e57,BFP137,UK-13-874,"Cinnamon, ground",0.5,tsp
ed6dce97-f764-4221-a19d-733de16869b3,ASC155,G017,"Onion, big (Allium cepa)",10,g
ed738a5a-deac-433a-b433-a41b4a757425,BFP546,B010,"Green gram, dal (Vigna radiata)",20,g
ed73a750-d1d7-4211-be9e-156cba4bdc59,BFP461,UK-17-654,"Mayonnaise, standard, retail",20,g
ed8745de-d538-4d3d-853d-00ad0843c3df,BFP079,G017,"Onion, big (Allium cepa)",20,g
ed886fa0-f6d7-41e4-ab3f-96539fd068ef,ASC135,N003,"Chicken, poultry, breast, skinless",60,g
ed8fd734-3d79-4faa-858b-e4bc5a3a0bb4,ASC446,L002,"Milk, whole, Cow",1,tbsp
ed93894d-e04b-4729-a4d5-0d047a9c644a,BFP143,A014,"Rice, parboiled, milled (Oryza sativa )",80,g
ed991420-9272-4e7c-968c-0c734e8343de,ASC217,G008,"Chillies, green - all varieties (Capsicum annum)",1.67,g
eda0f687-2029-4ae1-9469-a79cb8f80a5b,ASC251,ANN-ING-0005,Red colour,0.25,tsp
edad478b-caeb-4613-87a7-4943ce442a31,BFP564,UK-17-377,"Water, distilled",1,tbsp
edadca7e-c17e-4b60-b307-f7953b0029c0,BFP508,A022,"Wheat, semolina (Triticum aestivum)",10,g
edb587d6-926f-4bfc-8433-4abb22dcc992,ASC094,G017,"Onion, big (Allium cepa)",30,g
edb6a1c7-5a74-43d6-9f0a-223d3e18b025,BFP602,G012,"Garlic, small clove (Allium sativum)",6.25,g
edb80e79-6cd5-49d0-8c4f-edc30ddbb9b5,ASC126,A014,"Rice, parboiled, milled (Oryza sativa )",80,g
edb8e781-d1e8-4775-b524-4a04bb08592e,OSR057,G033,Turmeric powder (Curcuma domestica),0.5,tsp
edb97e10-179e-437c-b8b7-29126197f7b7,ASC318,UK-17-360,Gelatine,1.5,tsp
edc68678-acf1-47a5-90db-7191682ef7d7,BFP226,UK-17-045,"Oil, sunflower",240,ml
edcb4215-baef-450f-9f1e-6bb3ec060fc0,BFP058,UK-17-661,"Butter, unsalted",15,g
edcc2920-e50f-410d-9afa-daff97392144,ASC102,G008,"Chillies, green - all varieties (Capsicum annum)",3.33,g
edd427bc-f134-4ec1-9495-be36983cc571,ASC051,UK-11-938,"Breakfast cereal, crunchy clusters type, without nuts, unfortified",30,g
edead545-b8b7-4b4a-a385-192425cf8ae9,ASC408,UK-17-377,"Water, distilled",1,tsp
edece8f6-ee76-4dcb-a7ae-884beb2f41ed,BFP155,G031,"Pepper, black (Piper nigrum)",0.125,tsp
edfe3ec7-db91-48db-9e32-52e7466f5179,ASC207,G033,Turmeric powder (Curcuma domestica),0.25,tsp
ee032ccd-ef7f-4b70-b046-7c092ec5ca49,ASC246,G033,Turmeric powder (Curcuma domestica),0.25,tsp
ee35fa0f-2d94-4bb2-94a5-d428396baa1f,BFP141,H005,Cashew nut (Anacardium occidentale),10,g
ee3e32b0-4fff-4d66-9820-7c9f058020af,BFP190,UK-17-045,"Oil, sunflower",10,g
ee3fdb75-8005-4d92-a79c-5d70fc6c05c7,ASC469,H012,Ground nut (Arachis hypogea),20,g
ee4a6b07-0389-42bd-ac1b-5b90ea8c0e35,BFP133,A014,"Rice, parboiled, milled (Oryza sativa )",80,g
ee4b5882-da8b-409f-99cf-0e0660115c45,BFP151,A014,"Rice, parboiled, milled (Oryza sativa )",50,g
ee57163c-f092-4f95-b9a0-80f56b68930c,BFP578,G010,Curry leaves (Murraya koenigii),1,sprig
ee5ec872-a670-4e74-8f2f-b45e7466fd75,BFP531,UK-17-661,"Butter, unsalted",60,g
ee61e0e0-a86d-4aeb-bb39-ae3b5851ca7c,ASC216,UK-17-045,"Oil, sunflower",1,tbsp
ee67643f-f44e-45bb-9087-e11b4cfff295,ASC250,G031,"Pepper, black (Piper nigrum)",0.25,tsp
ee7de0d6-e4a9-4824-832e-fd9096182b8f,ASC222,UK-13-873,Chilli powder,0.25,tsp
ee85a990-e0c3-4e7e-afb0-514949e5f4fa,BFP114,UK-17-045,"Oil, sunflower",240,ml
ee8b6885-0a9d-4a6f-aac9-509e97be5035,BFP321,G031,"Pepper, black (Piper nigrum)",0.25,tsp
ee8cfae7-0856-4628-8677-a6e07e4f7350,BFP171,G012,"Garlic, small clove (Allium sativum)",0.63,g
ee94eef1-8327-4aea-a184-42037b5c841c,BFP516,L002,"Milk, whole, Cow",1,tsp
ee99034c-65e9-4698-9216-c88aa7b63d72,ASC190,D075,"Tomato, ripe, hybrid (Solanum lycopersicum)",50,g
ee9921d7-97a3-4dec-ad18-2207992b7961,BFP045,G008,"Chillies, green - all varieties (Capsicum annum)",3.33,g
eea95af6-4393-4704-ae64-add22d6485ae,BFP280,G019,Asafoetida (Ferula assa-foetida),0.15,g
eeb35978-65e5-44e2-ae21-04d267ccd539,OSR115,G025,Cumin seeds (Cuminum cyminum),0.5,tsp
eeba94d0-ba94-4550-8188-fcf5f334fa53,ASC420,UK-17-356,Bicarbonate of soda,0.25,tsp
eed5d8c3-8e58-44e8-ae88-4f12745fc766,BFP096,UK-14-130,"Lemons, flesh only, raw, weighed with peel and pips",15,g
eedf75b8-2b56-43ed-8918-16a15794f937,BFP172,C033,Spinach (Spinacia oleracea),50,g
eee68a81-6912-4491-a1d5-12d97621547d,ASC065,UK-17-367,Salt,0.25,tsp
ef018711-32eb-444f-8ce3-e49bc49902f1,BFP157,UK-17-367,Salt,0.125,tsp
ef01f488-8ebe-410e-a2cb-658837188f95,ASC135,UK-13-352,"Spring onions, bulbs and tops, raw",25,g
ef0ccf2b-f43b-48ad-8580-01fb1c465792,OSR037,UK-17-355,Baking powder,1,tsp
ef14da81-413e-41a0-891e-0dace617f416,OSR028,UK-13-669,"Watercress, raw",8.5,g
ef1711b7-038d-4513-9cc3-d686cfc55884,BFP415,UK-17-367,Salt,0.25,tsp
ef238ab4-ccbe-47af-b23a-92d465b4d827,ASC396,UK-17-661,"Butter, unsalted",10,g
ef24993a-8685-4243-8ea8-416fc9eb52b1,ASC161,G009,Coriander leaves (Coriandrum sativum),1,sprig
ef27f047-729d-417b-8f7e-956a47ce3d2b,ASC015,UK-17-063,"Sugar, white",2,tbsp
ef34fc18-daa5-4255-80f7-dd39b21d95f4,BFP303,G031,"Pepper, black (Piper nigrum)",0.125,tsp
ef4189f8-9f54-405a-bfe3-352fb0699ed1,BFP231,UK-17-661,"Butter, unsalted",1,tsp
ef4c8e22-d46a-4665-8f5c-72544820946c,BFP455,UK-17-362,Mustard powder,0.25,tsp
ef4f09f6-a793-499c-8b50-c2f805ba2d7c,ASC267,G031,"Pepper, black (Piper nigrum)",0.25,tsp
ef59e83e-c2f9-42b5-96b6-a6c0df930720,ASC083,D061,"Peas, fresh (Pisum sativum)",125,g
ef65c668-5ac4-4e77-be5f-61e47676d6c1,BFP007,UK-17-377,"Water, distilled",480,ml
ef6a648a-b7de-4875-ade9-b084440bc23d,ASC045,UK-14-340,"Olives, green, in brine, drained, flesh and skin",12,g
ef6c5473-4bf3-4fe9-837d-debb739c4dc5,ASC383,UK-17-045,"Oil, sunflower",480,ml
ef730558-94a7-4815-8bad-585d468104ca,BFP096,UK-17-377,"Water, distilled",30,ml
ef79d891-2b78-4662-a976-366bfec6afb0,ASC252,UK-17-339,Vinegar,0.5,tsp
ef7d00a4-fdda-4c70-a738-689441fcbc89,BFP205,G012,"Garlic, small clove (Allium sativum)",1.25,g
ef830ba6-0b2d-4d6c-ad1c-ba213477f0c9,OSR042,UK-14-073,Cranberries,200,g
ef83a4ec-8563-4e9a-913d-f43637d764ff,BFP246,G024,Coriander seeds (Coriandrum sativum),0.25,tsp
ef861de5-6db1-4470-baf9-6fac5dc0a1c1,OSR116,UK-17-377,"Water, distilled",2,tbsp
ef87b826-e559-402a-bb36-6a25663a0f72,ASC450,UK-17-062,"Sugar, icing",20,g
ef913201-d297-4b03-90a3-8334e6a43a73,ASC193,G008,"Chillies, green - all varieties (Capsicum annum)",3.33,g
ef91b4e0-ec08-44cd-ad25-5258340e0e4a,BFP143,G021,"Cardamom, black (Elettaria cardamomum)",0.25,tsp
ef94609e-a313-4402-8836-0f03faf1f954,BFP150,H013,Mustard seeds (Brassica nigra),0.5,tsp
ef94a5a3-c6a4-4b69-a479-2cb0eddbd88e,OSR142,UK-13-832,"Ginger, ground",12.66,g
ef94f0b8-1b5c-4c82-8c91-70428eef9b88,OSR128,UK-13-806,"Bay leaf, dried",0.8,g
ef9968d1-9a40-44a0-9e77-0e177878f85b,ASC030,UK-17-367,Salt,0.25,tsp
ef9b7aad-e89b-4df5-829c-009ec8aaf7eb,BFP132,G031,"Pepper, black (Piper nigrum)",0.5,tsp
efafabe6-7408-48ab-b744-4981382c8b58,OSR129,US-170885,"Whey, acid, fluid",738,g
efb70510-3fa0-4207-bb2a-532ad75e8e8e,BFP142,G025,Cumin seeds (Cuminum cyminum),0.25,tsp
efb8350d-4ae2-40ff-88d2-059d8e268c33,BFP210,L003,Paneer,60,g
efbc11eb-ed48-4baf-8ad5-4de41772bf1f,BFP087,UK-17-661,"Butter, unsalted",10,g
efbe6471-2a4f-450a-b56d-bff034dd90cc,ASC350,UK-11-1145,"Bread, white, average",60,g
efbf82b9-c70b-4959-a030-c5ac1cca9038,BFP563,UK-17-640,"Ghee, butter",5,g
efc0af78-bb8c-473f-a6b0-9ae2191010e8,BFP232,G031,"Pepper, black (Piper nigrum)",0.25,tsp
efc0b9ad-1554-4ea9-abe1-8756ee751fdd,ASC305,E036,"Mango, ripe, banganapalli (Mangifera indica)",125,g
efc23d4c-22b4-4a77-bed7-f0c249683412,ASC367,F006,"Potato, brown skin, big (Solanum tuberosum)",100,g
efcbaaec-50e4-4f44-997c-2fa42b206393,ASC239,UK-17-045,"Oil, sunflower",1,tsp
efcf0349-1d7e-4adc-a4c4-04ee52ad3fb0,BFP536,UK-14-335,"Cherries, glace",3.33,g
efd42963-ab52-43b8-b634-1458b3a7e98d,ASC061,L002,"Milk, whole, Cow",1,tbsp
efd89206-0ea2-43d8-b8d3-8aa096bb2aaf,OSR138,UK-13-873,Chilli powder,1,tsp
eff15b1e-2c7c-4a1a-afa9-f30a661d9f0c,ASC203,G033,Turmeric powder (Curcuma domestica),0.25,tsp
effcdcb4-e6c8-48fe-8117-6779459f652e,OSR144,G033,Turmeric powder (Curcuma domestica),0.25,tsp
f0049176-2e4e-4f06-98a4-37b2a53dc0f5,BFP348,ANN-ING-0027,STRAWBERRY ESSENCE,0.5,tsp
f005dd41-1e2e-40f3-9713-ae5414b5b756,ASC475,US-585551,ROASTED CHICKPEAS,30,g
f00ab1c2-041f-42d9-bf75-26ed24179de0,BFP272,G017,"Onion, big (Allium cepa)",15,g
f00e97bb-838c-4a8f-94ef-d1325e487acf,ASC005,UK-17-367,Salt,0.5,tsp
f00fd89c-00ac-478d-90a5-a9a5c69656f7,ASC094,D043,"Cucumber, green, elongate (Cucumis sativus)",100,g
f0209968-ac12-4de1-8654-bf476c1e05c0,ASC333,A018,"Wheat flour, refined (Triticum aestivum)",12,g
f038ee24-2f4d-40ba-b38b-dcf8e7209a92,ASC205,UK-12-184,"Yogurt, whole milk, plain",1,tbsp
f043d9f5-b2ff-47db-80c5-5e1b2a7ed649,OSR029,G014,"Ginger, fresh (Zingiber officinale)",0.5,tbsp
f047fe50-ccab-47de-bdb2-1d1c9deca33c,BFP293,UK-11-1145,"Bread, white, average",25,g
f049397d-d6c6-4f2f-87a6-de516311f89f,ASC103,UK-17-367,Salt,0.25,tsp
f049d8dc-8652-4dc2-ba8d-fb09b7708a53,OSR134,UK-17-367,Salt,1,tsp
f04b8dde-9710-4edd-835c-30d3c3af2889,BFP280,G024,Coriander seeds (Coriandrum sativum),3.75,g
f04f5fd8-631c-4d28-bdc2-99b24f517d6b,BFP234,UK-17-661,"Butter, unsalted",12,g
f0541c33-8a91-49fc-b1e6-4ab3b056c5c8,ASC197,UK-13-873,Chilli powder,0.25,tsp
f05dc7d1-afb2-4ca7-8420-66d85b683ef7,ASC105,A019,"Wheat flour, atta (Triticum aestivum)",80,g
f0685999-552c-4c99-8549-3fd4bfc788df,BFP471,M001,"Egg, poultry, whole, raw",50,g
f06fadd3-c714-4916-af66-eb037a219ab3,OSR093,UK-11-1145,"Bread, white, average",54,g
f0a91d5b-e7cc-4e4c-9c23-0eec7c133d0e,ASC511,G031,"Pepper, black (Piper nigrum)",40,g
f0ad23a2-525c-46b8-a917-5010efd0b1e5,ASC195,UK-17-045,"Oil, sunflower",1,tbsp
f0b3522a-f5a5-482e-a629-82de2c6c886c,ASC092,C015,"Cabbage, green (Brassica oleracea var. capitata f. alba)",15,g
f0b6b025-7db0-42c1-b1bb-5dfcdb7271df,ASC244,UK-17-367,Salt,0.5,tsp
f0b9c479-7c05-40de-948a-f29346547c9e,OSR142,C020,Fenugreek leaves (Trigonella foenum graecum),1,tsp
f0bee8ef-510e-4dba-a2a6-f094c87cf0a4,ASC271,UK-17-367,Salt,0.25,tsp
f0bf90e9-d5cf-46ed-a22e-d6aae6f58fac,BFP554,A014,"Rice, parboiled, milled (Oryza sativa )",40,g
f0bfe515-325c-4f63-9a5a-f38edfeb59cf,BFP088,E033,"Lemon, juice (Citrus limon)",15,g
f0c9e854-2390-42fb-9bce-5c184d5f59ef,OSR060,UK-17-045,"Oil, sunflower",4.5,tbsp
f0c9f1c5-e90f-4287-b271-c8c38d0d602a,ASC387,G017,"Onion, big (Allium cepa)",15,g
f0cf5a6a-8fc6-4333-91ca-36158add8404,ASC139,G008,"Chillies, green - all varieties (Capsicum annum)",6.67,g
f0dfb614-a45d-4ead-9484-1720ee0bf198,ASC003,L002,"Milk, whole, Cow",75,ml
f0e79b03-b6b7-441d-b115-5b9b9686ce38,ASC009,UK-17-367,Salt,0.25,tsp
f0e9ac3b-bca0-4d73-b27e-f36e867d2d09,ASC484,UK-12-184,"Yogurt, whole milk, plain",50,g
f0f023f9-d162-4508-bd0c-66049f36d667,ASC308,UK-17-063,"Sugar, white",30,g
f0f474cc-fa5d-4550-8da6-9e31ba5ec3c7,ASC427,UK-17-661,"Butter, unsalted",60,g
f0fd6ab6-86a2-4eef-9385-bb75a57a5ea4,BFP046,UK-17-367,Salt,0.25,tsp
f0fedfbc-3896-41b0-9f0d-871f8f6fca08,OSR062,C020,Fenugreek leaves (Trigonella foenum graecum),2,tbsp
f10aa85d-400c-4b5a-9747-1f92e4007cd3,OSR106,F002,"Carrot, orange (Daucus carota)",64,g
f10ac319-07af-4889-b785-fd7e7954c8c7,ASC037,G031,"Pepper, black (Piper nigrum)",0.25,tsp
f10c3329-ad07-4aff-9005-4a9c4c382f9f,BFP439,UK-17-367,Salt,0.17,tsp
f113f844-64fc-4ed4-850d-27bb611efb06,BFP045,B003,"Black gram, dal (Phaseolus mungo)",5,g
f11b6ceb-d0e3-4ca3-b6b9-8b52af505035,BFP492,L002,"Milk, whole, Cow",1,tbsp
f123639c-c6bb-4cfb-88ac-e45680b9b5c6,BFP270,UK-13-873,Chilli powder,0.25,tsp
f12842d2-3485-4037-a52b-0538692c4aaf,BFP217,N003,"Chicken, poultry, breast, skinless",120,g
f1285dcf-7256-4015-8dbf-38a09a1d8262,ASC473,F002,"Carrot, orange (Daucus carota)",50,g
f1342f42-c52f-46bb-a466-d04f4163ad77,ASC230,G024,Coriander seeds (Coriandrum sativum),0.25,tsp
f1379d29-753e-4def-a763-bf816ee284ce,BFP132,B001,"Bengal gram, dal (Cicer arietinum)",10,g
f137a68f-4db5-4deb-8275-e408cd4b27b8,BFP299,G017,"Onion, big (Allium cepa)",40,g
f137dae3-9600-4b21-bd16-fbedad1d9682,BFP305,UK-17-367,Salt,0.17,tsp
f139bc57-48de-4086-b1ce-ba62ff990376,BFP527,E009,"Banana, ripe, montham (Musa x paradisiaca)",8.3,g
f13a7148-99d3-43cb-a92b-0ba9b86736f6,BFP276,UK-17-367,Salt,0.17,tsp
f140eff7-a86e-4707-91e9-8ed1e9c011cd,ASC437,M002,"Egg, poultry, white, raw",68,g
f140f2e0-9452-4605-b210-235efb1c7eb9,BFP513,UK-17-062,"Sugar, icing",20,g
f14394ab-0ba2-4e18-94d3-89728e0c2811,BFP137,A014,"Rice, parboiled, milled (Oryza sativa )",80,g
f146c207-ea4c-4e8d-aafb-bbbcdc05142a,ASC293,UK-17-640,"Ghee, butter",20,g
f14b8ccb-a512-47d7-99db-8b9c988c3fd3,ASC193,G014,"Ginger, fresh (Zingiber officinale)",5,g
f153cee4-7add-4294-b5a6-434c333644b7,BFP246,UK-17-045,"Oil, sunflower",2,C
f15df048-6923-4f68-a497-ee2d4b444e1d,ASC362,UK-17-367,Salt,0.5,tsp
f162ff77-713f-4e44-95ec-bcf39147635d,BFP602,UK-17-339,Vinegar,50,ml
f1653f5f-9bed-4028-bf8e-c8b0b455c597,OSR121,E036,"Mango, ripe, banganapalli (Mangifera indica)",600,g
f16b1c90-3702-4f55-81c9-1ed8fff0b480,OSR083,E064,"Tamarind, pulp (Tamarindus indica)",0.5,tsp
f172c0fa-2985-4ca4-b348-5f7d93c8a9a8,OSR104,UK-11-896,"Flour, gram",40,g
f1794fed-b080-4385-90e8-d0a1efbbb4a7,BFP575,A019,"Wheat flour, atta (Triticum aestivum)",90,g
f186e4a1-612f-4611-b8ca-9f2f5520fa1a,OSR077,G024,Coriander seeds (Coriandrum sativum),2,tsp
f18f278e-3277-4342-a49a-e2d8e2578277,ASC073,UK-17-661,"Butter, unsalted",4,tbsp
f1ae0fbf-bf6a-4fb9-b8cd-a31009e08c2d,BFP360,UK-14-335,"Cherries, glace",16.65,g
f1b27384-c669-4473-a459-64c3840d723b,ASC141,UK-17-063,"Sugar, white",0.25,tsp
f1b72857-9629-4af9-b959-f146c8f0134e,ASC001,UK-17-165,"Tea, black, infusion, average",1.5,tsp
f1bac2c2-9b62-4510-9f1a-ae8e8afdec6a,ASC249,G017,"Onion, big (Allium cepa)",20,g
f1bb8944-dc13-418b-9011-2164c416f790,ASC240,UK-12-184,"Yogurt, whole milk, plain",2,tsp
f1bcc2c0-af93-4753-a46d-6c8687ba8d0a,ASC388,UK-17-367,Salt,0.25,tsp
f1c418bc-bedf-43a9-b47d-c6b40f0dc830,ASC191,G033,Turmeric powder (Curcuma domestica),0.125,tsp
f1ccd763-2b2a-4c92-b102-49765573d6a0,OSR023,ANN-ING-0052,Rose water,2,tbsp
f1d13af4-b3b4-40a0-84a1-9402ed855574,ASC237,B001,"Bengal gram, dal (Cicer arietinum)",30,g
f1d1f39f-2c15-4dfe-ad46-5888bf67dd16,BFP142,ANN-ING-0024,Kewra,0.5,tsp
f1d474ee-5b1c-4e1b-99de-8d1f225450f1,OSR123,H006,"Coconut, kernal, dry (Cocos nucifera)",120,g
f1dcc458-6aa5-49ba-828e-783827edcd13,ASC034,E057,"Raisins, dried, black (Vitis vinifera)",5,g
f1de8f35-fd06-40e7-9747-115e38a55ddc,BFP142,G031,"Pepper, black (Piper nigrum)",0.5,tsp
f1eff45f-4ff6-4d94-810f-6d913c16d046,ASC358,UK-17-377,"Water, distilled",4,tbsp
f1f33d01-6579-4a1a-9378-ddf2f9f384a7,BFP608,UK-17-377,"Water, distilled",12,tbsp
f1f49073-bc22-4de3-a3d5-a0cf452bf98f,OSR026,UK-17-063,"Sugar, white",100,g
f1f8a4c7-ded2-432c-a2d1-abc217ba723b,BFP137,D061,"Peas, fresh (Pisum sativum)",50,g
f1fb79be-d8b5-4b7b-b1a6-98598cc4d63b,ASC376,G017,"Onion, big (Allium cepa)",50,g
f1fcda12-f13e-4f96-bd8a-a9ec0543a0c6,BFP420,UK-13-829,Garam masala,0.125,tsp
f20a55cb-0cd3-43cc-b0aa-cb76e3bc0502,ASC110,UK-17-356,Bicarbonate of soda,0.25,tsp
f20de3a4-cf05-4176-a62b-2de421b1c33e,BFP065,G009,Coriander leaves (Coriandrum sativum),1,sprig
f2116e22-ed18-4cac-9c63-8e0f5a1833c9,ASC168,UK-17-377,"Water, distilled",2,C
f2277d39-aeec-49d2-be08-864469de928e,ASC337,L004,Khoa,100,g
f2281791-9df6-49d3-8f30-31556f46d344,BFP220,UK-17-377,"Water, distilled",2,tbsp
f22f95a6-2ff5-497b-bf07-d9660f3e5ea3,OSR126,UK-17-661,"Butter, unsalted",113.5,g
f230a03e-12b3-4951-b798-04f5766600d2,OSR012,H007,"Coconut, kernel, fresh (Cocos nucifera)",40,g
f247b95e-c012-4cf5-bda5-b1847b2a9113,OSR094,G031,"Pepper, black (Piper nigrum)",1,tsp
f24da6ae-2523-47b5-99d9-d78aab86773d,OSR060,E033,"Lemon, juice (Citrus limon)",1,tbsp
f2539ff2-6221-418b-9c0b-a3229952aee2,ASC067,US-851134,"MIXED NUTS CASHEWS, ALMONDS, HAZELNUTS, PISTACHIOS, PECANS, MIXED NUTS",5,g
f2595c92-85f0-480b-8abe-c42d531df090,BFP608,E053,Pineapple (Ananas comosus),80,g
f25e76ab-1d1f-4963-81ac-16291aa8bb8d,ASC241,UK-13-829,Garam masala,0.5,tsp
f26480b3-7a01-4c67-a0c1-695c3b69d31e,ASC514,G014,"Ginger, fresh (Zingiber officinale)",15,g
f2657d0b-78c3-42b2-b765-3ad11330aeb4,BFP369,UK-17-062,"Sugar, icing",30,g
f2659197-2ae8-4500-a0aa-fd25d8f3f55c,ASC185,G024,Coriander seeds (Coriandrum sativum),0.25,tsp
f2686773-4feb-4374-ac4a-6349901d87d9,ASC104,UK-17-045,"Oil, sunflower",2,tbsp
f2689135-3796-46aa-b902-2a3f18a27bda,ASC194,G012,"Garlic, small clove (Allium sativum)",1.25,g
f26f7840-b5ab-4142-be62-d4644b234b14,ASC203,G014,"Ginger, fresh (Zingiber officinale)",5,g
f2730a52-0659-4104-beae-826eb9fc50fe,OSR017,E036,"Mango, ripe, banganapalli (Mangifera indica)",82.5,g
f27651c6-c7e0-4bec-b315-e22cf53e4f8e,ASC421,ANN-ING-0033,Orange essence,0.25,tsp
f2778ded-fc42-4201-a726-31271a961e31,ASC087,UK-17-721,"Soy sauce, light and dark varieties",0.25,tsp
f277adce-ab76-4cce-b528-6810dddf5c38,ASC084,C033,Spinach (Spinacia oleracea),200,g
f2793987-9718-4214-b9b3-0ee8d2fb24bc,BFP368,UK-17-360,Gelatine,5,g
f27d680a-c341-4262-bc07-587af8a1ff6e,ASC382,UK-17-377,"Water, distilled",3,tbsp
f2867085-5314-440a-9262-04a61bde184a,ASC442,UK-17-355,Baking powder,0.25,tsp
f28b386c-e48c-4859-b626-3a0b6bf29833,ASC161,D075,"Tomato, ripe, hybrid (Solanum lycopersicum)",50,g
f28e5f38-1cd2-4a05-9c4c-8f393b37a2e8,OSR042,E001,"Apple, big (Malus domestica)",300,g
f29a0642-b310-435e-922a-4a01b89b2992,ASC250,L002,"Milk, whole, Cow",200,ml
f29a0bea-ba57-455c-b869-c8aabe039720,ASC100,A019,"Wheat flour, atta (Triticum aestivum)",80,g
f29d02a2-d690-4782-8790-9828b438de4a,BFP222,G027,Mace (Myristica fragrans),1,g
f29f122b-6935-4aae-a52b-9a7b104ba8a9,BFP097,UK-11-1145,"Bread, white, average",30,g
f29fb34b-a018-4fc6-90e7-657575573e8e,BFP039,G022,"Chillies, red (Capsicum annum)",1.67,g
f2a2ec67-b63c-4b9e-a83a-d7409c9240ea,BFP158,UK-17-063,"Sugar, white",0.5,tsp
f2abddaf-fabd-496c-9694-73520bdb85fb,BFP604,UK-17-367,Salt,0.17,tsp
f2acd6ee-29b3-4633-ae2b-a865c95d4960,OSR127,US-173471,Vanilla extract,1,tsp
f2b29d1d-8d62-4777-8372-1d8a75416f0e,ASC206,UK-17-045,"Oil, sunflower",480,ml
f2bdcbac-61c1-4299-9083-46186101456a,OSR086,UK-17-654,"Mayonnaise, standard, retail",110,g
f2c5db87-6d17-4d12-a702-2aef39b57049,ASC164,G009,Coriander leaves (Coriandrum sativum),1,sprig
f2ee01c8-9386-4b39-b0a0-40ec3e0ab00f,BFP220,D043,"Cucumber, green, elongate (Cucumis sativus)",40,g
f2f03ab8-3e35-423a-8341-8b4b01a6c1d3,ASC457,UK-11-1145,"Bread, white, average",30,g
f2f326de-1a84-4f88-ac11-336ed6bf5b9c,ASC289,UK-17-063,"Sugar, white",1,tbsp
f2f3f090-71d2-4284-9a36-d688c3db6d66,ASC199,UK-17-367,Salt,0.5,tsp
f2f9d5e5-980f-4191-a619-cb7e8f69697f,ASC431,UK-17-062,"Sugar, icing",50,g
f2fadb45-968d-47e5-a012-47abc716c9e6,ASC053,UK-17-063,"Sugar, white",2,tsp
f2fae6da-a679-442e-8f20-afdffd568a77,ASC010,UK-14-130,"Lemons, flesh only, raw, weighed with peel and pips",17.5,g
f2ff1a74-7459-40f3-8974-a84ecd59a042,OSR114,H012,Ground nut (Arachis hypogea),2,tbsp
f30b957d-9ec1-4013-b93f-9cc76204f372,ASC224,L003,Paneer,50,g
f31550af-5732-4458-b8d7-08d5758ddae5,BFP312,E033,"Lemon, juice (Citrus limon)",1,tbsp
f31f7a74-1447-475a-aad6-5400d190d7c2,BFP274,G012,"Garlic, small clove (Allium sativum)",1.25,g
f325754d-88d8-4b93-90e8-d024b1f9ec7d,ASC135,G012,"Garlic, small clove (Allium sativum)",1.25,g
f325e853-83ed-4c55-b2eb-d169ecf9edd4,ASC156,UK-13-829,Garam masala,0.25,tsp
f32635f4-4c66-47b9-a5f9-c3ac77444591,BFP280,UK-17-031,"Oil, coconut",0.375,g
f3308f30-021a-4331-b21e-4efe14323ccd,ASC343,G020,"Cardamom, green (Elettaria cardamomum)",0.25,tsp
f333af3b-4f6d-4bdf-bea8-530bd52a09ce,OSR145,E033,"Lemon, juice (Citrus limon)",3,tsp
f3343169-7730-448a-aab9-df7ff1a09aa7,BFP482,UK-17-062,"Sugar, icing",2,tsp
f3369c16-a0b7-4521-952a-a97636d31337,ASC379,UK-17-367,Salt,0.5,tsp
f33dcf3d-8e6c-4036-b4a0-e7cf1a2fc54d,ASC034,E001,"Apple, big (Malus domestica)",25,g
f3430c35-e1e8-4451-a6a1-c33939d8a516,BFP039,A022,"Wheat, semolina (Triticum aestivum)",40,g
f34d8412-e319-4a3c-a63b-18d14c136390,BFP174,UK-17-640,"Ghee, butter",0.5,tsp
f3506e58-52a4-497b-a419-75603172f6c7,OSR091,UK-17-367,Salt,0.5,tsp
f355f2d8-dd75-4ddd-9385-5924046ee4dd,OSR123,UK-17-355,Baking powder,0.5,tsp
f358868a-9ea4-4911-b549-446e9fa2fb5b,BFP294,D050,"French beans, hybrid (Phaseolus vulgaris)",40,g
f363f433-fd6a-47bf-9d4b-d1b619591907,BFP580,UK-17-377,"Water, distilled",0.33,C
f370f37a-86ad-4468-b7f9-ea2e609e7d78,ASC181,F002,"Carrot, orange (Daucus carota)",50,g
f374f9b7-fbe5-4055-a77d-ec5f38215355,BFP508,UK-17-062,"Sugar, icing",20,g
f381e5b3-bafe-4e7b-88bb-65c87d88285d,BFP355,L002,"Milk, whole, Cow",1,tbsp
f3830e8e-5d00-43e3-9a6a-5bdb3798a5e3,BFP221,UK-11-1045,"Flour, corn",0.5,tsp
f389a1f2-7e15-4d37-b31d-571680890420,BFP496,UK-14-369,"Orange juice, freshly squeezed",1,tsp
f39272fb-0fac-4f31-86bf-749fd0e84a56,BFP607,UK-17-063,"Sugar, white",30,g
f39b00d0-1f11-4f4d-8ed6-954f58c2e001,ASC222,G012,"Garlic, small clove (Allium sativum)",1.25,g
f39c2184-5c5f-4f6e-bbd8-1ab2704f80c9,BFP208,C033,Spinach (Spinacia oleracea),150,g
f3a6eba0-81ac-4a25-99af-cbe23f04785c,ASC063,UK-17-045,"Oil, sunflower",3,tsp
f3b0c89e-a5c5-481c-9c25-8c1bc1abda59,ASC180,H007,"Coconut, kernel, fresh (Cocos nucifera)",20,g
f3b195f6-1df6-4047-9acb-96af902f3cc9,ASC497,ANN-ING-0034,Pineapple essence,1,tsp
f3b92223-3968-4e29-888d-fab4d274388d,ASC231,G023,Cloves (Syzygium aromaticum),0.25,tsp
f3b9cfff-059d-4b05-9929-f606b5e9ae60,ASC159,UK-13-829,Garam masala,0.25,tsp
f3bbcbe2-b2c4-4135-846a-daa0795c3f77,ASC246,UK-13-829,Garam masala,0.125,tsp
f3bd7d31-61a2-412e-8574-b2eef3ec6abf,ASC420,L002,"Milk, whole, Cow",30,ml
f3c244a7-5a43-4fec-b4bd-18231166195a,OSR141,G025,Cumin seeds (Cuminum cyminum),0.2,tbsp
f3c360d1-485a-4db7-af89-90ccca69dfdd,ASC238,UK-11-896,"Flour, gram",2,tsp
f3c46d73-7cc9-489d-b575-4f56b087eb26,ASC414,F006,"Potato, brown skin, big (Solanum tuberosum)",120,g
f3c8afb1-e034-46fe-b170-0e3e25ba9864,ASC248,F006,"Potato, brown skin, big (Solanum tuberosum)",50,g
f3eb98c4-1484-46a1-bf0e-9299a93b1c19,BFP152,UK-17-661,"Butter, unsalted",1,tbsp
f3fec3f6-d2c1-4569-8780-062dc1318ee3,OSR115,E033,"Lemon, juice (Citrus limon)",1.1,tbsp
f4015e22-3f11-4308-9901-86a3df83806f,ASC118,UK-17-045,"Oil, sunflower",1,tbsp
f402fd9b-2038-4a1e-80b4-2f4042ef2f31,OSR111,UK-17-367,Salt,0.5,tsp
f4095eb6-d753-4b33-a2b3-f5a7bf8d5ec7,BFP158,UK-11-716,"Pasta, white, dried, raw",40,g
f41b271c-4631-420a-b5e9-ae6fd7cc9275,ASC412,D075,"Tomato, ripe, hybrid (Solanum lycopersicum)",15,g
f41bfd4f-2016-43cc-b55a-0e5beafb31b7,BFP440,UK-17-045,"Oil, sunflower",0.5,tsp
f4308130-f93c-4a67-a425-72ab4ca76b77,ASC249,G012,"Garlic, small clove (Allium sativum)",1.6,g
f4311496-4a3a-4694-87ce-7637fad9b630,OSR058,UK-17-367,Salt,3,tsp
f43932ee-b583-4e7d-9d37-07443c752889,OSR076,UK-17-367,Salt,0.5,tsp
f44576a6-bd5f-4530-8466-66f461341943,BFP240,UK-13-829,Garam masala,0.125,tsp
f44a1262-19e9-4eaa-ba52-51ea27455fee,BFP190,G033,Turmeric powder (Curcuma domestica),0.125,tsp
f44a5860-fb54-4260-bd5a-7b21c0d0e046,BFP355,UK-17-158,"Coffee, powder, instant",1,tsp
f4511e3f-3ecf-4db2-ae16-c847506ae067,ASC420,UK-17-661,"Butter, unsalted",35,g
f455726a-886e-4456-a3d9-506f5295623c,ASC470,H011,"Gingelly seeds, white (Sesamum indicum)",10,g
f455f033-6f0f-4331-8cf8-5afddfff0605,ASC368,UK-11-1145,"Bread, white, average",2,tbsp
f457375f-fce2-4672-8825-c0127f74e6da,ASC357,UK-17-045,"Oil, sunflower",0.5,tsp
f45d5d64-7867-46bc-a045-4f17af00703c,BFP039,G014,"Ginger, fresh (Zingiber officinale)",5,g
f4667b26-4d7e-4325-a2d9-0c2aacb6d788,BFP127,A018,"Wheat flour, refined (Triticum aestivum)",28,g
f46c9b94-2ea2-4f01-9fdc-27db01b248ab,ASC206,L003,Paneer,25,g
f479fb6f-f473-4697-a7d6-6b2318809ea5,ASC165,D075,"Tomato, ripe, hybrid (Solanum lycopersicum)",50,g
f47cbf2f-4530-4d1a-82fc-f61b689447b9,OSR108,G025,Cumin seeds (Cuminum cyminum),0.5,tsp
f47ccc9c-6ce1-4f5b-b035-34d1a3c44113,ASC265,UK-11-1045,"Flour, corn",1,tsp
f4817de1-6664-475f-904d-a27f7152c806,ASC022,UK-17-377,"Water, distilled",13.5,tbsp
f4894df5-b0ff-4c89-a8d3-b1688ce8ba88,ASC160,G014,"Ginger, fresh (Zingiber officinale)",5,g
f48d3085-7540-4708-9542-0a7f3dd52db8,BFP352,H001,Almond (Prunus amygdalus),2.75,g
f48ea322-8ff5-4555-9d11-bf8ffca1bf73,BFP392,A018,"Wheat flour, refined (Triticum aestivum)",0.5,tbsp
f491a8d2-736d-49d3-8a97-dd07e5bbb263,ASC479,C033,Spinach (Spinacia oleracea),50,g
f4921af9-9270-4a57-af45-ee940055ab58,ASC222,L003,Paneer,100,g
f492860d-59db-4f3e-9a69-2d2d599456bb,ASC314,M001,"Egg, poultry, whole, raw",50,g
f4aa066d-fabd-4d72-b7b5-2600a4427ea6,ASC472,G008,"Chillies, green - all varieties (Capsicum annum)",3.33,g
f4b05ff3-4489-432e-a883-970bb6a53b8c,BFP573,H013,Mustard seeds (Brassica nigra),0.125,tsp
f4b1463b-23a6-4016-99c4-c2c51b1580a6,ASC221,UK-17-063,"Sugar, white",0.25,tsp
f4c0466e-c5ce-472a-bd7f-49abc8713a0f,ASC213,G017,"Onion, big (Allium cepa)",75,g
f4c717ea-1997-42f0-9798-6978be5827ca,BFP076,F002,"Carrot, orange (Daucus carota)",20,g
f4cc5e94-7fce-4546-b34a-d6aa8718438d,ASC200,G012,"Garlic, small clove (Allium sativum)",1.25,g
f4e3bc95-80ba-4276-a214-c36616921d3e,ASC099,G009,Coriander leaves (Coriandrum sativum),1,sprig
f4ef6ee6-02a4-400a-8964-e386261bba4d,BFP198,UK-17-377,"Water, distilled",1,tsp
f4f85a60-373f-4b6d-a5c8-227763ded9e3,BFP171,G014,"Ginger, fresh (Zingiber officinale)",10,g
f4fcd4d7-c6cf-4dbd-8b70-80d7447f5aa5,BFP535,A018,"Wheat flour, refined (Triticum aestivum)",37.5,g
f51173d8-908f-45c3-891f-da775250339d,OSR130,G017,"Onion, big (Allium cepa)",29,g
f515c68a-82db-4454-ba28-3d84fd96ebc0,BFP201,UK-17-377,"Water, distilled",90,ml
f51a4674-72ca-4ef6-8574-214d1276ebbd,ASC199,UK-17-367,Salt,0.25,tsp
f5272a3d-1f2b-4018-9188-418cc2bf05f7,ASC227,G014,"Ginger, fresh (Zingiber officinale)",6.33,g
f5392fe2-2d26-44b2-acc7-d3544dc01ace,ASC504,F002,"Carrot, orange (Daucus carota)",1000,g
f5480d74-b0ca-4601-aaca-e037b892b069,BFP076,UK-13-876,Curry powder,0.5,tsp
f54fb146-d6d8-48eb-91e9-4b813b1501d1,BFP550,I001,"Jaggery, cane (Saccharum officinarum)",30,g
f553aa5d-1fbd-4545-a43e-3d70a6048563,ASC257,UK-17-062,"Sugar, icing",1,tsp
f564cd14-c49d-4e3d-b81d-2fc17a9c1b4a,ASC265,UK-12-332,"Cream, fresh, single",1,tbsp
f568e7f7-af5b-42aa-9668-361436d63543,ASC200,G009,Coriander leaves (Coriandrum sativum),1,sprig
f57318b1-2793-4a3b-bdf0-180c55b5e696,ASC233,UK-13-874,"Cinnamon, ground",1.25,g
f57524fe-0f6f-4c8a-954e-3970473df950,BFP201,G033,Turmeric powder (Curcuma domestica),0.125,tsp
f575fed7-cd71-434b-a46d-d9e325da6cef,BFP506,UK-17-640,"Ghee, butter",8,g
f57693c1-f364-443c-ac84-df4955e688ce,OSR064,G010,Curry leaves (Murraya koenigii),1,sprig
f579a5a2-6d48-4dc9-a48f-4f9fc168897d,BFP545,UK-13-873,Chilli powder,0.125,tsp
f57afe43-de1b-4f4f-bc02-50b7ea8bf79d,ASC217,C008,Bathua leaves (Chenopodium album),20,g
f5821180-51bc-4032-b389-704d955170d8,ASC054,L002,"Milk, whole, Cow",1,C
f5858b04-2d06-456e-8cd3-6faecf103f70,BFP039,H013,Mustard seeds (Brassica nigra),0.25,tsp
f59249f2-1a57-4c29-b8be-03378251e79c,BFP461,UK-17-367,Salt,0.125,tsp
f5a713ab-ce49-4595-a4d2-03bf4c39ff6f,ASC380,G008,"Chillies, green - all varieties (Capsicum annum)",1.67,g
f5a7e7a2-4a78-4cac-baf6-86c639ae15c5,ASC515,UK-17-367,Salt,25,g
f5a8dcda-72a5-47e7-8d48-3e8e55a678fb,BFP294,F002,"Carrot, orange (Daucus carota)",50,g
f5b3754c-95e3-4748-aaf6-bb3c8bf1e941,ASC135,C015,"Cabbage, green (Brassica oleracea var. capitata f. alba)",30,g
f5b65906-7f8b-4a25-b168-fa59ce78d4fc,BFP220,G031,"Pepper, black (Piper nigrum)",0.25,tsp
f5babf9b-21db-46a3-8850-c489c9dc28dd,OSR133,UK-17-367,Salt,0.3,tsp
f5c55bb7-12ee-487a-acc3-88a29d508fb7,BFP351,UK-17-377,"Water, distilled",1,tsp
f5cbdc1f-b332-4797-a9dd-c89bf183e901,ASC366,F002,"Carrot, orange (Daucus carota)",20,g
f5cdaa91-b590-4eda-81ea-2c9d329b7cb4,ASC161,B002,"Bengal gram, whole (Cicer arietinum)",30,g
f5ce46dc-2d4b-4273-baae-1f5f34920f4e,BFP124,UK-17-377,"Water, distilled",15,ml
f5d907ca-5e32-464d-af27-0a2da47c54da,ASC192,UK-17-367,Salt,0.5,tsp
f5d986e7-8c2a-4591-b9e9-1fcd21d804c6,BFP534,UK-12-332,"Cream, fresh, single",120,g
f5dab678-143d-4868-bd47-4d11411db655,BFP097,G023,Cloves (Syzygium aromaticum),0.5,tsp
f5dd53ff-ecfd-481b-9a4f-982ad7a4f3b9,OSR079,UK-17-367,Salt,0.25,tsp
f5eded29-0878-408a-9286-9d80e3addc03,ASC134,UK-11-716,"Pasta, white, dried, raw",50,g
f5f2de39-bca7-4cb3-ac3d-e6cfb434d8bf,BFP495,UK-12-520,"Milk, condensed, whole, sweetened",200,g
f5fbbce9-93f6-48b2-ba33-0ee46430f55e,BFP172,G025,Cumin seeds (Cuminum cyminum),0.5,tsp
f5fbdd32-4ca2-44e2-abe7-5b8691259c49,ASC287,ANN-ING-0006,Kewra essence,0.25,tsp
f60686a7-9990-423d-95f0-621d027b8432,BFP453,UK-12-333,"Cream, fresh, whipping",2,tbsp
f6205929-35a8-4c4e-a3a1-1da099ca03bc,OSR025,G020,"Cardamom, green (Elettaria cardamomum)",0.0003,tsp
f6227536-9473-4388-8ca5-8cecd54f5605,BFP307,UK-17-367,Salt,0.17,tsp
f62c8127-ea85-4f64-83e5-bea8955d041f,ASC163,G033,Turmeric powder (Curcuma domestica),0.25,tsp
f62e2cf7-3bb0-456f-8244-adfc4629db30,ASC030,UK-11-1145,"Bread, white, average",120,g
f6371953-9db2-4e3d-b0b9-c7fb98c2395d,OSR086,D037,Celery stalk (Apium graveolens),17,g
f63b7e5e-bdd6-4b77-a9a6-b09b4577b351,ASC230,G012,"Garlic, small clove (Allium sativum)",0.8,tsp
f63f01dc-769f-4b80-a052-05ec3d195edb,OSR075,A018,"Wheat flour, refined (Triticum aestivum)",90,g
f6438134-8a4e-427a-ac5e-45498a184ac7,BFP249,G017,"Onion, big (Allium cepa)",30,g
f64616f0-8f8c-4768-a684-7735d54a83ef,BFP545,F002,"Carrot, orange (Daucus carota)",20,g
f64a87b5-9af4-410c-9f24-3fb7c8da2fe2,ASC428,A018,"Wheat flour, refined (Triticum aestivum)",50,g
f64f1e5f-84b4-41e2-98ff-218a95c46d5a,ASC041,UK-13-873,Chilli powder,0.125,tsp
f654f944-23cb-46e7-8c4e-62604ea44591,ASC186,F006,"Potato, brown skin, big (Solanum tuberosum)",100,g
f658cf48-ffd3-48e4-affe-b41bdbbbf9b6,BFP492,A018,"Wheat flour, refined (Triticum aestivum)",55,g
f6686b33-7aeb-47fd-95ad-50f37d801aa0,BFP284,UK-11-1145,"Bread, white, average",15,g
f66c0034-52af-47e1-b90a-09b895bca397,OSR144,UK-17-367,Salt,0.5,tsp
f6739300-f202-401f-bc92-942a56c4e730,ASC375,US-492422,WHOLE WHEAT HAMBURGER BUNS,180,g
f679dc22-bb7c-4ed5-a755-c38a2a665427,ASC466,H006,"Coconut, kernal, dry (Cocos nucifera)",10,g
f67a0a32-541c-4683-acb2-b913416822f3,BFP599,UK-17-367,Salt,60,g
f67be806-fc0f-457c-b544-cee852c8f5fa,ASC369,G008,"Chillies, green - all varieties (Capsicum annum)",1.67,g
f682cb21-bef6-43f8-98f9-26872425689b,BFP179,UK-17-367,Salt,0.125,tsp
f683bc8b-12f8-4100-ae8a-e6b57287cc6f,OSR155,UK-13-873,Chilli powder,1,tsp
f68977a1-a230-4e67-9b93-59af1cdc4cf3,BFP275,UK-17-367,Salt,0.17,tsp
f68cb546-cdac-4efc-be47-4c16a3946669,BFP067,G017,"Onion, big (Allium cepa)",20,g
f6980952-ffb3-4e39-85a2-6b3a89f12bc8,ASC092,F002,"Carrot, orange (Daucus carota)",20,g
f69ce543-fd17-42fd-bddf-e98f959bd982,BFP459,G016,Mint leaves (Mentha spicata ),1,sprig
f6a85203-1e5f-4e86-a2f7-1b03e4ee7bb2,ASC083,UK-17-727,"Stock cubes, vegetable",0.5,C
f6ca5102-e266-4ad5-afb0-eda0c14f2d7b,ASC011,UK-17-062,"Sugar, icing",1,tsp
f6ca7fca-ed82-4a11-9e3d-47ec996c790e,ASC162,G014,"Ginger, fresh (Zingiber officinale)",3.17,g
f6ce2c09-e338-48b6-a28d-8666493d6c51,OSR097,G033,Turmeric powder (Curcuma domestica),1,tsp
f6d30229-6579-4338-8ff0-0e221fecaa7c,ASC430,E053,Pineapple (Ananas comosus),30,g
f6d464fe-b6e9-4631-8f97-aa321f2cad89,BFP484,E047,"Orange, pulp (Citrus aurantium)",60,g
f6d74275-3ad9-4440-a82e-e735d5ba2969,BFP300,UK-17-339,Vinegar,1,tsp
f6d7a3e2-836d-47ca-82ac-742458a5c1d7,BFP001,G021,"Cardamom, black (Elettaria cardamomum)",20,g
f6d9378d-74a7-473a-9d86-b6b4714efe41,ASC205,G033,Turmeric powder (Curcuma domestica),0.25,tsp
f6e1d582-7385-42c9-a125-16afc2a3f31e,BFP008,UK-17-063,"Sugar, white",10,g
f6ef38e9-0861-4f8c-9f8c-e37b028e99e2,BFP532,UK-17-661,"Butter, unsalted",60,g
f6f234a6-066e-4ff5-a7a1-29d93af9f3cf,BFP427,UK-17-367,Salt,0.25,tsp
f6f4fe69-254c-4180-a8bc-725bfe9e126e,ASC296,G020,"Cardamom, green (Elettaria cardamomum)",0.25,tsp
f6f6077e-bae9-42d4-9600-5549a3f4ebf8,BFP002,US-806241,HIMALAYAN BLACK SALT,25,g
f6f79c76-3d8b-4c75-84fc-dfd4f97c50b3,BFP056,UK-17-661,"Butter, unsalted",10,g
f70ba4cf-265d-47e0-bf08-9638b05fe73a,ASC136,L002,"Milk, whole, Cow",50,ml
f71da593-524a-4b7c-ad4b-91f1b065b473,ASC406,UK-17-367,Salt,0.25,tsp
f728b5c1-35de-44ef-a5c8-d98c50a0b232,ASC244,G031,"Pepper, black (Piper nigrum)",0.25,tsp
f7398f28-2072-42ba-91ad-632633f53396,ASC474,UK-17-367,Salt,0.5,tsp
f73bb306-5f8f-40d5-a130-b5d8063a3744,ASC438,UK-17-062,"Sugar, icing",3,tbsp
f73c3654-7c1b-4c95-aa29-2a4be3610506,BFP291,C033,Spinach (Spinacia oleracea),150,g
f7417d05-cada-4545-89a4-02b1019f0354,ASC114,G023,Cloves (Syzygium aromaticum),0.25,tsp
f7418cea-d87e-4892-b26a-8275732ca3fd,ASC229,UK-13-873,Chilli powder,0.25,tsp
f7518528-aede-4b1b-b37a-f5436eaa44b7,ASC262,G009,Coriander leaves (Coriandrum sativum),1,tbsp
f7592b50-36d7-4eac-b702-0f99c056ffef,ASC034,C025,Lettuce (Lactuca sativa),24,g
f765fd98-108a-406d-8a8f-8b8dbe6691e6,ASC204,UK-17-367,Salt,0.25,tsp
f76bdcd2-d04d-4c51-b42f-65a2ed66e4bf,ASC251,UK-17-367,Salt,0.25,tsp
f7768a0a-0ada-491a-b661-09b20c64a190,ASC184,G024,Coriander seeds (Coriandrum sativum),0.25,tsp
f77a5f86-18cb-4905-8425-c2a16bd53dcf,BFP609,UK-17-063,"Sugar, white",30,g
f77bf5c9-d12a-4683-ba7c-de715bc2e361,ASC405,A018,"Wheat flour, refined (Triticum aestivum)",50,g
f77ca432-0e55-4ea1-8b3b-007b4c48a96e,OSR022,UK-17-063,"Sugar, white",100,g
f77cbff7-6829-4987-966c-5a450f092cd5,OSR074,G012,"Garlic, small clove (Allium sativum)",0.625,tsp
f7816031-51fd-4424-863a-5bde672e3263,OSR064,UK-17-367,Salt,0.5,tsp
f7823e09-d11c-46bf-806e-c5d59b038278,BFP262,A018,"Wheat flour, refined (Triticum aestivum)",1,tbsp
f78d24ae-032f-4745-8e1c-d2c22db928b3,BFP284,UK-17-661,"Butter, unsalted",10,g
f78d984e-27f8-4712-91a7-de2c25ad7d1e,BFP082,C028,Parsley (Petroselinum crispum),1,sprig
f799f539-9fbc-4a48-989f-4c87092dc51b,ASC365,B003,"Black gram, dal (Phaseolus mungo)",30,g
f79a2b59-c5ed-4b69-8064-59c6d3b5d7fc,ASC065,D061,"Peas, fresh (Pisum sativum)",75,g
f79a363d-5f3b-4677-bc6d-4b195a2b9eec,ASC365,UK-13-873,Chilli powder,0.5,tsp
f7a1f06f-a08d-40e3-a8e7-6b73c5d18973,ASC250,A018,"Wheat flour, refined (Triticum aestivum)",1.5,tsp
f7a30b45-d3b4-4c5b-8abe-db9f9451b9d2,OSR148,UK-17-367,Salt,0.25,tsp
f7a81a6c-f736-4538-a060-27f428b76270,ASC027,UK-11-1145,"Bread, white, average",60,g
f7abec80-82e4-477e-9b78-0d9738571f0d,BFP316,UK-17-367,Salt,0.17,tsp
f7bf867d-121f-4e08-846e-87b21035843d,BFP294,A018,"Wheat flour, refined (Triticum aestivum)",15,g
f7cbdf56-43ff-46a1-8ba8-51f0ec0296aa,BFP505,US-499195,JAM,20,g
f7d9635d-34b9-4f18-b05a-23050a09abdb,BFP178,G023,Cloves (Syzygium aromaticum),0.25,tsp
f7e0fbba-5cbf-44d3-be33-28e40c9a1442,ASC513,UK-17-063,"Sugar, white",750,g
f7ec59a9-11a7-4508-bb0e-da18265ae9a2,OSR041,UK-17-661,"Butter, unsalted",283.75,g
f7eed16b-6b88-4311-9b37-daaf73c93ada,ASC427,UK-12-521,"Milk, skimmed, dried, fortified",60,g
f7f29e06-a5ba-40ec-b04e-c080eced547c,BFP321,G008,"Chillies, green - all varieties (Capsicum annum)",1.67,g
f7f6e748-387e-4847-b6fb-1f2c25b4c8a4,BFP421,P034,Mackerel (Rastrelliger kanagurta),80,g
f7f7179a-90bc-4de6-adc3-c63c561171a7,BFP355,UK-12-333,"Cream, fresh, whipping",125,g
f8025933-51f7-4e48-90d1-1d1180eca908,BFP513,UK-17-661,"Butter, unsalted",15,g
f80cb2f0-695d-4470-a471-70f92da11476,ASC205,G009,Coriander leaves (Coriandrum sativum),1,sprig
f8119154-1caa-4718-8eb9-bf2780ea9bbc,BFP264,UK-13-873,Chilli powder,0.25,tsp
f811b5d0-c2c9-4a1e-8685-fb08a9fc226d,BFP196,G017,"Onion, big (Allium cepa)",40,g
f814f4e4-7eae-4a6b-bd73-2e016ffab9b6,ASC228,G009,Coriander leaves (Coriandrum sativum),1,sprig
f818ceb3-d7ff-4c07-8359-ca364689c32b,BFP088,G017,"Onion, big (Allium cepa)",20,g
f819a19d-5c63-46e4-92a6-6894e1d8cba6,BFP445,G008,"Chillies, green - all varieties (Capsicum annum)",3.33,g
f81a1feb-b7a1-47e2-aae8-8a0aba8a36df,BFP534,UK-17-062,"Sugar, icing",2.5,g
f81caaf8-0740-4cbc-ab6f-96b4e6e0f978,OSR052,UK-13-873,Chilli powder,0.5,tbsp
f81dc129-83a9-4d03-a5b5-62f1702784be,BFP091,UK-17-367,Salt,0.17,tsp
f81f962f-a4d8-4082-8ce6-39f56c2ec28f,BFP353,UK-12-545,Cocoa powder,5,g
f8229b1a-ce62-48e0-834e-96808d0ad054,BFP261,G017,"Onion, big (Allium cepa)",20,g
f82daaf6-2dec-403e-9e15-f86028a2f71d,BFP143,UK-13-873,Chilli powder,0.13,tsp
f833b48c-e0ed-40c6-a4ee-5a07d6e5c1d2,BFP162,UK-11-716,"Pasta, white, dried, raw",80,g
f8342afb-d4b3-4884-8449-2bfdb2e25255,ASC330,L002,"Milk, whole, Cow",100,ml
f839f3c8-d4fb-427d-8f3a-ac72721a2d5c,OSR104,G008,"Chillies, green - all varieties (Capsicum annum)",0.75,tsp
f8406507-88d6-402d-8816-3ed777b09a08,ASC401,D061,"Peas, fresh (Pisum sativum)",100,g
f8444a9a-ff3e-41d6-9827-aed7125e48e6,OSR114,G016,Mint leaves (Mentha spicata ),4,g
f8491ccd-2718-4e09-b783-5fcf12f0b5b8,ASC417,A018,"Wheat flour, refined (Triticum aestivum)",55,g
f849dfea-7708-44f1-9525-1e9a1d93d4fc,BFP519,L002,"Milk, whole, Cow",10,g
f84a1ec3-11fb-4a81-8136-06aea3875165,OSR026,UK-11-896,"Flour, gram",138,g
f852f194-07cd-46cf-ba00-d9f89968ea8c,BFP382,M002,"Egg, poultry, white, raw",51,g
f864bfa5-997b-4797-a5d4-11a4acc0c56a,BFP159,C028,Parsley (Petroselinum crispum),1,sprig
f866216e-f157-4100-8bfb-176008af54a8,OSR078,UK-17-367,Salt,0.5,tsp
f8671361-7231-4a5c-90df-92b480c6a836,BFP097,G017,"Onion, big (Allium cepa)",30,g
f86c9e79-738c-4d31-9bb1-d8785498ecd3,BFP221,UK-17-045,"Oil, sunflower",1,C
f86fc9f9-fd2a-4e36-babf-592c4e4d97f5,OSR107,G019,Asafoetida (Ferula assa-foetida),0.25,tsp
f87c2ff9-83bf-4db0-86d2-3c29cb9139d0,BFP336,UK-17-063,"Sugar, white",15,g
f87d3b2d-4340-4bc6-a852-aa80deedd5a8,BFP153,UK-17-063,"Sugar, white",5,g
f87dc47c-f190-4f39-a0c8-02b40906a1b6,BFP210,D075,"Tomato, ripe, hybrid (Solanum lycopersicum)",50,g
f881d427-aa25-469a-8d7c-ef580cee3491,ASC154,UK-17-377,"Water, distilled",0.33,C
f887fd5b-645b-4671-bd43-266ec9674d74,ASC252,D075,"Tomato, ripe, hybrid (Solanum lycopersicum)",100,g
f88834d5-deac-4d0b-92c3-bbe568480396,OSR024,H018,Pistachio nuts (Pistacla vera),4.2,g
f89e9829-84b5-4278-8a72-686b4960e04e,BFP355,UK-11-1045,"Flour, corn",1,tsp
f8a1ccb1-9634-423e-8273-d50a08d75c5e,BFP162,UK-17-038,"Oil, olive",2,tsp
f8aeb2b0-ad80-40e6-b854-8acd29063567,BFP273,UK-17-045,"Oil, sunflower",10,g
f8b75624-f23e-4361-9f11-30cd99cdb559,OSR096,UK-17-640,"Ghee, butter",0.5,tsp
f8c7dfd8-c43e-4208-8c43-9cf33f0bc4f5,OSR121,US-170857,"Cream, fluid, light (coffee cream or table cream)",200,ml
f8cce0df-a288-4b78-a67f-34903e3e4767,BFP046,G008,"Chillies, green - all varieties (Capsicum annum)",3.33,g
f8ce3088-f807-4404-b033-c148b7c962f7,ASC363,D061,"Peas, fresh (Pisum sativum)",100,g
f8ce988e-8c85-4d35-bf11-55456a6f55ac,ASC204,D075,"Tomato, ripe, hybrid (Solanum lycopersicum)",50,g
f8dacd0c-ece0-42ff-861d-8e7f6d7f2579,ASC398,ANN-ING-0032,Orange colour,0.5,tsp
f8e29b43-5ce1-4249-ab73-47a73cc52821,OSR062,G014,"Ginger, fresh (Zingiber officinale)",1,tsp
f8e56546-e2b4-4f1a-99bf-37d8909ce93e,BFP412,H011,"Gingelly seeds, white (Sesamum indicum)",10,g
f8ef7a98-a647-4385-b245-307d3f7ce13b,ASC160,UK-17-367,Salt,0.5,tsp
f8f8097c-022b-4b1b-9d68-01df8aaac157,ASC132,UK-17-367,Salt,0.5,tsp
f9013ab2-2e14-43e1-aaaa-a70b3c38bd42,BFP382,A018,"Wheat flour, refined (Triticum aestivum)",12,g
f903e0f3-0d71-403d-b5c3-c41fcde50f7a,ASC155,G025,Cumin seeds (Cuminum cyminum),0.5,tsp
f905c224-54f1-47f8-860f-84fd2664297e,BFP403,ANN-ING-0006,KEWRA ESSENCE,0.25,tsp
f932160d-3b72-4235-a98b-8f621b9003e4,ASC232,G025,Cumin seeds (Cuminum cyminum),0.25,tsp
f936c942-9d69-4284-bbd8-9a60fcd63b07,BFP246,UK-14-263,Sultanas,2.22,g
f937897e-9286-450b-8106-508ebd950a84,ASC072,L002,"Milk, whole, Cow",1,C
f947d37a-a70e-4ed0-9149-e8c420661348,OSR094,G009,Coriander leaves (Coriandrum sativum),1,sprig
f94d727c-72c7-4c52-ad61-b37086fd7ea6,ASC280,UK-17-367,Salt,0.5,tsp
f94f4f49-2d6d-4a38-94ad-5d4c71eb0b4a,BFP367,UK-17-360,Gelatine,5,g
f95e9d8a-702a-469f-b969-04d30356af3d,OSR058,UK-13-806,"Bay leaf, dried",0.8,g
f960df01-fd8b-4c54-9d3c-847ebf21ffd3,BFP491,US-169061,"Candies, gum drops, no sugar or low calorie (sorbitol)",10,g
f960fac6-3b19-4a66-9479-149c0a1a59f0,BFP359,UK-17-360,Gelatine,0.25,tsp
f961ca6e-d508-4a82-b1b0-c5162ab3d7ae,BFP004,B021,"Red gram, dal (Cajanus cajan)",10,g
f965e69e-211d-4235-ac1d-68b5083c7984,ASC300,UK-17-063,"Sugar, white",2,tsp
f9684fda-25e4-434b-9060-0836a754207c,ASC443,UK-17-355,Baking powder,0.25,tsp
f972fbb5-709c-4616-846b-bb769847240d,BFP498,UK-17-377,"Water, distilled",0.75,tsp
f977addf-a99b-441f-a833-a005347497c2,ASC228,G032,Poppy seeds (Papaver somniferum),0.25,tsp
f978fa70-cb35-4da4-87a6-169f00338fb6,BFP026,UK-17-377,"Water, distilled",120,ml
f97d9931-8f1a-4289-8d6c-d1c3e750d658,ASC308,H001,Almond (Prunus amygdalus),1.65,g
f98037cf-2683-4f21-82a0-eaba3b6bc166,BFP509,E015,"Currants, black (Ribes nigrum)",5,g
f984188c-5cd4-4f62-a176-f76acee43c15,OSR004,E001,"Apple, big (Malus domestica)",567,g
f9939c76-d137-47b1-94ea-4d7ee6378d39,ASC223,UK-12-332,"Cream, fresh, single",25,g
f99f15ae-3905-49ed-9209-6bea6b07ea48,BFP203,E053,Pineapple (Ananas comosus),25,g
f9a0f5fd-2630-4862-94c5-84316f021271,ASC159,G025,Cumin seeds (Cuminum cyminum),0.25,tsp
f9a9d176-57a1-4e71-99b7-6c17401b16be,ASC106,G017,"Onion, big (Allium cepa)",25,g
f9ad485d-1d5e-4072-b567-a528fa74d190,BFP223,UK-17-377,"Water, distilled",0.25,C
f9b4b9ed-ac38-4dba-92f4-9b3350385747,ASC065,F002,"Carrot, orange (Daucus carota)",50,g
f9b80c0b-9df5-4dbf-9ee6-80ac81da1508,BFP416,UK-17-367,Salt,0.25,tsp
f9bdae45-1b87-4e20-8851-42c2ad325ccd,ASC331,UK-14-335,"Cherries, glace",10,g
f9c67763-a887-4e70-910d-39d5aa420933,OSR099,G009,Coriander leaves (Coriandrum sativum),1.5,tbsp
f9d7abf5-3270-498f-8595-05c6a5c0ac6a,ASC367,UK-17-367,Salt,0.5,tsp
f9dc80e7-9ddf-44d1-8f22-596faa4f3648,ASC426,UK-17-062,"Sugar, icing",110,g
f9ddf011-63c6-4285-a3e5-ba67db227cea,BFP263,UK-17-377,"Water, distilled",2,tbsp
f9e0a49e-ee6b-4856-a847-f1b93611f8c3,ASC069,UK-17-661,"Butter, unsalted",1,tbsp
f9e5d9dd-a32e-478f-9428-f4bba0c13db7,ASC261,C025,Lettuce (Lactuca sativa),36,g
f9eb6a46-d468-4697-9a53-0e4c42abe56c,BFP143,G025,Cumin seeds (Cuminum cyminum),0.25,tsp
f9ebdbda-01db-429c-b46f-242a45624dd3,BFP360,UK-11-1045,"Flour, corn",1,tsp
fa04afcd-30ff-4634-bda2-6b8785151712,BFP178,UK-13-874,"Cinnamon, ground",1,g
fa0824bc-a61a-4913-814c-ec9c463398d7,BFP365,UK-12-333,"Cream, fresh, whipping",75,g
fa0a44c7-0440-4e4b-87ec-80697683642b,ASC283,H001,Almond (Prunus amygdalus),1.11,g
fa169b42-0c25-49a5-a4ad-bb0b14c7bd0e,BFP229,H007,"Coconut, kernel, fresh (Cocos nucifera)",20,g
fa19ac8b-fa0c-412b-8484-f1416d630a97,BFP197,UK-13-874,"Cinnamon, ground",0.25,tsp
fa216655-1b29-49f8-802c-b771aff3e4f7,BFP222,G017,"Onion, big (Allium cepa)",40,g
fa222664-93bc-4b8d-980c-0b84161ab449,BFP005,G019,Asafoetida (Ferula assa-foetida),2,g
fa29ce67-9f60-49d1-8831-02fab5452144,ASC105,US-400113,"SIVA'S, AMHUR POWDER (DRY MANGO POWDER)",0.5,tsp
fa2ca8be-9635-43f3-9b71-ef235e09b1f0,BFP210,A018,"Wheat flour, refined (Triticum aestivum)",0.5,tsp
fa342ced-6092-49b1-968b-ee143baa5bed,ASC229,G012,"Garlic, small clove (Allium sativum)",1.6,g
fa343fcc-46e1-4279-9f58-3ccb969dc55f,OSR099,H012,Ground nut (Arachis hypogea),73,g
fa3b2d51-8014-4faf-aa05-7d1269c360dd,OSR056,UK-14-130,"Lemons, flesh only, raw, weighed with peel and pips",75,g
fa3d83f9-9e8a-4536-a85b-7fc14ee84bdd,BFP484,M001,"Egg, poultry, whole, raw",100,g
fa47ca7b-9d9b-40dd-b48d-81672b9d597c,ASC138,D075,"Tomato, ripe, hybrid (Solanum lycopersicum)",30,g
fa4839ce-be86-40b6-bdf4-eae4257854db,ASC220,G023,Cloves (Syzygium aromaticum),0.5,tsp
fa4b9f4a-73d1-46d6-9122-abde3af2f8ed,ASC123,G017,"Onion, big (Allium cepa)",100,g
fa4d645e-ef6a-480a-abb8-d61b9d27f382,ASC358,UK-17-045,"Oil, sunflower",480,ml
fa501d71-b8b2-47da-944d-f404188c013e,OSR114,UK-17-367,Salt,0.5,tsp
fa50bddf-7295-408c-b235-5035e070ed34,ASC120,D061,"Peas, fresh (Pisum sativum)",50,g
fa53ff14-b407-4a52-bac9-46ee5f0ecc7a,BFP506,UK-17-367,Salt,0.25,tsp
fa56c4d7-1dd8-423e-ac36-187573fd48ce,ASC030,UK-17-367,Salt,0.25,tsp
fa5a79d1-f1b2-406b-b04b-a79b9777b312,BFP286,M001,"Egg, poultry, whole, raw",31.25,g
fa5b838f-b165-4d5b-b53b-612a0520da9c,OSR137,G017,"Onion, big (Allium cepa)",25,g
fa6021e6-33ea-4812-bdd6-610550d2001f,ASC375,UK-17-654,"Mayonnaise, standard, retail",2.5,tbsp
fa626f29-3546-4315-a7be-d84c03a20e67,ASC353,UK-13-829,Garam masala,0.125,tsp
fa657d0e-b8bb-4906-a7b2-8161806e7a2a,BFP570,C008,Bathua leaves (Chenopodium album),10,g
fa6e7786-86cb-4e11-a1c8-97b13933890f,ASC126,G008,"Chillies, green - all varieties (Capsicum annum)",3.33,g
fa749db5-d55a-49d9-ad29-9dd2c3798906,ASC192,G009,Coriander leaves (Coriandrum sativum),1,sprig
fa78c504-686a-4e52-a756-7c3cf779482d,BFP482,UK-12-545,Cocoa powder,10,g
fa7b5239-328a-48b5-bee3-9379ac205a63,ASC453,UK-17-062,"Sugar, icing",30,g
fa7bb763-0eee-4006-be97-6d57862fcb4a,BFP523,A018,"Wheat flour, refined (Triticum aestivum)",45,g
fa7e6c43-6825-40eb-b4a0-fe3458440c51,OSR155,G019,Asafoetida (Ferula assa-foetida),0.25,tsp
fa86662a-beb0-4ff0-82aa-04aece77a920,BFP198,UK-13-829,Garam masala,0.25,tsp
fa997750-ca79-434c-8c97-5c1461eea207,BFP306,UK-14-286,"Pineapple juice, unsweetened",2,tbsp
fa9f3d0f-a880-43db-ade0-3595e5605d3e,BFP047,G010,Curry leaves (Murraya koenigii),1,sprig
faa37d9b-2d87-4537-be44-793c4e50c793,BFP459,G009,Coriander leaves (Coriandrum sativum),1,sprig
faa802ef-244f-4809-af28-767c86abd2b0,BFP172,G025,Cumin seeds (Cuminum cyminum),0.5,tsp
faafe000-a776-4d51-9aa7-6f0bd73ac2e8,BFP147,G019,Asafoetida (Ferula assa-foetida),0.25,tsp
fab00157-4fd8-47a2-91ad-caf4851f9f1d,ASC339,UK-17-063,"Sugar, white",50,g
fab71aa9-292b-4840-b606-0d1515d72fad,BFP597,G033,Turmeric powder (Curcuma domestica),30,g
fabca1fe-16c4-4fec-8737-586bba090084,OSR054,UK-13-874,"Cinnamon, ground",3,tsp
fadbb579-3284-469b-a76a-981f1a182cf7,BFP221,UK-17-367,Salt,0.17,tsp
fadbe6da-17ee-4b67-b2cc-10b6d6210a32,BFP197,G033,Turmeric powder (Curcuma domestica),0.125,tsp
faddd952-2f59-4715-b8ce-305ffa6bbad1,BFP249,UK-13-829,Garam masala,0.125,tsp
fae95a61-550b-4f28-9de9-4083dc9c1f05,OSR141,UK-13-806,"Bay leaf, dried",0.4,g
faf8af09-8655-4171-9cae-c495ea257465,BFP379,UK-13-886,Mixed curry spices,0.25,tsp
faf97b25-04b8-40d8-a2f7-00294c6781c3,BFP249,UK-17-045,"Oil, sunflower",10,g
fb009658-82ed-42a1-afc7-117c83f189f7,ASC229,UK-18-481,"Lamb, mince, raw",100,g
fb09edd4-9809-4a0a-abb6-d5a4604435e4,BFP565,A019,"Wheat flour, atta (Triticum aestivum)",30,g
fb1c8643-a584-4dee-9b10-6198d59b4aa8,OSR113,G019,Asafoetida (Ferula assa-foetida),0.25,tsp
fb215f64-bf1c-4697-b3fd-3019eb8beb02,ASC189,G017,"Onion, big (Allium cepa)",10,g
fb21ed7a-b6c0-434a-9db2-25ba0061cea3,BFP364,UK-17-377,"Water, distilled",1,tbsp
fb31f3cc-ed1f-4b8c-8181-9eaf66d31bb0,BFP003,B003,"Black gram, dal (Phaseolus mungo)",75,g
fb324f7c-dcf8-4511-a7d5-592f13f1c9c6,BFP040,G009,Coriander leaves (Coriandrum sativum),1,sprig
fb3728b5-e3cc-49cb-9132-2c2aa4d80a9c,OSR015,UK-17-377,"Water, distilled",50,ml
fb39fcbe-5f6b-4d4f-bfb6-6365e2c353ab,ASC183,G025,Cumin seeds (Cuminum cyminum),0.25,tsp
fb3b7d5c-3981-4ea4-97e6-a2884d373471,ASC350,H001,Almond (Prunus amygdalus),2.22,g
fb3cb992-d5cd-46d2-8637-b2921c09de52,BFP347,UK-17-377,"Water, distilled",1,tsp
fb5571a2-47a4-468b-a95e-3268d3cb6759,BFP194,G012,"Garlic, small clove (Allium sativum)",1.87,g
fb59d90e-85e0-4989-8f7f-0ad435ca9ec3,ASC411,UK-17-377,"Water, distilled",50,ml
fb5c51c8-0f2d-4aab-a677-1d9f34865b61,BFP043,G019,Asafoetida (Ferula assa-foetida),0.25,tsp
fb5c9564-3fd7-42a5-9284-1011233c1dc2,ASC091,UK-17-367,Salt,0.25,tsp
fb65c0bf-7b0d-431e-9da1-b6f711a47d42,BFP150,D075,"Tomato, ripe, hybrid (Solanum lycopersicum)",30,g
fb68e9cf-8a5e-4b4a-a7c6-12d77c8ae0b7,ASC210,UK-17-367,Salt,0.5,tsp
fb6a0d9b-b0e9-4490-9b13-3697c558881c,ASC039,G031,"Pepper, black (Piper nigrum)",0.25,tsp
fb6aa4ed-049a-4031-a0c2-1c64c5bb0f96,BFP011,UK-17-498,"Drinking chocolate, powder",20,g
fb71e9bf-a4d3-4910-b19a-d47dd0a3060e,ASC249,UK-17-045,"Oil, sunflower",1,tbsp
fb7604d3-8588-42e9-ba28-30a6dfe7b6f0,ASC318,E033,"Lemon, juice (Citrus limon)",2,tsp
fb821653-d927-4fa0-a6c1-13300634cb75,ASC215,UK-17-367,Salt,0.5,tsp
fb8bff6a-a33d-4e01-a5f4-c84db294dd66,ASC160,UK-12-332,"Cream, fresh, single",1,tsp
fb8ddde6-cad7-4f5b-896c-d20d465280a0,OSR120,US-173471,Vanilla extract,1,tsp
fb91e8ef-d1ca-4d15-9f51-5445b7d7e828,BFP203,UK-17-045,"Oil, sunflower",1,tsp
fba220d3-6983-4f0e-b909-f87ff55b2fdc,BFP159,UK-12-527,"Cheese, processed, plain",1,tbsp
fba2b27a-cedb-4545-b964-08312c1e9cca,ASC378,G008,"Chillies, green - all varieties (Capsicum annum)",3.33,g
fba6cc25-b2ec-4841-bcdc-0a5eb2409d17,ASC255,D043,"Cucumber, green, elongate (Cucumis sativus)",30,g
fba861ce-8282-4727-9ad1-2e9f298e970c,ASC251,UK-17-045,"Oil, sunflower",1,tsp
fbb6531c-f881-4f79-ad5c-2a9112216903,BFP389,ANN-ING-0006,KEWRA ESSENCE,0.5,tsp
fbb8f821-d0a8-446f-8a1b-3e18205f8f35,BFP172,G008,"Chillies, green - all varieties (Capsicum annum)",3.33,g
fbb96fbf-7f80-4074-9e9c-24ff211be202,BFP240,G017,"Onion, big (Allium cepa)",30,g
fbbb824f-5bf3-419c-b16d-a93508d46a27,OSR053,G012,"Garlic, small clove (Allium sativum)",5,g
fbcfd271-304a-4579-90fa-f9ab3cc40d5c,BFP601,UK-17-367,Salt,35,g
fbd8b88d-90a1-433d-9b33-eacb56e8907f,ASC380,UK-11-1145,"Bread, white, average",15,g
fbd96603-6ca2-4f3c-a2be-6bafebcec471,BFP460,G010,Curry leaves (Murraya koenigii),1,sprig
fbdb3a59-760d-4c0c-8804-e600292b1e0c,OSR108,E033,"Lemon, juice (Citrus limon)",1,tsp
fbdd5824-ea00-45d2-b2e7-d1ccecbe8e27,ASC207,UK-17-367,Salt,0.25,tsp
fbe52079-316b-426b-a33c-278794a22044,BFP174,UK-13-873,Chilli powder,0.125,tsp
fbedc616-3b1c-4445-b99d-729c42c9fe3d,BFP427,G025,Cumin seeds (Cuminum cyminum),0.125,tsp
fbf637f7-bfa7-407b-bdca-7b6d2b3f13c0,ASC304,UK-17-063,"Sugar, white",30,g
fbf6fa71-054f-4227-80b4-394ffc2c94fb,BFP087,M003,"Egg, poultry, yolk, raw",10,g
fc0d5ad1-a690-420b-ac0f-427ff2b0fc52,BFP425,A018,"Wheat flour, refined (Triticum aestivum)",2,tsp
fc0e67d7-5969-46af-aaee-5a3f43d42106,ASC364,G031,"Pepper, black (Piper nigrum)",2,g
fc10b9e6-1b34-4638-96dc-a4ad529e178f,BFP326,E009,"Banana, ripe, montham (Musa x paradisiaca)",50,g
fc16534d-68a6-4c0d-9af1-d71ab97ac593,OSR009,E019,"Dates, processed (Phoenix dactylifera)",54,g
fc167ca2-c7c3-4d3a-8daa-35865839696e,ASC383,UK-17-377,"Water, distilled",3,tbsp
fc189737-3dd1-4646-b7f1-dd546ebaae31,BFP076,C028,Parsley (Petroselinum crispum),1,sprig
fc1aa53c-243a-429e-bc80-89c20349ea4d,ASC291,L002,"Milk, whole, Cow",250,g
fc2dc6db-2ee1-4d74-9a36-817772943f44,ASC314,UK-14-130,"Lemons, flesh only, raw, weighed with peel and pips",17.5,g
fc2e2a97-083a-4704-91c2-28f7d729b0b5,BFP159,UK-17-063,"Sugar, white",0.5,tsp
fc2fb7e9-d1b6-48d9-992a-c1bb38931d42,ASC359,UK-13-873,Chilli powder,0.125,tsp
fc30705b-e7d3-4e74-8577-b19de547efe4,ASC186,UK-17-367,Salt,0.5,tsp
fc32b9a2-4788-448f-a9b6-d0e04ca49b95,BFP226,F006,"Potato, brown skin, big (Solanum tuberosum)",50,g
fc337970-06a8-48ea-b5c0-648bbb8c72be,ASC426,E063,Strawberry (Fragaria x ananassa),100,g
fc3670c5-ea2e-4781-9d35-eae9ebd9dcf0,ASC152,UK-17-045,"Oil, sunflower",2,tsp
fc373260-e3a8-4574-b944-030fd6fc6fff,BFP024,UK-14-130,"Lemons, flesh only, raw, weighed with peel and pips",15,g
fc456a76-68c0-4c58-8b74-edf4678558f5,ASC137,G008,"Chillies, green - all varieties (Capsicum annum)",3.33,g
fc495b2c-7a15-4bb2-b10f-b0426cfde241,ASC206,G014,"Ginger, fresh (Zingiber officinale)",5,g
fc49f5f4-2d3d-45b4-af3b-86778efc40d0,ASC249,UK-13-873,Chilli powder,0.25,tsp
fc4ac871-5b0c-4de5-8c53-9ad1bbeb8034,OSR093,C033,Spinach (Spinacia oleracea),30,g
fc51d441-e634-48d5-9044-45fe5cbbfdd3,ASC267,UK-17-045,"Oil, sunflower",60,ml
fc686fea-30fb-4614-9f9a-92d378fdb4df,BFP453,G012,"Garlic, small clove (Allium sativum)",1.25,g
fc6a8f35-c88b-477d-a002-e329d3e2d54b,ASC296,UK-17-640,"Ghee, butter",1.5,tsp
fc71852f-448a-48c3-8dc3-6da9341ea1d6,BFP132,G010,Curry leaves (Murraya koenigii),1,sprig
fc75dd17-0499-4a4d-afa2-74d3954d07d5,OSR147,G031,"Pepper, black (Piper nigrum)",0.3,tsp
fc79936f-b53e-43e7-b738-c9eb7d7a1fe8,ASC277,UK-13-873,Chilli powder,0.25,tsp
fc79af21-bae1-44cc-ac60-ee5cbb323285,ASC226,UK-17-367,Salt,0.5,tsp
fc7ea150-fe9a-4410-bbb5-6f1abf5c5f34,OSR010,G020,"Cardamom, green (Elettaria cardamomum)",1,tsp
fc833e01-a8a7-4af5-a7bb-29f0cbff6b27,BFP457,C025,Lettuce (Lactuca sativa),24,g
fc84d559-5ca7-4a0e-8b6a-66a1b79a1ecc,OSR042,UK-17-355,Baking powder,1,tsp
fc877b04-3d15-440d-90f3-7c49dbcc03ec,OSR075,UK-17-377,"Water, distilled",0.5,C
fc89145c-7135-4bca-859d-d67256eca8fd,BFP393,A018,"Wheat flour, refined (Triticum aestivum)",0.5,tbsp
fc8caf83-b2c2-4182-886a-6e07d81191d7,BFP275,UK-17-045,"Oil, sunflower",10,g
fc8d4d3e-8136-4a9e-a841-ad642df3fd83,ASC153,G017,"Onion, big (Allium cepa)",30,g
fc95d412-33fe-481c-b0b6-716557f8cee4,ASC001,L002,"Milk, whole, Cow",50,ml
fc9fb0ba-b2b2-4021-b19b-14c76f9ea899,ASC283,UK-17-063,"Sugar, white",1.5,tbsp
fca1a7d4-50bf-4567-8e30-e130df99f1e3,OSR039,UK-17-063,"Sugar, white",800,g
fca6131f-9b17-4b34-b365-ebf9673408aa,ASC061,UK-17-367,Salt,0.25,tsp
fcaae3d6-2887-4901-b20d-444e0f9445d4,BFP457,UK-12-527,"Cheese, processed, plain",10,g
fcac0861-71f4-4fa6-97d9-29dad48014a1,ASC153,UK-17-045,"Oil, sunflower",2,tsp
fcac385f-e13e-4dbb-9f17-dab32b10dd78,BFP004,G025,Cumin seeds (Cuminum cyminum),10,g
fcb1af96-58e1-4fbe-8bec-435f9d122ab1,BFP004,G024,Coriander seeds (Coriandrum sativum),50,g
fcb45afd-6b62-4ffb-81a8-7346e83fde75,BFP166,G008,"Chillies, green - all varieties (Capsicum annum)",3.33,g
fcc234f2-5f46-4612-83d7-2d797cb4aee9,ASC231,UK-13-832,"Ginger, ground",0.25,tsp
fcce2511-5a68-4f3b-b3d9-667f84400e56,ASC498,UK-17-377,"Water, distilled",1000,g
fcce447f-d992-4f42-a038-6363cdf90549,ASC480,D075,"Tomato, ripe, hybrid (Solanum lycopersicum)",50,g
fccf8eb9-ede6-4b35-86c6-dabcdeea5bd1,ASC412,L002,"Milk, whole, Cow",1,tsp
fcd452a8-afbc-4d02-adfc-8b7fd64f8249,OSR077,D075,"Tomato, ripe, hybrid (Solanum lycopersicum)",150,g
fcd813e1-2c09-4ca0-8685-a9d513952932,ASC361,UK-17-377,"Water, distilled",3,tbsp
fcda8e41-222f-4205-9041-79f700006230,BFP605,UK-17-367,Salt,0.5,tsp
fcda93e7-6de5-4e68-8e73-294f8cb181b8,OSR045,UK-17-661,"Butter, unsalted",113.5,g
fcdec99e-1d12-4275-8bb8-7b5a49385075,ASC167,D056,Ladies finger (Abelmoschus esculentus),30,g
fce1dcd5-19b3-4b54-a6ad-49a2bc7c42b9,BFP137,G023,Cloves (Syzygium aromaticum),0.25,tsp
fcea1d8a-4c24-4b7a-9368-88c1865f8afb,BFP258,G033,Turmeric powder (Curcuma domestica),0.25,tsp
fcf827e1-c651-48ff-a2e6-939439c97a5c,BFP541,UK-17-377,"Water, distilled",20,ml
fcf88452-e0d4-4b58-bb9a-ed90cd57d39a,ASC012,UK-14-130,"Lemons, flesh only, raw, weighed with peel and pips",17.5,g
fd0776e2-5599-4b09-9a64-fb1a13a26562,ASC065,D036,Cauliflower (Brassica oleracea var. botrytis),50,g
fd146dc4-f274-44f3-b555-0f52a18a87fb,BFP573,G017,"Onion, big (Allium cepa)",25,g
fd27e9ea-5745-4fb1-881a-9363e3661a0d,BFP222,UK-17-367,Salt,0.17,tsp
fd282f8e-ad73-4715-a8f3-f3b3fcbe7324,OSR073,UK-17-038,"Oil, olive",2,tbsp
fd353c83-cdba-45d5-861a-3576bb9c2257,BFP496,UK-17-355,Baking powder,0.25,tsp
fd372959-9dac-40ad-a8bd-101aadc0e307,ASC161,G014,"Ginger, fresh (Zingiber officinale)",3.17,g
fd48d356-c08f-44ce-8275-d6483effe559,ASC423,ANN-ING-0015,Banana flavour,0.5,tsp
fd496eb7-d5e5-41ed-9c8b-2f8d80052f9f,OSR129,G025,Cumin seeds (Cuminum cyminum),1.5,tsp
fd4ab86f-b76e-4ed6-868b-13dd6c238648,BFP161,UK-17-661,"Butter, unsalted",15,g
fd4f4e53-93f2-43ff-ac2e-689881cd1a04,ASC357,UK-17-367,Salt,0.25,tsp
fd50cba1-ac52-45bb-8dda-8c6f5ec9a972,ASC349,UK-17-063,"Sugar, white",90,g
fd5bd389-eb0b-4981-aef1-ce9f04630bb2,ASC139,D037,Celery stalk (Apium graveolens),17,g
fd64df52-afe3-4646-8713-3d3592f91a96,BFP177,UK-17-367,Salt,0.5,tsp
fd64ea84-0c07-420f-93e0-1fdac4124dc9,OSR128,UK-13-881,"Pepper, white",0.5,tsp
fd6526f2-9472-41bd-a739-78cea2b0a49d,ASC099,UK-17-367,Salt,0.13,tsp
fd6641e9-c1c7-4d3a-b8a7-c439cc35c46d,OSR142,G033,Turmeric powder (Curcuma domestica),0.25,tsp
fd6fc50b-1e86-40a2-a82f-88d38e1ba241,BFP015,UK-12-508,"Ice cream, dairy, vanilla, soft scoop",30,g
fd708701-fc2f-45d5-a4e3-5f4b190cae4c,BFP197,G017,"Onion, big (Allium cepa)",40,g
fd712772-f480-466c-8b81-6d0c257a779e,ASC039,UK-17-661,"Butter, unsalted",15,g
fd743fcd-1056-4b59-897b-d72a0127b98d,ASC031,G031,"Pepper, black (Piper nigrum)",0.25,tsp
fd8e41c5-b673-41e4-b9c0-3c4dbd05fc09,BFP076,UK-17-727,"Stock cubes, vegetable",240,ml
fd8f550d-2432-446e-8dc1-49feb4387bbc,BFP545,UK-17-045,"Oil, sunflower",1,tsp
fd95722e-7626-4280-ada7-9405b71fc97c,ASC448,G014,"Ginger, fresh (Zingiber officinale)",5,g
fd977dc1-7c21-453e-947c-45d31bf7ae2c,ASC041,D061,"Peas, fresh (Pisum sativum)",20,g
fd9dd3f4-ba12-40f4-a7c5-d76a66fbdac4,ASC431,M001,"Egg, poultry, whole, raw",100,g
fda195cc-1347-4d1c-97bb-4c312298b99d,ASC105,UK-13-873,Chilli powder,0.25,tsp
fda239c9-19bf-4f59-9bab-ecd100df7729,ASC474,G014,"Ginger, fresh (Zingiber officinale)",6.33,g
fdad1ed5-5c20-4d81-86bc-1303ad4765f6,OSR114,UK-13-873,Chilli powder,0.5,tsp
fdce8932-4a60-4540-b400-cd12cab295b8,ASC380,F006,"Potato, brown skin, big (Solanum tuberosum)",60,g
fdd486a2-b583-4200-a64c-cbb43ad964b2,ASC206,UK-13-829,Garam masala,0.25,tsp
fddb5d3a-6845-42c8-93dd-f238242d520c,OSR046,E033,"Lemon, juice (Citrus limon)",2,tbsp
fddcaadf-212c-4b1e-aa8a-7030fe0da989,ASC422,UK-17-355,Baking powder,1,tsp
fddcd0dd-05c9-43e6-8f44-0c526ec83f8b,BFP502,ANN-ING-0044,ALMOND ESSENCE,0.125,tsp
fde37913-002f-4abd-b0fc-45471af3e66f,ASC241,UK-17-045,"Oil, sunflower",1,tsp
fde4c769-2944-402e-bfa6-4e3eeee9b3b0,ASC361,UK-17-640,"Ghee, butter",2,tsp
fde613c2-b667-46fa-bae2-aae01f776ccf,ASC255,UK-17-654,"Mayonnaise, standard, retail",2,tbsp
fde706a1-23ae-48c9-8801-0194a04c6961,ASC318,A018,"Wheat flour, refined (Triticum aestivum)",25,g
fdea98ce-b650-4766-8c5f-6b9c474dfd05,ASC367,UK-17-045,"Oil, sunflower",480,ml
fdef99bc-4ec8-4736-98a5-bf1209e7b580,ASC381,L003,Paneer,100,g
fdf16099-9270-46c9-bfcb-885e1b306101,BFP573,G008,"Chillies, green - all varieties (Capsicum annum)",3.33,g
fdf29807-6f06-4288-b778-e82a39963053,OSR014,UK-17-640,"Ghee, butter",0.5,C
fdf54b23-c72a-4a6b-bc9b-ae0e6b76ab39,ASC148,UK-17-045,"Oil, sunflower",240,ml
fdfc0e54-02af-42a8-9689-ccbac2cd6c59,ASC453,UK-17-661,"Butter, unsalted",25,g
fdfc7fcd-3eee-4163-b000-c1d727e0e8e2,ASC095,C025,Lettuce (Lactuca sativa),10,g
fe09700a-5fb4-484a-bb55-d5a1a7440a86,ASC370,UK-17-367,Salt,0.5,tsp
fe0ae3f9-4cb9-4326-80cf-75ef79a3c812,OSR136,UK-17-045,"Oil, sunflower",2,tsp
fe219925-30c3-4337-af31-510e65969485,ASC299,A022,"Wheat, semolina (Triticum aestivum)",10,g
fe2419c5-ba0c-45c7-8403-cb6b67b98794,OSR114,UK-17-377,"Water, distilled",0.3,C
fe2b0734-7b93-4f53-92bc-b675cc26429b,BFP196,G033,Turmeric powder (Curcuma domestica),0.125,tsp
fe2f352b-1ca3-45de-9273-e6d00c6fbeb3,ASC160,B020,"Rajmah, red (Phaseolus vulgaris)",10,g
fe3d1c16-787f-426a-9504-979d699209e3,BFP172,G012,"Garlic, small clove (Allium sativum)",0.63,g
fe46684c-348d-456b-9933-d93754aae56f,ASC134,G012,"Garlic, small clove (Allium sativum)",1.25,g
fe492219-6606-4e6d-b66d-758e7771eb41,ASC204,UK-17-045,"Oil, sunflower",1,tbsp
fe57b8c2-78e3-4ad2-af7d-fcb61c50a88f,ASC310,ANN-ING-0033,Orange essence,0.25,tsp
fe5b28a3-8b7b-45d1-8fa8-6e6f91bd1716,ASC183,UK-17-045,"Oil, sunflower",2,tsp
fe5d9f8e-68c7-4bcb-9fcc-805a2819df93,ASC168,UK-12-184,"Yogurt, whole milk, plain",100,g
fe63ed70-0265-495b-aa68-dda91abec81d,OSR124,UK-17-355,Baking powder,1,tsp
fe66d209-94e9-4722-9fe8-95f8633dff08,ASC182,G012,"Garlic, small clove (Allium sativum)",0.63,g
fe6ab102-97d0-4ead-a669-3c8831a79cfe,OSR108,UK-13-873,Chilli powder,1.5,tsp
fe6e8d55-7b57-4424-a33f-fbf3d76774aa,BFP072,A018,"Wheat flour, refined (Triticum aestivum)",5,g
fe6f49ad-a9da-4ac3-b97c-8a7160a7ad8c,ASC495,UK-17-377,"Water, distilled",750,g
fe715680-f39a-417d-9dbc-bc81acac40d4,BFP031,F006,"Potato, brown skin, big (Solanum tuberosum)",200,g
fe75477f-861b-40e3-91b6-bd87a37f5497,BFP169,G010,Curry leaves (Murraya koenigii),1,sprig
fe88c50b-5277-418f-8e37-38acca83af31,BFP287,UK-17-367,Salt,0.17,tsp
fe89e782-8c15-4677-b179-447b267abdf3,BFP425,UK-17-377,"Water, distilled",30,ml
fe8a8df5-64a0-44b9-bab9-4757120765c2,ASC132,UK-17-661,"Butter, unsalted",1,tbsp
fe95c315-1954-45ca-a200-231158118783,ASC138,UK-17-627,"Sauces, Indian cook in, other",2,tbsp
fe975261-adc9-4c17-a04f-5835f9eccfdb,ASC130,UK-17-063,"Sugar, white",2,tsp
fea760c0-3bb2-491a-95e0-8c432067e32e,ASC090,C015,"Cabbage, green (Brassica oleracea var. capitata f. alba)",20,g
febb734e-b7b8-4364-b1c7-652658291be9,ASC384,UK-17-339,Vinegar,1,tsp
febc45c0-4546-4db3-91b6-50e2ae899a2f,ASC375,M001,"Egg, poultry, whole, raw",12.5,g
febd665a-2187-4551-b2f5-fddfc63ecb9b,OSR116,E033,"Lemon, juice (Citrus limon)",2,tsp
fec0dd20-8c9d-4b80-be56-b6e5ecacc403,BFP150,D036,Cauliflower (Brassica oleracea var. botrytis),75,g
fec403ed-be58-44a3-a1c2-4e4e5dfdd39f,ASC512,UK-17-063,"Sugar, white",750,g
fec67714-2c04-4a64-b672-a7116ce6b079,BFP391,UK-17-377,"Water, distilled",2,tbsp
fec7232b-d802-4c7d-ab38-4a90a5f16694,BFP072,UK-19-497,"Bacon rashers, back, raw",20,g
fec918cd-bc17-4bb5-b00a-fe14bbdd33ec,BFP157,UK-17-661,"Butter, unsalted",1,tsp
fecb4d12-b1d8-4850-baf1-e7b6406e630a,ASC225,G009,Coriander leaves (Coriandrum sativum),1,sprig
fecf3e74-490a-4b95-9e29-5234871a1749,ASC218,UK-17-045,"Oil, sunflower",480,ml
fecf8eaa-156d-4557-8b6c-5235e935b189,ASC113,A014,"Rice, parboiled, milled (Oryza sativa )",100,g
fed03f2a-13d1-47cb-b63e-5c96b73a549f,BFP326,UK-17-367,Salt,0.17,tsp
fed77289-a672-4a4f-8eb9-30019381ba7c,OSR131,UK-12-527,"Cheese, processed, plain",165,g
fed8145f-0395-42db-993b-0cc30c56e038,BFP206,G009,Coriander leaves (Coriandrum sativum),1,sprig
fee51975-84ef-45c7-8304-37b7302ce017,ASC399,UK-17-377,"Water, distilled",2.5,tsp
feeb063c-02c1-49c9-bf24-3fbd409de003,ASC318,UK-17-062,"Sugar, icing",25,g
fef3a06f-e8fb-48ad-8b23-0ea79c993acf,ASC383,UK-17-045,"Oil, sunflower",1,tsp
fef7da85-d209-4e95-9ee7-0091798644d1,ASC042,UK-17-367,Salt,0.25,tsp
fefdca13-558b-40af-8537-d5f240dc585e,BFP133,UK-17-367,Salt,0.25,tsp
ff01dd7b-33c6-42e0-bdb8-0796888d157a,OSR135,UK-17-640,"Ghee, butter",2,tbsp
ff051ac3-e6d7-4938-b228-f869e9b8c425,ASC511,UK-17-367,Salt,100,g
ff0b2daa-cf09-45f6-84c5-cd3ba445ca18,ASC371,B001,"Bengal gram, dal (Cicer arietinum)",20,g
ff161e6e-f69f-46dc-8f81-ddf366eb899f,ASC134,UK-17-367,Salt,0.5,tsp
ff17cfe6-05c4-45e3-8180-50a0c29dcc3d,ASC486,C033,Spinach (Spinacia oleracea),30,g
ff1a3911-eb21-49af-b3d3-249fd63d0516,ASC230,UK-11-1145,"Bread, white, average",15,g
ff1a54e8-66b5-4838-91a3-3ddcba8d8fc3,ASC008,UK-17-367,Salt,0.25,tsp
ff220874-53dd-43e5-92c4-7ad1984012d5,ASC220,UK-17-045,"Oil, sunflower",2,tbsp
ff2285c7-5ce1-40bb-a15c-dc79d45fab43,ASC369,UK-13-829,Garam masala,0.25,tsp
ff26404c-ca82-4bf9-a85b-082acbcb64a8,BFP293,G031,"Pepper, black (Piper nigrum)",0.125,tsp
ff365f95-f636-42b4-80b7-56cae103aa12,BFP196,G012,"Garlic, small clove (Allium sativum)",1.25,g
ff4201cc-4781-446c-8971-7d2db89133f7,ASC205,G008,"Chillies, green - all varieties (Capsicum annum)",1.67,g
ff46f6a1-5800-4329-94cd-90ad7c13ddb4,ASC115,G017,"Onion, big (Allium cepa)",50,g
ff533a98-22f7-4161-bcec-6d0eaad03015,BFP491,UK-17-062,"Sugar, icing",40,g
ff53b994-ad32-4f2a-8a76-85fbd49eaae1,ASC120,A014,"Rice, parboiled, milled (Oryza sativa )",150,g
ff5a75a2-ac36-467c-ad7c-f419e169a74e,ASC172,UK-17-367,Salt,0.5,tsp
ff67eaea-8f8d-47d9-a63b-3f95a4e53176,BFP568,H012,Ground nut (Arachis hypogea),30,g
ff69afa2-a43a-4e7a-a10f-2a86ac20e8cb,BFP468,UK-12-527,"Cheese, processed, plain",30,g
ff7ee35f-6690-4293-a220-6268da4cb1d1,BFP356,US-173471,Vanilla extract,0.5,tsp
ff80a127-af9b-404f-898a-f024d4feada2,OSR101,A024,"Wheat, vermicelli, roasted (Triticum aestivum)",352,g
ff86a3ae-9d7a-42a8-9967-1d655b839fda,BFP288,UK-17-367,Salt,0.17,tsp
ff86cd1e-38ca-4125-b01c-dde8d9a82618,OSR127,UK-17-355,Baking powder,1,tsp
ff901e63-b8e7-4ca4-98e2-ecb15d22c348,ASC231,UK-17-367,Salt,0.125,tsp
ff917fc3-1ef3-4446-b120-af87e81b3ad8,BFP601,UK-17-063,"Sugar, white",500,g
ff92c7a1-c4a0-40ca-bae8-11b35fa23ac7,ASC127,H005,Cashew nut (Anacardium occidentale),2.5,g
ff935c3d-e5a0-4c18-b56f-cab16ebf5cf7,BFP502,UK-17-355,Baking powder,0.17,tsp
ff9768ed-9334-40a1-aa74-fe499e47b0e0,ASC400,UK-17-661,"Butter, unsalted",2,tsp
ff9f6bcd-c719-4f81-997f-f1353629f168,ASC365,UK-14-130,"Lemons, flesh only, raw, weighed with peel and pips",17.5,g
ffa75a1f-39c3-4716-8673-36005ff013b2,BFP284,A018,"Wheat flour, refined (Triticum aestivum)",10,g
ffabaf50-7b49-486e-a55f-039e32aa04bc,ASC156,UK-17-377,"Water, distilled",1,C
ffad4da1-cf53-45eb-bc95-0e28919a0b48,BFP132,UK-13-873,Chilli powder,0.25,tsp
ffb793c0-4874-459c-9972-676901c83296,BFP316,G031,"Pepper, black (Piper nigrum)",0.25,tsp
ffc06dcd-6091-4c03-a1c7-653564871e6a,ASC263,E001,"Apple, big (Malus domestica)",125,g
ffc1c2cf-7200-4499-81de-f9e313165651,ASC167,B003,"Black gram, dal (Phaseolus mungo)",1,tsp
ffc54d30-bcca-4514-9889-060e21476b0e,BFP266,G008,"Chillies, green - all varieties (Capsicum annum)",3.33,g
ffcb0e7c-a70c-4773-b085-148604ab2923,ASC425,UK-17-062,"Sugar, icing",125,g
ffd93276-3283-48b6-8ca3-3621109863bd,BFP196,G024,Coriander seeds (Coriandrum sativum),0.5,tsp
ffdd2dd1-f787-439e-9a9f-0979cb8aba0f,BFP220,UK-17-367,Salt,0.17,tsp
ffe088bb-4088-4c6b-bc8c-f307feb60ad2,ASC064,M001,"Egg, poultry, whole, raw",16.6,g
ffe7879b-e80e-41c5-8944-ff9c164b0291,ASC155,UK-13-829,Garam masala,0.25,tsp
fff1eef4-6554-4d6d-8abb-45037db60f8f,BFP143,G017,"Onion, big (Allium cepa)",20,g
fff89db8-638c-4abd-86e7-72ed9a091658,BFP364,UK-14-197,"Pears, canned in juice, whole contents",80,g
fffced07-66b9-40b1-9008-d647ffc9efc9,ASC448,UK-17-377,"Water, distilled",1,tsp
fffd958c-2043-4455-a1e1-0306265951fc,BFP194,G014,"Ginger, fresh (Zingiber officinale)",10,g
